2026-01-30 14:45:48 [warning  ] insecure_secret_key            message='You are using the default secret key. This is insecure and should not be used in production.'
2026-01-30 14:45:48 [warning  ] insecure_allowed_hosts         message='You are using a wildcard ALLOWED_HOSTS. This is insecure and should not be used in production.'
2026-01-30 19:45:48 [warning  ] insecure_secret_key            message='You are using the default secret key. This is insecure and should not be used in production.'
2026-01-30 19:45:48 [warning  ] insecure_allowed_hosts         message='You are using a wildcard ALLOWED_HOSTS. This is insecure and should not be used in production.'
Watching for file changes with StatReloader
INFO 2026-01-30 19:45:49 Watching for file changes with StatReloader
DEBUG 2026-01-30 19:45:49 Not in REPL -> leaving logger event level as is.
Error: That port is already in use.
================================================================================
CodePost Configuration:
CodePost API running on http://localhost:8000
CodePost Client running on http://localhost:3000
CodePost API running in debug mode
CodePost API Admins are LCSR Codepost Team <mk1800@rutgers.edu>
================================================================================
Celery Configuration:
  Broker URL: redis://localhost:6379
  Default Queue: prod-celery
  Result Backend: django-db
  Autograder Auto Execute: True
================================================================================
Database Configuration:
  Database Engine: django.db.backends.sqlite3
  Database Name: /staff/users/mk1800/Development/codePost-api/db.sqlite3
  Database Host: N/A
  Database Port: N/A
  Database User: N/A
================================================================================
EMAIL Configuration:
  EMAIL_HOST: mx.farside.rutgers.edu
  EMAIL_PORT: 25
  TLS: True SSL: False
  DEFAULT_EMAIL_FROM: codepost@cs.rutgers.edu
================================================================================
================================================================================
API Documentation info:
API Documentation URL: http://localhost:8000/api/schema/
API Documentation YAML: http://localhost:8000/api/schema/yaml/[30/Jan/2026 19:45:57] "GET /assignments/46/rubric/ HTTP/1.1" 200 2805
[30/Jan/2026 19:46:12] "GET /assignments/46/rubric/ HTTP/1.1" 200 2805
[30/Jan/2026 19:46:27] "GET /assignments/46/rubric/ HTTP/1.1" 200 2805
[30/Jan/2026 19:46:42] "GET /assignments/46/rubric/ HTTP/1.1" 200 2805
[30/Jan/2026 19:46:57] "GET /assignments/46/rubric/ HTTP/1.1" 200 2805
[30/Jan/2026 19:47:12] "GET /assignments/46/rubric/ HTTP/1.1" 200 2805
[30/Jan/2026 19:47:28] "GET /assignments/46/rubric/ HTTP/1.1" 200 2805
Unauthorized: /assignments/85/rubric/
WARNING 2026-01-30 19:47:31 Unauthorized: /assignments/85/rubric/
[30/Jan/2026 19:47:31] "GET /assignments/85/rubric/ HTTP/1.1" 401 255
Unauthorized: /assignments/85/rubric/
WARNING 2026-01-30 19:47:32 Unauthorized: /assignments/85/rubric/
Unauthorized: /assignments/85/rubric/
WARNING 2026-01-30 19:47:32 Unauthorized: /assignments/85/rubric/
[30/Jan/2026 19:47:32] "GET /assignments/85/rubric/ HTTP/1.1" 401 255
[30/Jan/2026 19:47:32] "GET /assignments/85/rubric/ HTTP/1.1" 401 255
Unauthorized: /assignments/85/rubric/
WARNING 2026-01-30 19:47:32 Unauthorized: /assignments/85/rubric/
[30/Jan/2026 19:47:32] "GET /assignments/85/rubric/ HTTP/1.1" 401 255
Unauthorized: /assignments/85/queueLength/
WARNING 2026-01-30 19:47:36 Unauthorized: /assignments/85/queueLength/
Unauthorized: /assignments/85/submissions/
WARNING 2026-01-30 19:47:36 Unauthorized: /assignments/85/submissions/
[30/Jan/2026 19:47:36] "GET /assignments/85/queueLength/? HTTP/1.1" 401 255
[30/Jan/2026 19:47:36] "GET /assignments/85/submissions/?grader=admin@example.com&compact=1 HTTP/1.1" 401 107
[30/Jan/2026 19:47:43] "GET /assignments/46/rubric/ HTTP/1.1" 200 2805
[30/Jan/2026 19:47:58] "GET /assignments/46/rubric/ HTTP/1.1" 200 2805
[30/Jan/2026 19:48:08] "GET /auth/sso/check/?email=admin HTTP/1.1" 200 22
[30/Jan/2026 19:48:11] "OPTIONS /token-auth/ HTTP/1.1" 200 0
[30/Jan/2026 19:48:11] "POST /token-auth/ HTTP/1.1" 200 3506
[30/Jan/2026 19:48:12] "GET /submissions/111/checkPermission/ HTTP/1.1" 200 44
[30/Jan/2026 19:48:12] "GET /submissions/111/checkPermission/ HTTP/1.1" 200 44
[30/Jan/2026 19:48:13] "GET /submissions/111/ HTTP/1.1" 200 54123
[30/Jan/2026 19:48:13] "GET /submissions/111/ HTTP/1.1" 200 54123
[30/Jan/2026 19:48:13] "GET /assignments/46/ HTTP/1.1" 200 1160
[30/Jan/2026 19:48:13] "GET /comments/271/ HTTP/1.1" 200 195
[30/Jan/2026 19:48:13] "GET /comments/270/ HTTP/1.1" 200 394
[30/Jan/2026 19:48:13] "GET /assignments/46/rubric/ HTTP/1.1" 200 2805
[30/Jan/2026 19:48:13] "GET /assignments/46/ HTTP/1.1" 200 1160
[30/Jan/2026 19:48:13] "GET /assignments/46/rubric/ HTTP/1.1" 200 2805
[30/Jan/2026 19:48:13] "GET /comments/268/ HTTP/1.1" 200 478
[30/Jan/2026 19:48:13] "GET /comments/268/ HTTP/1.1" 200 478
[30/Jan/2026 19:48:13] "GET /comments/271/ HTTP/1.1" 200 195
[30/Jan/2026 19:48:13] "GET /comments/270/ HTTP/1.1" 200 394
[30/Jan/2026 19:48:13] "GET /courses/32/ HTTP/1.1" 200 622
================================================================================
CodePost Configuration:
CodePost API running on http://localhost:8000
CodePost Client running on http://localhost:3000
CodePost API running in debug mode
CodePost API Admins are LCSR Codepost Team <mk1800@rutgers.edu>
================================================================================
Celery Configuration:
  Broker URL: redis://localhost:6379
  Default Queue: prod-celery
  Result Backend: django-db
  Autograder Auto Execute: True
================================================================================
Database Configuration:
  Database Engine: django.db.backends.sqlite3
  Database Name: /staff/users/mk1800/Development/codePost-api/db.sqlite3
  Database Host: N/A
  Database Port: N/A
  Database User: N/A
================================================================================
EMAIL Configuration:
  EMAIL_HOST: mx.farside.rutgers.edu
  EMAIL_PORT: 25
  TLS: True SSL: False
  DEFAULT_EMAIL_FROM: codepost@cs.rutgers.edu
================================================================================
================================================================================
API Documentation info:
API Documentation URL: http://localhost:8000/api/schema/
API Documentation YAML: http://localhost:8000/api/schema/yaml/
================================================================================

Django settings loaded successfully.


 ██████╗ ██████╗ ██████╗ ███████╗██████╗  ██████╗ ███████╗████████╗
██╔════╝██╔═══██╗██╔══██╗██╔════╝██╔══██╗██╔═══██╗██╔════╝╚══██╔══╝
██║     ██║   ██║██║  ██║█████╗  ██████╔╝██║   ██║███████╗   ██║   
██║     ██║   ██║██║  ██║██╔══╝  ██╔═══╝ ██║   ██║╚════██║   ██║   
╚██████╗╚██████╔╝██████╔╝███████╗██║     ╚██████╔╝███████║   ██║   
 ╚═════╝ ╚═════╝ ╚═════╝ ╚══════╝╚═╝      ╚═════╝ ╚══════╝   ╚═╝   

Welcome to CodePost!      
      
================================================================================
Performing system checks...

System check identified no issues (0 silenced).
January 30, 2026 - 19:42:27
Django version 5.2.4, using settings 'codepost.settings'
Starting development server at http://127.0.0.1:8000/
Quit the server with CONTROL-C.

WARNING: This is a development server. Do not use it in a production setting. Use a production WSGI or ASGI server instead.
For more information on production servers see: https://docs.djangoproject.com/en/5.2/howto/deployment/
{"event": "FilePermissions: Checking permissions for File object (209) of type <class 'core.models.AssignmentFile'>", "timestamp": "2026-01-30T19:48:13.379347Z"}
{"event": "FilePermissions: Checking permissions for File object (211) of type <class 'core.models.AssignmentFile'>", "timestamp": "2026-01-30T19:48:13.379869Z"}
{"event": "FilePermissions: Checking permissions for File object (686) of type <class 'core.models.AssignmentFile'>", "timestamp": "2026-01-30T19:48:13.381294Z"}
{"event": "FilePermissions: Checking permissions for File object (208) of type <class 'core.models.AssignmentFile'>", "timestamp": "2026-01-30T19:48:13.381393Z"}
{"event": "FilePermissions: Delegating to AssignmentPermissions for assignment 46", "timestamp": "2026-01-30T19:48:13.382747Z"}
{"event": "FilePermissions: Checking permissions for File object (207) of type <class 'core.models.AssignmentFile'>", "timestamp": "2026-01-30T19:48:13.382860Z"}
{"event": "FilePermissions: Delegating to AssignmentPermissions for assignment 46", "timestamp": "2026-01-30T19:48:13.385678Z"}
{"event": "FilePermissions: Delegating to AssignmentPermissions for assignment 46", "timestamp": "2026-01-30T19:48:13.387592Z"}
[30/Jan/2026 19:48:13] "GET /assignmentFiles/209/ HTTP/1.1" 200 497
{"event": "FilePermissions: Delegating to AssignmentPermissions for assignment 46", "timestamp": "2026-01-30T19:48:13.387921Z"}
{"event": "FilePermissions: Delegating to AssignmentPermissions for assignment 46", "timestamp": "2026-01-30T19:48:13.390808Z"}
[30/Jan/2026 19:48:13] "GET /assignmentFiles/211/ HTTP/1.1" 200 5378
[30/Jan/2026 19:48:13] "GET /assignmentFiles/208/ HTTP/1.1" 200 6697
[30/Jan/2026 19:48:13] "GET /assignmentFiles/686/ HTTP/1.1" 200 6097
[30/Jan/2026 19:48:13] "GET /assignmentFiles/207/ HTTP/1.1" 200 41043
{"event": "FilePermissions: Checking permissions for File object (687) of type <class 'core.models.AssignmentFile'>", "timestamp": "2026-01-30T19:48:13.395800Z"}
{"event": "FilePermissions: Delegating to AssignmentPermissions for assignment 46", "timestamp": "2026-01-30T19:48:13.397053Z"}
[30/Jan/2026 19:48:13] "GET /assignmentFiles/687/ HTTP/1.1" 200 6097
{"event": "FilePermissions: Checking permissions for File object (689) of type <class 'core.models.AssignmentFile'>", "timestamp": "2026-01-30T19:48:13.449966Z"}
{"event": "FilePermissions: Checking permissions for File object (688) of type <class 'core.models.AssignmentFile'>", "timestamp": "2026-01-30T19:48:13.450573Z"}
{"event": "FilePermissions: Delegating to AssignmentPermissions for assignment 46", "timestamp": "2026-01-30T19:48:13.454607Z"}
{"event": "FilePermissions: Delegating to AssignmentPermissions for assignment 46", "timestamp": "2026-01-30T19:48:13.455811Z"}
[30/Jan/2026 19:48:13] "GET /assignmentFiles/689/ HTTP/1.1" 200 6097
[30/Jan/2026 19:48:13] "GET /assignmentFiles/688/ HTTP/1.1" 200 6097
[30/Jan/2026 19:48:13] "GET /courses/32/ HTTP/1.1" 200 622
{"event": "FilePermissions: Checking permissions for File object (207) of type <class 'core.models.AssignmentFile'>", "timestamp": "2026-01-30T19:48:13.481775Z"}
{"event": "FilePermissions: Checking permissions for File object (211) of type <class 'core.models.AssignmentFile'>", "timestamp": "2026-01-30T19:48:13.482523Z"}
{"event": "FilePermissions: Checking permissions for File object (208) of type <class 'core.models.AssignmentFile'>", "timestamp": "2026-01-30T19:48:13.482936Z"}
{"event": "FilePermissions: Checking permissions for File object (209) of type <class 'core.models.AssignmentFile'>", "timestamp": "2026-01-30T19:48:13.483081Z"}
{"event": "FilePermissions: Delegating to AssignmentPermissions for assignment 46", "timestamp": "2026-01-30T19:48:13.485680Z"}
{"event": "FilePermissions: Delegating to AssignmentPermissions for assignment 46", "timestamp": "2026-01-30T19:48:13.485835Z"}
{"event": "FilePermissions: Delegating to AssignmentPermissions for assignment 46", "timestamp": "2026-01-30T19:48:13.486878Z"}
{"event": "FilePermissions: Delegating to AssignmentPermissions for assignment 46", "timestamp": "2026-01-30T19:48:13.487412Z"}
[30/Jan/2026 19:48:13] "GET /assignmentFiles/207/ HTTP/1.1" 200 41043
[30/Jan/2026 19:48:13] "GET /assignmentFiles/211/ HTTP/1.1" 200 5378
[30/Jan/2026 19:48:13] "GET /assignmentFiles/209/ HTTP/1.1" 200 497
[30/Jan/2026 19:48:13] "GET /assignmentFiles/208/ HTTP/1.1" 200 6697
{"event": "FilePermissions: Checking permissions for File object (686) of type <class 'core.models.AssignmentFile'>", "timestamp": "2026-01-30T19:48:13.501400Z"}
{"event": "FilePermissions: Delegating to AssignmentPermissions for assignment 46", "timestamp": "2026-01-30T19:48:13.502450Z"}
[30/Jan/2026 19:48:13] "GET /assignmentFiles/686/ HTTP/1.1" 200 6097
{"event": "FilePermissions: Checking permissions for File object (687) of type <class 'core.models.AssignmentFile'>", "timestamp": "2026-01-30T19:48:13.510674Z"}
{"event": "FilePermissions: Delegating to AssignmentPermissions for assignment 46", "timestamp": "2026-01-30T19:48:13.511694Z"}
[30/Jan/2026 19:48:13] "GET /assignmentFiles/687/ HTTP/1.1" 200 6097
{"event": "FilePermissions: Checking permissions for File object (689) of type <class 'core.models.AssignmentFile'>", "timestamp": "2026-01-30T19:48:13.515541Z"}
{"event": "FilePermissions: Delegating to AssignmentPermissions for assignment 46", "timestamp": "2026-01-30T19:48:13.516647Z"}
[30/Jan/2026 19:48:13] "GET /assignmentFiles/689/ HTTP/1.1" 200 6097
{"event": "FilePermissions: Checking permissions for File object (688) of type <class 'core.models.AssignmentFile'>", "timestamp": "2026-01-30T19:48:13.554813Z"}
{"event": "FilePermissions: Delegating to AssignmentPermissions for assignment 46", "timestamp": "2026-01-30T19:48:13.556743Z"}
[30/Jan/2026 19:48:13] "GET /assignmentFiles/688/ HTTP/1.1" 200 6097
[30/Jan/2026 19:48:13] "GET /courses/32/roster/ HTTP/1.1" 200 4492
[30/Jan/2026 19:48:13] "OPTIONS /submissionTests/18/ HTTP/1.1" 200 0
[30/Jan/2026 19:48:13] "OPTIONS /submissionTests/17/ HTTP/1.1" 200 0
[30/Jan/2026 19:48:13] "OPTIONS /submissionTests/16/ HTTP/1.1" 200 0
[30/Jan/2026 19:48:13] "OPTIONS /submissionTests/19/ HTTP/1.1" 200 0
[30/Jan/2026 19:48:13] "OPTIONS /submissionTests/20/ HTTP/1.1" 200 0
[30/Jan/2026 19:48:13] "GET /courses/32/roster/ HTTP/1.1" 200 4492
[30/Jan/2026 19:48:13] "OPTIONS /submissionTests/21/ HTTP/1.1" 200 0
[30/Jan/2026 19:48:13] "OPTIONS /submissionTests/23/ HTTP/1.1" 200 0
[30/Jan/2026 19:48:13] "OPTIONS /submissionTests/24/ HTTP/1.1" 200 0
[30/Jan/2026 19:48:13] "OPTIONS /submissionTests/22/ HTTP/1.1" 200 0
[30/Jan/2026 19:48:13] "GET /submissionTests/25/ HTTP/1.1" 200 1012
[30/Jan/2026 19:48:13] "GET /submissionTests/26/ HTTP/1.1" 200 545
[30/Jan/2026 19:48:13] "GET /submissionTests/30/ HTTP/1.1" 200 384
[30/Jan/2026 19:48:13] "GET /submissionTests/29/ HTTP/1.1" 200 362
[30/Jan/2026 19:48:13] "GET /submissionTests/27/ HTTP/1.1" 200 370
[30/Jan/2026 19:48:13] "GET /submissionTests/28/ HTTP/1.1" 200 349
[30/Jan/2026 19:48:13] "POST /token-refresh/ HTTP/1.1" 200 339
[30/Jan/2026 19:48:13] "GET /assignments/46/rubric/ HTTP/1.1" 200 2805
[30/Jan/2026 19:48:13] "GET /submissionTests/31/ HTTP/1.1" 200 384
[30/Jan/2026 19:48:13] "GET /submissionTests/32/ HTTP/1.1" 200 358
[30/Jan/2026 19:48:13] "GET /submissionTests/20/ HTTP/1.1" 200 389
[30/Jan/2026 19:48:13] "GET /submissionTests/18/ HTTP/1.1" 200 391
[30/Jan/2026 19:48:13] "GET /submissionTests/33/ HTTP/1.1" 200 357
[30/Jan/2026 19:48:13] "GET /submissionTests/34/ HTTP/1.1" 200 370
[30/Jan/2026 19:48:13] "GET /submissionTests/17/ HTTP/1.1" 200 382
[30/Jan/2026 19:48:13] "GET /submissionTests/19/ HTTP/1.1" 200 386
[30/Jan/2026 19:48:13] "OPTIONS /submissionTests/21/ HTTP/1.1" 200 0
[30/Jan/2026 19:48:13] "OPTIONS /submissionTests/22/ HTTP/1.1" 200 0
[30/Jan/2026 19:48:13] "OPTIONS /submissionTests/23/ HTTP/1.1" 200 0
[30/Jan/2026 19:48:13] "OPTIONS /submissionTests/24/ HTTP/1.1" 200 0
[30/Jan/2026 19:48:13] "GET /submissionTests/16/ HTTP/1.1" 200 375
[30/Jan/2026 19:48:13] "GET /submissionTests/23/ HTTP/1.1" 200 390
[30/Jan/2026 19:48:13] "GET /submissionTests/24/ HTTP/1.1" 200 407
[30/Jan/2026 19:48:13] "GET /submissionTests/22/ HTTP/1.1" 200 382
[30/Jan/2026 19:48:13] "GET /submissionTests/21/ HTTP/1.1" 200 403
[30/Jan/2026 19:48:13] "GET /submissionTests/26/ HTTP/1.1" 200 545
[30/Jan/2026 19:48:13] "GET /submissionTests/25/ HTTP/1.1" 200 1012
[30/Jan/2026 19:48:13] "GET /submissionTests/27/ HTTP/1.1" 200 370
[30/Jan/2026 19:48:13] "GET /submissionTests/28/ HTTP/1.1" 200 349
[30/Jan/2026 19:48:13] "GET /submissionTests/29/ HTTP/1.1" 200 362
[30/Jan/2026 19:48:13] "GET /submissionTests/30/ HTTP/1.1" 200 384
[30/Jan/2026 19:48:14] "GET /submissionTests/31/ HTTP/1.1" 200 384
[30/Jan/2026 19:48:14] "GET /submissionTests/32/ HTTP/1.1" 200 358
[30/Jan/2026 19:48:14] "GET /submissionTests/33/ HTTP/1.1" 200 357
[30/Jan/2026 19:48:14] "GET /submissionTests/18/ HTTP/1.1" 200 391
[30/Jan/2026 19:48:14] "GET /submissionTests/20/ HTTP/1.1" 200 389
[30/Jan/2026 19:48:14] "GET /submissionTests/34/ HTTP/1.1" 200 370
[30/Jan/2026 19:48:14] "GET /submissionTests/17/ HTTP/1.1" 200 382
[30/Jan/2026 19:48:14] "GET /submissionTests/19/ HTTP/1.1" 200 386
[30/Jan/2026 19:48:14] "GET /submissionTests/16/ HTTP/1.1" 200 375
[30/Jan/2026 19:48:14] "GET /submissionTests/23/ HTTP/1.1" 200 390
[30/Jan/2026 19:48:14] "GET /submissionTests/24/ HTTP/1.1" 200 407
[30/Jan/2026 19:48:14] "GET /submissionTests/22/ HTTP/1.1" 200 382
[30/Jan/2026 19:48:14] "GET /submissionTests/21/ HTTP/1.1" 200 403
[30/Jan/2026 19:48:14] "GET /assignments/46/ HTTP/1.1" 200 1160
[30/Jan/2026 19:48:14] "OPTIONS /testCategories/25/ HTTP/1.1" 200 0
[30/Jan/2026 19:48:14] "GET /testCategories/26/ HTTP/1.1" 200 1630
[30/Jan/2026 19:48:14] "GET /testCategories/27/ HTTP/1.1" 200 4807
[30/Jan/2026 19:48:14] "GET /assignments/46/ HTTP/1.1" 200 1160
[30/Jan/2026 19:48:14] "GET /testCategories/25/ HTTP/1.1" 200 13948
[30/Jan/2026 19:48:14] "GET /testCategories/27/ HTTP/1.1" 200 4807
[30/Jan/2026 19:48:14] "GET /testCategories/26/ HTTP/1.1" 200 1630
[30/Jan/2026 19:48:14] "OPTIONS /testCases/20/ HTTP/1.1" 200 0
[30/Jan/2026 19:48:14] "OPTIONS /testCases/22/ HTTP/1.1" 200 0
[30/Jan/2026 19:48:14] "OPTIONS /testCases/21/ HTTP/1.1" 200 0
[30/Jan/2026 19:48:14] "OPTIONS /testCases/23/ HTTP/1.1" 200 0
[30/Jan/2026 19:48:14] "GET /testCategories/25/ HTTP/1.1" 200 13948
[30/Jan/2026 19:48:14] "OPTIONS /testCases/24/ HTTP/1.1" 200 0
[30/Jan/2026 19:48:14] "OPTIONS /testCases/26/ HTTP/1.1" 200 0
[30/Jan/2026 19:48:14] "OPTIONS /testCases/25/ HTTP/1.1" 200 0
[30/Jan/2026 19:48:14] "OPTIONS /testCases/27/ HTTP/1.1" 200 0
[30/Jan/2026 19:48:14] "OPTIONS /testCases/28/ HTTP/1.1" 200 0
[30/Jan/2026 19:48:14] "GET /testCases/30/ HTTP/1.1" 200 414
[30/Jan/2026 19:48:14] "GET /testCases/29/ HTTP/1.1" 200 413
[30/Jan/2026 19:48:14] "GET /testCases/31/ HTTP/1.1" 200 398
[30/Jan/2026 19:48:14] "GET /testCases/32/ HTTP/1.1" 200 377
[30/Jan/2026 19:48:14] "GET /testCases/33/ HTTP/1.1" 200 390
[30/Jan/2026 19:48:14] "GET /testCases/34/ HTTP/1.1" 200 412
[30/Jan/2026 19:48:14] "GET /testCases/35/ HTTP/1.1" 200 412
[30/Jan/2026 19:48:14] "GET /testCases/36/ HTTP/1.1" 200 386
[30/Jan/2026 19:48:14] "GET /testCases/37/ HTTP/1.1" 200 385
[30/Jan/2026 19:48:14] "GET /testCases/38/ HTTP/1.1" 200 398
[30/Jan/2026 19:48:14] "GET /testCases/22/ HTTP/1.1" 200 419
[30/Jan/2026 19:48:14] "GET /testCases/21/ HTTP/1.1" 200 410
[30/Jan/2026 19:48:14] "GET /testCases/23/ HTTP/1.1" 200 414
[30/Jan/2026 19:48:14] "OPTIONS /testCases/26/ HTTP/1.1" 200 0
[30/Jan/2026 19:48:14] "GET /testCases/20/ HTTP/1.1" 200 403
[30/Jan/2026 19:48:14] "GET /testCases/24/ HTTP/1.1" 200 417
[30/Jan/2026 19:48:14] "GET /testCases/25/ HTTP/1.1" 200 431
[30/Jan/2026 19:48:14] "OPTIONS /testCases/27/ HTTP/1.1" 200 0
[30/Jan/2026 19:48:14] "OPTIONS /testCases/28/ HTTP/1.1" 200 0
[30/Jan/2026 19:48:14] "GET /testCases/26/ HTTP/1.1" 200 410
[30/Jan/2026 19:48:14] "GET /testCases/28/ HTTP/1.1" 200 435
[30/Jan/2026 19:48:14] "GET /testCases/27/ HTTP/1.1" 200 418
[30/Jan/2026 19:48:14] "GET /testCases/30/ HTTP/1.1" 200 414
[30/Jan/2026 19:48:14] "GET /testCases/29/ HTTP/1.1" 200 413
[30/Jan/2026 19:48:14] "GET /testCases/31/ HTTP/1.1" 200 398
[30/Jan/2026 19:48:14] "GET /testCases/32/ HTTP/1.1" 200 377
[30/Jan/2026 19:48:14] "GET /testCases/33/ HTTP/1.1" 200 390
[30/Jan/2026 19:48:14] "GET /testCases/35/ HTTP/1.1" 200 412
[30/Jan/2026 19:48:14] "GET /testCases/36/ HTTP/1.1" 200 386
[30/Jan/2026 19:48:14] "GET /testCases/34/ HTTP/1.1" 200 412
[30/Jan/2026 19:48:14] "GET /testCases/37/ HTTP/1.1" 200 385
[30/Jan/2026 19:48:14] "GET /testCases/38/ HTTP/1.1" 200 398
[30/Jan/2026 19:48:14] "GET /testCases/22/ HTTP/1.1" 200 419
[30/Jan/2026 19:48:14] "GET /testCases/23/ HTTP/1.1" 200 414
[30/Jan/2026 19:48:14] "GET /testCases/20/ HTTP/1.1" 200 403
[30/Jan/2026 19:48:14] "GET /testCases/21/ HTTP/1.1" 200 410
[30/Jan/2026 19:48:14] "GET /testCases/24/ HTTP/1.1" 200 417
[30/Jan/2026 19:48:14] "GET /testCases/25/ HTTP/1.1" 200 431
[30/Jan/2026 19:48:14] "GET /testCases/26/ HTTP/1.1" 200 410
[30/Jan/2026 19:48:14] "GET /courses/32/aiSettings/ HTTP/1.1" 200 119
[30/Jan/2026 19:48:14] "GET /testCases/28/ HTTP/1.1" 200 435
[30/Jan/2026 19:48:14] "GET /testCases/27/ HTTP/1.1" 200 418
[30/Jan/2026 19:48:15] "GET /courses/32/aiSettings/ HTTP/1.1" 200 119
INFO 2026-01-30 19:48:15 [CheckExecutionCache] Request from user: admin, authenticated: True
INFO 2026-01-30 19:48:15 [CheckExecutionCache] Checking cache for file_id: 640
[30/Jan/2026 19:48:15] "GET /submissions/111/testResults/ HTTP/1.1" 200 8046
[30/Jan/2026 19:48:15] "GET /submissions/111/checkPermission/ HTTP/1.1" 200 44
INFO 2026-01-30 19:48:15 [CachedExecutionResult.get] Checking cache for file 640
INFO 2026-01-30 19:48:15 [CachedExecutionResult.get] File 640 current hash: cc18f3ee03f09c47...
[30/Jan/2026 19:48:15] "GET /commentTemplates/?assignment=46 HTTP/1.1" 200 2279
INFO 2026-01-30 19:48:15 [CachedExecutionResult.get] Cache HIT for file 640, cache ID: 462
INFO 2026-01-30 19:48:15 [CheckExecutionCache] Cache found for file 640
[30/Jan/2026 19:48:15] "GET /autograder/execute/file/cache/check/?file_id=640 HTTP/1.1" 200 119
[30/Jan/2026 19:48:15] "GET /assignments/46/rubric/ HTTP/1.1" 200 2805
INFO 2026-01-30 19:48:15 [CheckExecutionCache] Request from user: admin, authenticated: True
INFO 2026-01-30 19:48:15 [CheckExecutionCache] Checking cache for file_id: 640
INFO 2026-01-30 19:48:15 [CachedExecutionResult.get] Checking cache for file 640
INFO 2026-01-30 19:48:15 [CachedExecutionResult.get] File 640 current hash: cc18f3ee03f09c47...
[30/Jan/2026 19:48:15] "GET /commentTemplates/?assignment=46 HTTP/1.1" 200 2279
INFO 2026-01-30 19:48:15 [CachedExecutionResult.get] Cache HIT for file 640, cache ID: 462
INFO 2026-01-30 19:48:15 [CheckExecutionCache] Cache found for file 640
[30/Jan/2026 19:48:15] "GET /autograder/execute/file/cache/check/?file_id=640 HTTP/1.1" 200 119
[30/Jan/2026 19:48:15] "GET /assignments/46/rubric/ HTTP/1.1" 200 2805
[30/Jan/2026 19:48:15] "GET /assignments/46/comments/ HTTP/1.1" 200 9455
[30/Jan/2026 19:48:15] "GET /submissions/111/ HTTP/1.1" 200 54123
[30/Jan/2026 19:48:15] "GET /submissions/111/testResults/ HTTP/1.1" 200 8046
[30/Jan/2026 19:48:15] "GET /assignments/46/comments/ HTTP/1.1" 200 9455
[30/Jan/2026 19:48:15] "GET /assignments/46/rubric/ HTTP/1.1" 200 2805
[30/Jan/2026 19:48:15] "GET /assignments/46/rubric/ HTTP/1.1" 200 2805
[30/Jan/2026 19:48:15] "GET /comments/271/ HTTP/1.1" 200 195
[30/Jan/2026 19:48:15] "GET /comments/268/ HTTP/1.1" 200 478
[30/Jan/2026 19:48:15] "GET /comments/270/ HTTP/1.1" 200 394
[30/Jan/2026 19:48:15] "GET /assignments/46/rubric/ HTTP/1.1" 200 2805
[30/Jan/2026 19:48:15] "GET /assignments/46/ HTTP/1.1" 200 1160
[30/Jan/2026 19:48:16] "GET /courses/32/ HTTP/1.1" 200 622
{"event": "FilePermissions: Checking permissions for File object (211) of type <class 'core.models.AssignmentFile'>", "timestamp": "2026-01-30T19:48:16.278263Z"}
{"event": "FilePermissions: Checking permissions for File object (208) of type <class 'core.models.AssignmentFile'>", "timestamp": "2026-01-30T19:48:16.279369Z"}
{"event": "FilePermissions: Checking permissions for File object (687) of type <class 'core.models.AssignmentFile'>", "timestamp": "2026-01-30T19:48:16.281585Z"}
{"event": "FilePermissions: Delegating to AssignmentPermissions for assignment 46", "timestamp": "2026-01-30T19:48:16.282646Z"}
{"event": "FilePermissions: Checking permissions for File object (207) of type <class 'core.models.AssignmentFile'>", "timestamp": "2026-01-30T19:48:16.282748Z"}
{"event": "FilePermissions: Checking permissions for File object (686) of type <class 'core.models.AssignmentFile'>", "timestamp": "2026-01-30T19:48:16.282868Z"}
{"event": "FilePermissions: Checking permissions for File object (209) of type <class 'core.models.AssignmentFile'>", "timestamp": "2026-01-30T19:48:16.284398Z"}
{"event": "FilePermissions: Delegating to AssignmentPermissions for assignment 46", "timestamp": "2026-01-30T19:48:16.285227Z"}
[30/Jan/2026 19:48:16] "GET /assignmentFiles/211/ HTTP/1.1" 200 5378
{"event": "FilePermissions: Delegating to AssignmentPermissions for assignment 46", "timestamp": "2026-01-30T19:48:16.288156Z"}
{"event": "FilePermissions: Delegating to AssignmentPermissions for assignment 46", "timestamp": "2026-01-30T19:48:16.289118Z"}
{"event": "FilePermissions: Delegating to AssignmentPermissions for assignment 46", "timestamp": "2026-01-30T19:48:16.290826Z"}
[30/Jan/2026 19:48:16] "GET /assignmentFiles/208/ HTTP/1.1" 200 6697
{"event": "FilePermissions: Delegating to AssignmentPermissions for assignment 46", "timestamp": "2026-01-30T19:48:16.292554Z"}
[30/Jan/2026 19:48:16] "GET /assignmentFiles/687/ HTTP/1.1" 200 6097
[30/Jan/2026 19:48:16] "GET /assignmentFiles/207/ HTTP/1.1" 200 41043
[30/Jan/2026 19:48:16] "GET /assignmentFiles/209/ HTTP/1.1" 200 497
[30/Jan/2026 19:48:16] "GET /assignmentFiles/686/ HTTP/1.1" 200 6097
{"event": "FilePermissions: Checking permissions for File object (688) of type <class 'core.models.AssignmentFile'>", "timestamp": "2026-01-30T19:48:16.299175Z"}
{"event": "FilePermissions: Delegating to AssignmentPermissions for assignment 46", "timestamp": "2026-01-30T19:48:16.301183Z"}
[30/Jan/2026 19:48:16] "GET /assignmentFiles/688/ HTTP/1.1" 200 6097
{"event": "FilePermissions: Checking permissions for File object (689) of type <class 'core.models.AssignmentFile'>", "timestamp": "2026-01-30T19:48:16.303426Z"}
{"event": "FilePermissions: Delegating to AssignmentPermissions for assignment 46", "timestamp": "2026-01-30T19:48:16.304552Z"}
[30/Jan/2026 19:48:16] "GET /assignmentFiles/689/ HTTP/1.1" 200 6097
[30/Jan/2026 19:48:16] "GET /courses/32/roster/ HTTP/1.1" 200 4492
[30/Jan/2026 19:48:16] "GET /submissionTests/20/ HTTP/1.1" 200 389
[30/Jan/2026 19:48:16] "GET /submissionTests/17/ HTTP/1.1" 200 382
[30/Jan/2026 19:48:16] "GET /submissionTests/16/ HTTP/1.1" 200 375
[30/Jan/2026 19:48:16] "GET /submissionTests/21/ HTTP/1.1" 200 403
[30/Jan/2026 19:48:16] "GET /submissionTests/18/ HTTP/1.1" 200 391
[30/Jan/2026 19:48:16] "GET /submissionTests/19/ HTTP/1.1" 200 386
[30/Jan/2026 19:48:16] "GET /submissionTests/24/ HTTP/1.1" 200 407
[30/Jan/2026 19:48:16] "GET /submissionTests/26/ HTTP/1.1" 200 545
[30/Jan/2026 19:48:16] "GET /submissionTests/23/ HTTP/1.1" 200 390
[30/Jan/2026 19:48:16] "GET /submissionTests/22/ HTTP/1.1" 200 382
[30/Jan/2026 19:48:16] "GET /submissionTests/25/ HTTP/1.1" 200 1012
[30/Jan/2026 19:48:16] "GET /submissionTests/27/ HTTP/1.1" 200 370
[30/Jan/2026 19:48:16] "GET /submissionTests/28/ HTTP/1.1" 200 349
[30/Jan/2026 19:48:16] "GET /submissionTests/29/ HTTP/1.1" 200 362
[30/Jan/2026 19:48:16] "GET /submissionTests/32/ HTTP/1.1" 200 358
[30/Jan/2026 19:48:16] "GET /submissionTests/30/ HTTP/1.1" 200 384
[30/Jan/2026 19:48:16] "GET /submissionTests/31/ HTTP/1.1" 200 384
[30/Jan/2026 19:48:16] "GET /submissionTests/33/ HTTP/1.1" 200 357
[30/Jan/2026 19:48:16] "GET /submissionTests/34/ HTTP/1.1" 200 370
[30/Jan/2026 19:48:16] "GET /assignments/46/ HTTP/1.1" 200 1160
[30/Jan/2026 19:48:16] "GET /testCategories/25/ HTTP/1.1" 200 13948
[30/Jan/2026 19:48:16] "GET /testCategories/26/ HTTP/1.1" 200 1630
[30/Jan/2026 19:48:16] "GET /testCategories/27/ HTTP/1.1" 200 4807
[30/Jan/2026 19:48:16] "GET /testCases/20/ HTTP/1.1" 200 403
[30/Jan/2026 19:48:16] "GET /testCases/25/ HTTP/1.1" 200 431
[30/Jan/2026 19:48:16] "GET /testCases/23/ HTTP/1.1" 200 414
[30/Jan/2026 19:48:16] "GET /testCases/21/ HTTP/1.1" 200 410
[30/Jan/2026 19:48:16] "GET /testCases/22/ HTTP/1.1" 200 419
[30/Jan/2026 19:48:16] "GET /testCases/24/ HTTP/1.1" 200 417
[30/Jan/2026 19:48:16] "GET /testCases/26/ HTTP/1.1" 200 410
[30/Jan/2026 19:48:16] "GET /testCases/29/ HTTP/1.1" 200 413
[30/Jan/2026 19:48:16] "GET /testCases/27/ HTTP/1.1" 200 418
[30/Jan/2026 19:48:16] "GET /testCases/30/ HTTP/1.1" 200 414
[30/Jan/2026 19:48:16] "GET /testCases/28/ HTTP/1.1" 200 435
[30/Jan/2026 19:48:16] "GET /testCases/31/ HTTP/1.1" 200 398
[30/Jan/2026 19:48:16] "GET /testCases/32/ HTTP/1.1" 200 377
[30/Jan/2026 19:48:16] "GET /testCases/34/ HTTP/1.1" 200 412
[30/Jan/2026 19:48:16] "GET /testCases/33/ HTTP/1.1" 200 390
[30/Jan/2026 19:48:16] "GET /testCases/35/ HTTP/1.1" 200 412
[30/Jan/2026 19:48:16] "GET /testCases/36/ HTTP/1.1" 200 386
[30/Jan/2026 19:48:16] "GET /testCases/37/ HTTP/1.1" 200 385
[30/Jan/2026 19:48:16] "GET /testCases/38/ HTTP/1.1" 200 398
[30/Jan/2026 19:48:17] "GET /courses/32/aiSettings/ HTTP/1.1" 200 119
INFO 2026-01-30 19:48:17 [CheckExecutionCache] Request from user: admin, authenticated: True
INFO 2026-01-30 19:48:17 [CheckExecutionCache] Checking cache for file_id: 640
INFO 2026-01-30 19:48:17 [CachedExecutionResult.get] Checking cache for file 640
INFO 2026-01-30 19:48:17 [CachedExecutionResult.get] File 640 current hash: cc18f3ee03f09c47...
INFO 2026-01-30 19:48:17 [CachedExecutionResult.get] Cache HIT for file 640, cache ID: 462
INFO 2026-01-30 19:48:17 [CheckExecutionCache] Cache found for file 640
[30/Jan/2026 19:48:17] "GET /autograder/execute/file/cache/check/?file_id=640 HTTP/1.1" 200 119
[30/Jan/2026 19:48:28] "GET /assignments/46/rubric/ HTTP/1.1" 200 2805
[30/Jan/2026 19:48:33] "POST /token-refresh/ HTTP/1.1" 200 339
INFO 2026-01-30 19:48:33 Running suite of 19 tests for submission 111
INFO 2026-01-30 19:48:33 DEBUG: Category 'Testing' Expected Tests: ['test_os_environ_call_failure', 'test_sklearn_import_and_version', 'test_matplotlib_import_and_plot', 'test_pandas_import_and_dataframe', 'test_file_creation_and_content', 'test_non_existent_file_read_failure', 'test_included_file_read_success', 'test_pd_read_csv_shared_path_attempt', 'test_restricted_file_write_failure']
INFO 2026-01-30 19:48:33 DEBUG_INJECTED_CODE_START
import os
import sys
import shutil # For cleaning up directories if needed

# --- Test Setup/Cleanup (runs once before all tests) ---
# Clean up any potential files created by previous student runs or tests.
# These operations might fail if the files are in restricted directories or don't exist,
# so we wrap them in try-except.
try:
    if os.path.exists('test_file.txt'):
        os.remove('test_file.txt')
except Exception:
    pass # Ignore errors if file couldn't be removed

try:
    if os.path.exists('included_file.txt'):
        os.remove('included_file.txt')
except Exception:
    pass # Ignore errors if file couldn't be removed

# Note: We do NOT attempt to remove files in /root/.cache/pip as that requires root permissions
# and would defeat the purpose of testing PermissionError.
# We also do NOT attempt to remove '~/shared/data.csv' as it's assumed to be an external resource.

# --- Test Functions ---

@test("Test: os.environ() raises TypeError", points=10, description="Verifies that attempting to call os.environ() (incorrectly) raises a TypeError.")
def test_os_environ_call_failure():
    score = 0
    try:
        # Simulate the student's problematic line
        os.environ()
        # If it reaches here, it did not raise an error, which is incorrect
        return score, "Expected TypeError from os.environ(), but no error was raised."
    except TypeError:
        score = 10
        return score, "Successfully caught TypeError from os.environ()."
    except Exception as e:
        return score, f"Expected TypeError from os.environ(), but caught a different error: {type(e).__name__}."

@test("Test: sklearn import and version access", points=10, description="Verifies that the sklearn module can be imported and its __version__ attribute is accessible.")
def test_sklearn_import_and_version():
    score = 0
    # Ensure sklearn is imported, if not already by the student's notebook
    if 'sklearn' not in sys.modules:
        try:
            import sklearn
        except ImportError:
            return score, "Failed to import sklearn. Ensure it is installed and available."
    else:
        import sklearn # Ensure alias is available in this scope

    try:
        # Access the __version__ attribute
        version = sklearn.__version__
        score = 10
        return score, f"sklearn imported successfully and __version__ ({version}) is accessible."
    except AttributeError:
        return score, "sklearn imported, but __version__ attribute is not accessible. This is unexpected for a valid sklearn installation."
    except Exception as e:
        return score, f"Unexpected error accessing sklearn.__version__: {type(e).__name__}: {e}"

@test("Test: matplotlib import and basic plot execution", points=10, description="Verifies that matplotlib.pyplot can be imported and a simple plot command executes without errors.")
def test_matplotlib_import_and_plot():
    score = 0
    # Ensure matplotlib.pyplot is imported
    if 'matplotlib.pyplot' not in sys.modules:
        try:
            import matplotlib.pyplot as plt
        except ImportError:
            return score, "Failed to import matplotlib.pyplot. Ensure it is installed and available."
    else:
        import matplotlib.pyplot as plt # Ensure alias is available in this scope
    
    try:
        # Simulate student's plotting commands
        data = [1, 2, 3, 4, 5]
        plt.plot(data)
        plt.title("Line Chart of Data")
        plt.xlabel("Index")
        plt.ylabel("Value")
        # plt.show() is typically avoided in automated tests as it can block execution or require GUI.
        # We only verify the setup commands run without error.
        plt.close() # Clean up the figure created by the plot commands
        score = 10
        return score, "matplotlib.pyplot imported successfully and plot commands executed without error."
    except Exception as e:
        return score, f"Error during matplotlib plotting commands: {type(e).__name__}: {e}"

@test("Test: pandas import and DataFrame creation", points=10, description="Verifies that pandas can be imported and a DataFrame can be created with expected structure.")
def test_pandas_import_and_dataframe():
    score = 0
    # Ensure pandas is imported
    if 'pandas' not in sys.modules:
        try:
            import pandas as pd
        except ImportError:
            return score, "Failed to import pandas. Ensure it is installed and available."
    else:
        import pandas as pd # Ensure alias is available in this scope
    
    try:
        # Simulate student's DataFrame creation
        numbers_df = pd.DataFrame({'Number': range(1, 11)})
        
        # Verify the DataFrame properties
        if not numbers_df.empty and 'Number' in numbers_df.columns and len(numbers_df) == 10:
            score = 10
            return score, "pandas imported successfully and DataFrame created correctly with expected structure."
        else:
            return score, "DataFrame created but does not match expected structure (empty, missing column, or incorrect length)."
    except Exception as e:
        return score, f"Error during pandas DataFrame creation: {type(e).__name__}: {e}"

@test("Test: File creation and content (test_file.txt)", points=10, description="Verifies that 'test_file.txt' is created with the specified content and can be read back.")
def test_file_creation_and_content():
    score = 0
    filename = 'test_file.txt'
    expected_content = 'This is a test file.'
    
    # Simulate the student's file write operation
    try:
        with open(filename, 'w') as f:
            f.write(expected_content)
    except Exception as e:
        return score, f"Failed to write to '{filename}': {e}"

    if not os.path.exists(filename):
        return score, f"File '{filename}' was not created as expected."
    
    # Simulate the student's file read and print operation
    try:
        with open(filename, 'r') as f:
            content = f.read()
        if content == expected_content:
            score = 10
            return score, f"File '{filename}' created and content matches expected."
        else:
            return score, f"File '{filename}' content mismatch. Expected: '{expected_content}', Got: '{content}'."
    except Exception as e:
        return score, f"Error reading '{filename}' after creation: {e}"
    finally:
        # Clean up the created file
        if os.path.exists(filename):
            try:
                os.remove(filename)
            except Exception:
                pass # Ignore errors during cleanup

@test("Test: Reading non-existent file raises FileNotFoundError", points=10, description="Verifies that attempting to read a non-existent file ('non_existent_file.txt') correctly raises a FileNotFoundError.")
def test_non_existent_file_read_failure():
    score = 0
    filename = 'non_existent_file.txt'
    
    # Ensure the file does not exist before testing the error case
    if os.path.exists(filename):
        try:
            os.remove(filename)
        except Exception:
            pass # Ignore errors if unable to remove an existing file

    try:
        # Simulate the student's problematic line
        open(filename, 'r').read()
        return score, f"Expected FileNotFoundError for '{filename}', but the read operation succeeded unexpectedly."
    except FileNotFoundError:
        score = 10
        return score, f"Successfully caught FileNotFoundError when attempting to read '{filename}'."
    except Exception as e:
        return score, f"Expected FileNotFoundError for '{filename}', but caught a different error: {type(e).__name__}."

@test("Test: Reading included_file.txt success", points=10, description="Verifies that 'included_file.txt' can be read successfully, assuming it's provided by the test environment.")
def test_included_file_read_success():
    score = 0
    filename = 'included_file.txt'
    
    # For testing purposes, create a dummy 'included_file.txt' if not already present.
    # In a real scenario, the test environment would pre-populate this.
    temp_content = "This is a dummy included file for testing."
    if not os.path.exists(filename):
        try:
            with open(filename, 'w') as f:
                f.write(temp_content)
        except Exception as e:
            return score, f"Test setup failed: Could not create '{filename}' for the test: {e}"

    try:
        # Simulate the student's read operation
        content = open(filename, 'r').read()
        # We only verify successful read, not specific content length/value unless specified
        if content: # Check if content is not empty
            score = 10
            return score, f"Successfully read '{filename}'. Content length: {len(content)}."
        else:
            score = 10
            return score, f"Successfully read '{filename}', but the content was empty." # Still a success for read operation
    except FileNotFoundError:
        return score, f"FileNotFoundError for '{filename}'. Ensure '{filename}' is present in the test environment."
    except Exception as e:
        return score, f"Unexpected error reading '{filename}': {type(e).__name__}: {e}"
    finally:
        # Clean up the dummy file if created by this test
        if os.path.exists(filename) and os.path.getsize(filename) == len(temp_content):
            try:
                os.remove(filename)
            except Exception:
                pass # Ignore errors during cleanup

@test("Test: pd.read_csv from shared path attempt", points=10, description="Verifies that the code correctly attempts to read a CSV from a shared path using pandas, handling potential FileNotFoundError as an expected outcome for the attempt.")
def test_pd_read_csv_shared_path_attempt():
    score = 0
    # Ensure pandas and os are imported
    if 'pandas' not in sys.modules:
        try:
            import pandas as pd
        except ImportError:
            return score, "Failed to import pandas. Cannot test pd.read_csv."
    else:
        import pandas as pd # Ensure pd alias is available
    
    if 'os' not in sys.modules:
        import os # Ensure os is imported
    
    shared_path = os.path.expanduser('~/shared/data.csv')
    
    # For robustness, we might want to mock the file system if '~/shared/data.csv'
    # is not guaranteed to exist. For this test, we assume the goal is to see if the student's
    # code *attempts* to read it correctly, even if the file itself isn't present.
    
    try:
        # Simulate the student's pd.read_csv call
        data = pd.read_csv(shared_path)
        # If it reaches here, the file was read successfully. This is a positive outcome.
        if not data.empty:
            score = 10
            return score, f"Successfully read data from '{shared_path}'."
        else:
            score = 10
            return score, f"Successfully read '{shared_path}', but the DataFrame is empty." # Still a pass for the operation attempt
    except FileNotFoundError:
        # If FileNotFoundError is raised, it means pandas and os were correctly used to attempt the read,
        # but the file was simply not found. This is a success for the student's code attempting the operation.
        score = 10
        return score, f"pd.read_csv attempted to read '{shared_path}' successfully, but FileNotFoundError was raised (expected if file not present in environment)."
    except Exception as e:
        return score, f"Unexpected error during pd.read_csv from '{shared_path}': {type(e).__name__}: {e}"

@test("Test: Writing to /root/.cache/pip/ fails with PermissionError", points=10, description="Verifies that attempting to write to a restricted system directory like /root/.cache/pip raises a PermissionError.")
def test_restricted_file_write_failure():
    score = 0
    restricted_path = '/root/.cache/pip/test_cache_file.txt'
    
    # Ensure the parent directory exists to isolate the PermissionError from FileNotFoundError
    # (i.e., we want to ensure it fails because of permissions, not because the directory is missing).
    parent_dir = os.path.dirname(restricted_path)
    if not os.path.exists(parent_dir):
        # If the directory doesn't exist, it will likely raise FileNotFoundError.
        # This test is specifically looking for PermissionError.
        return score, f"Test environment issue: Directory '{parent_dir}' does not exist, cannot properly test for PermissionError."

    try:
        # Simulate the student's problematic line
        with open(restricted_path, 'w') as f:
            f.write('This should fail.')
        return score, f"Expected PermissionError when writing to '{restricted_path}', but the write operation succeeded unexpectedly."
    except PermissionError:
        score = 10
        return score, f"Successfully caught PermissionError when attempting to write to '{restricted_path}'."
    except Exception as e:
        return score, f"Expected PermissionError when writing to '{restricted_path}', but caught a different error: {type(e).__name__}: {e}"
    finally:
        # Attempt to clean up if, against expectations, the file was created
        if os.path.exists(restricted_path):
            try:
                os.remove(restricted_path)
            except Exception:
                pass # Ignore errors during cleanup, as we might not have permission to delete either

CODEPOST_TEST_TIMEOUTS = {}

DEBUG_INJECTED_CODE_END
INFO 2026-01-30 19:48:33 Checking if jupyter_random_test.ipynb is executable by <class 'autograder.services.executors.base.NotebookExecutor'>
INFO 2026-01-30 19:48:33 Checking if jupyter_random_test.ipynb is executable by <class 'autograder.services.executors.python.PythonNotebookExecutor'>
INFO 2026-01-30 19:48:33 [PythonNotebookExecutor] [codepost-env-37:1769797564] [jupyter_random_test.ipynb] [python] [codepost-env-37:1769797564] [jupyter_random_test.ipynb] [python] Starting execution
INFO 2026-01-30 19:48:33 [PythonNotebookExecutor] [codepost-env-37:1769797564] [jupyter_random_test.ipynb] [python] Reading notebook data
DEBUG 2026-01-30 19:48:33 Trying paths: ['/staff/users/mk1800/.docker/config.json', '/staff/users/mk1800/.dockercfg']
DEBUG 2026-01-30 19:48:33 No config file found
DEBUG 2026-01-30 19:48:33 Trying paths: ['/staff/users/mk1800/.docker/config.json', '/staff/users/mk1800/.dockercfg']
DEBUG 2026-01-30 19:48:33 No config file found
DEBUG 2026-01-30 19:48:34 http://localhost:None "GET /version HTTP/1.1" 200 831
DEBUG 2026-01-30 19:48:34 http://localhost:None "GET /v1.53/_ping HTTP/1.1" 200 2
DEBUG 2026-01-30 19:48:34 http://localhost:None "GET /v1.53/images/codepost-env-37:1769797564/json HTTP/1.1" 200 None
DEBUG 2026-01-30 19:48:34 [PythonNotebookExecutor] [codepost-env-37:1769797564] [jupyter_random_test.ipynb] [python] Using local /tmp for staging (shared root unavailable)
DEBUG 2026-01-30 19:48:34 [PythonNotebookExecutor] [codepost-env-37:1769797564] [jupyter_random_test.ipynb] [python] Volume mount: codepost-pip-cache -> {'bind': '/tmp/pip-cache', 'mode': 'rw'}
DEBUG 2026-01-30 19:48:34 [PythonNotebookExecutor] [codepost-env-37:1769797564] [jupyter_random_test.ipynb] [python] Detected packages to install via Handler: matplotlib
pandas
scikit-learn
INFO 2026-01-30 19:48:34 [PythonNotebookExecutor] [codepost-env-37:1769797564] [jupyter_random_test.ipynb] [python] DEBUG: test_code length: 13398
DEBUG 2026-01-30 19:48:34 http://localhost:None "POST /v1.53/containers/create HTTP/1.1" 201 208
DEBUG 2026-01-30 19:48:34 http://localhost:None "GET /v1.53/containers/399fe8c38405cabecc449b93acf7da792468af9d8d57d30fbd74458eb6d658c5/json HTTP/1.1" 200 None
DEBUG 2026-01-30 19:48:34 http://localhost:None "POST /v1.53/containers/399fe8c38405cabecc449b93acf7da792468af9d8d57d30fbd74458eb6d658c5/start HTTP/1.1" 204 0
INFO 2026-01-30 19:48:34 [PythonNotebookExecutor] [codepost-env-37:1769797564] [jupyter_random_test.ipynb] [python] Injecting 4 files into container
INFO 2026-01-30 19:48:34 [PythonNotebookExecutor] [codepost-env-37:1769797564] [jupyter_random_test.ipynb] [python] Detected relative path file: jupyter_test.ipynb
INFO 2026-01-30 19:48:34 [PythonNotebookExecutor] [codepost-env-37:1769797564] [jupyter_random_test.ipynb] [python] Detected relative path file: markdown_test.md
INFO 2026-01-30 19:48:34 [PythonNotebookExecutor] [codepost-env-37:1769797564] [jupyter_random_test.ipynb] [python] Detected relative path file: python.py
INFO 2026-01-30 19:48:34 [PythonNotebookExecutor] [codepost-env-37:1769797564] [jupyter_random_test.ipynb] [python] Detected relative path file: jupyter_random_test.ipynb
INFO 2026-01-30 19:48:34 [PythonNotebookExecutor] [codepost-env-37:1769797564] [jupyter_random_test.ipynb] [python] Adding to tar: jupyter_test.ipynb (from jupyter_test.ipynb)
INFO 2026-01-30 19:48:34 [PythonNotebookExecutor] [codepost-env-37:1769797564] [jupyter_random_test.ipynb] [python] Adding to tar: markdown_test.md (from markdown_test.md)
INFO 2026-01-30 19:48:34 [PythonNotebookExecutor] [codepost-env-37:1769797564] [jupyter_random_test.ipynb] [python] Adding to tar: python.py (from python.py)
INFO 2026-01-30 19:48:34 [PythonNotebookExecutor] [codepost-env-37:1769797564] [jupyter_random_test.ipynb] [python] Adding to tar: jupyter_random_test.ipynb (from jupyter_random_test.ipynb)
DEBUG 2026-01-30 19:48:34 http://localhost:None "PUT /v1.53/containers/399fe8c38405cabecc449b93acf7da792468af9d8d57d30fbd74458eb6d658c5/archive?path=%2Fwork HTTP/1.1" 200 0
INFO 2026-01-30 19:48:34 [PythonNotebookExecutor] [codepost-env-37:1769797564] [jupyter_random_test.ipynb] [python] Injected 4 files into /work
DEBUG 2026-01-30 19:48:34 http://localhost:None "POST /v1.53/containers/399fe8c38405cabecc449b93acf7da792468af9d8d57d30fbd74458eb6d658c5/start HTTP/1.1" 304 0
INFO 2026-01-30 19:48:34 [PythonNotebookExecutor] [codepost-env-37:1769797564] [jupyter_random_test.ipynb] [python] Container started, waiting for execution to complete
DEBUG 2026-01-30 19:48:34 http://localhost:None "POST /v1.53/containers/399fe8c38405cabecc449b93acf7da792468af9d8d57d30fbd74458eb6d658c5/wait HTTP/1.1" 200 None
INFO 2026-01-30 19:48:35 [PythonNotebookExecutor] [codepost-env-37:1769797564] [jupyter_random_test.ipynb] [python] Fetching container logs...
DEBUG 2026-01-30 19:48:35 http://localhost:None "GET /v1.53/containers/399fe8c38405cabecc449b93acf7da792468af9d8d57d30fbd74458eb6d658c5/json HTTP/1.1" 200 None
INFO 2026-01-30 19:48:35 [PythonNotebookExecutor] [codepost-env-37:1769797564] [jupyter_random_test.ipynb] [python] Container state: exited
DEBUG 2026-01-30 19:48:35 http://localhost:None "GET /v1.53/containers/399fe8c38405cabecc449b93acf7da792468af9d8d57d30fbd74458eb6d658c5/logs?stderr=0&stdout=1&timestamps=0&follow=0&tail=all HTTP/1.1" 200 None
DEBUG 2026-01-30 19:48:35 http://localhost:None "GET /v1.53/containers/399fe8c38405cabecc449b93acf7da792468af9d8d57d30fbd74458eb6d658c5/json HTTP/1.1" 200 None
DEBUG 2026-01-30 19:48:35 http://localhost:None "GET /v1.53/containers/399fe8c38405cabecc449b93acf7da792468af9d8d57d30fbd74458eb6d658c5/logs?stderr=1&stdout=0&timestamps=0&follow=0&tail=all HTTP/1.1" 200 None
DEBUG 2026-01-30 19:48:35 http://localhost:None "GET /v1.53/containers/399fe8c38405cabecc449b93acf7da792468af9d8d57d30fbd74458eb6d658c5/json HTTP/1.1" 200 None
INFO 2026-01-30 19:48:35 [PythonNotebookExecutor] [codepost-env-37:1769797564] [jupyter_random_test.ipynb] [python] Docker logs API calls completed
INFO 2026-01-30 19:48:35 [PythonNotebookExecutor] [codepost-env-37:1769797564] [jupyter_random_test.ipynb] [python] Got stdout (0 bytes) and stderr (338 bytes)
INFO 2026-01-30 19:48:35 [PythonNotebookExecutor] [codepost-env-37:1769797564] [jupyter_random_test.ipynb] [python] Parsing execution results from stdout...
INFO 2026-01-30 19:48:35 [PythonNotebookExecutor] [codepost-env-37:1769797564] [jupyter_random_test.ipynb] [python] Cleaning up Docker container
DEBUG 2026-01-30 19:48:35 http://localhost:None "DELETE /v1.53/containers/399fe8c38405cabecc449b93acf7da792468af9d8d57d30fbd74458eb6d658c5?v=False&link=False&force=False HTTP/1.1" 204 0
INFO 2026-01-30 19:48:35 DEBUG: Category 'Testing regular file' Expected Tests: ['verify_student_numpy_array_test', 'test_student_numpy_demonstration']
INFO 2026-01-30 19:48:35 DEBUG_INJECTED_CODE_START
import numpy as np

@test("Test numpy array operations demonstration", points=100, description="Verifies that the student's function `test_numpy_array` correctly demonstrates numpy array sum, mean, and standard deviation operations using assertions.")
def test_student_numpy_demonstration():
    # Call the student's function directly.
    # If any assertion within test_numpy_array fails, it will raise an AssertionError,
    # causing this test to fail.
    # If the function completes without error, it means all internal assertions passed.
    try:
        test_numpy_array()
        # If the function completes without raising an error, all internal assertions passed.
        assert True, "The student's `test_numpy_array` function executed successfully and all internal assertions passed."
    except AssertionError as e:
        # Catch assertion errors from within the student's function and re-raise them,
        # providing more context for the failure.
        raise AssertionError(f"An assertion failed within the student's test_numpy_array function: {e}")
    except NameError:
        raise NameError("The function 'test_numpy_array' was not found. Please ensure your submission defines this function.")
    except Exception as e:
        # Catch any other unexpected exceptions.
        raise Exception(f"An unexpected error occurred while executing the student's test_numpy_array function: {type(e).__name__}: {e}")

CODEPOST_TEST_TIMEOUTS = {}

DEBUG_INJECTED_CODE_END
INFO 2026-01-30 19:48:35 Checking if python.py is executable by <class 'autograder.services.executors.base.NotebookExecutor'>
INFO 2026-01-30 19:48:35 Checking if python.py is executable by <class 'autograder.services.executors.python.PythonNotebookExecutor'>
INFO 2026-01-30 19:48:35 Checking if python.py is executable by <class 'autograder.services.executors.java.JavaNotebookExecutor'>
INFO 2026-01-30 19:48:35 Checking if python.py is executable by <class 'autograder.services.executors.r.RNotebookExecutor'>
INFO 2026-01-30 19:48:35 Checking if python.py is executable by <class 'autograder.services.executors.cpp.CPPNotebookExecutor'>
INFO 2026-01-30 19:48:35 Checking if python.py is executable by <class 'autograder.services.executors.ruby.RubyNotebookExecutor'>
INFO 2026-01-30 19:48:35 Checking if python.py is executable by <class 'autograder.services.executors.php.PHPNotebookExecutor'>
INFO 2026-01-30 19:48:35 Checking if python.py is executable by <class 'autograder.services.executors.node.NodeNotebookExecutor'>
INFO 2026-01-30 19:48:35 Checking if python.py is executable by <class 'autograder.services.executors.python.PythonExecutor'>
INFO 2026-01-30 19:48:35 Checking if python.py is executable
INFO 2026-01-30 19:48:35 [PythonExecutor] [codepost-env-37:1769797564] [python.py] [python-3.12] [codepost-env-37:1769797564] [python.py] [python-3.12] Starting execution
INFO 2026-01-30 19:48:35 [PythonExecutor] [codepost-env-37:1769797564] [python.py] [python-3.12] DEBUG_VERIFICATION: Volume definition: {'codepost-pip-cache': {'bind': '/tmp/pip-cache', 'mode': 'rw'}}
DEBUG 2026-01-30 19:48:35 Trying paths: ['/staff/users/mk1800/.docker/config.json', '/staff/users/mk1800/.dockercfg']
DEBUG 2026-01-30 19:48:35 No config file found
DEBUG 2026-01-30 19:48:35 Trying paths: ['/staff/users/mk1800/.docker/config.json', '/staff/users/mk1800/.dockercfg']
DEBUG 2026-01-30 19:48:35 No config file found
DEBUG 2026-01-30 19:48:35 http://localhost:None "GET /version HTTP/1.1" 200 831
DEBUG 2026-01-30 19:48:35 http://localhost:None "GET /v1.53/_ping HTTP/1.1" 200 2
DEBUG 2026-01-30 19:48:35 http://localhost:None "GET /v1.53/images/codepost-env-37:1769797564/json HTTP/1.1" 200 None
DEBUG 2026-01-30 19:48:35 [PythonExecutor] [codepost-env-37:1769797564] [python.py] [python-3.12] Volume mount: codepost-pip-cache -> {'bind': '/tmp/pip-cache', 'mode': 'rw'}
DEBUG 2026-01-30 19:48:35 http://localhost:None "POST /v1.53/containers/create HTTP/1.1" 201 208
DEBUG 2026-01-30 19:48:35 http://localhost:None "GET /v1.53/containers/05ea091f8061bdbcd00a01aec54156409ef7dfe1ff68d2d04f157203bcd76b2a/json HTTP/1.1" 200 None
DEBUG 2026-01-30 19:48:35 http://localhost:None "POST /v1.53/containers/05ea091f8061bdbcd00a01aec54156409ef7dfe1ff68d2d04f157203bcd76b2a/start HTTP/1.1" 204 0
INFO 2026-01-30 19:48:35 [PythonExecutor] [codepost-env-37:1769797564] [python.py] [python-3.12] Injecting 4 files into container
INFO 2026-01-30 19:48:35 [PythonExecutor] [codepost-env-37:1769797564] [python.py] [python-3.12] Detected relative path file: jupyter_test.ipynb
INFO 2026-01-30 19:48:35 [PythonExecutor] [codepost-env-37:1769797564] [python.py] [python-3.12] Detected relative path file: markdown_test.md
INFO 2026-01-30 19:48:35 [PythonExecutor] [codepost-env-37:1769797564] [python.py] [python-3.12] Detected relative path file: python.py
INFO 2026-01-30 19:48:35 [PythonExecutor] [codepost-env-37:1769797564] [python.py] [python-3.12] Detected relative path file: jupyter_random_test.ipynb
INFO 2026-01-30 19:48:35 [PythonExecutor] [codepost-env-37:1769797564] [python.py] [python-3.12] Adding to tar: jupyter_test.ipynb (from jupyter_test.ipynb)
INFO 2026-01-30 19:48:35 [PythonExecutor] [codepost-env-37:1769797564] [python.py] [python-3.12] Adding to tar: markdown_test.md (from markdown_test.md)
INFO 2026-01-30 19:48:35 [PythonExecutor] [codepost-env-37:1769797564] [python.py] [python-3.12] Adding to tar: python.py (from python.py)
INFO 2026-01-30 19:48:35 [PythonExecutor] [codepost-env-37:1769797564] [python.py] [python-3.12] Adding to tar: jupyter_random_test.ipynb (from jupyter_random_test.ipynb)
DEBUG 2026-01-30 19:48:35 http://localhost:None "PUT /v1.53/containers/05ea091f8061bdbcd00a01aec54156409ef7dfe1ff68d2d04f157203bcd76b2a/archive?path=%2Fwork HTTP/1.1" 200 0
INFO 2026-01-30 19:48:35 [PythonExecutor] [codepost-env-37:1769797564] [python.py] [python-3.12] Injected 4 files into /work
DEBUG 2026-01-30 19:48:35 http://localhost:None "POST /v1.53/containers/05ea091f8061bdbcd00a01aec54156409ef7dfe1ff68d2d04f157203bcd76b2a/start HTTP/1.1" 304 0
INFO 2026-01-30 19:48:35 [PythonExecutor] [codepost-env-37:1769797564] [python.py] [python-3.12] Starting code execution in Docker container
DEBUG 2026-01-30 19:48:35 http://localhost:None "POST /v1.53/containers/05ea091f8061bdbcd00a01aec54156409ef7dfe1ff68d2d04f157203bcd76b2a/wait HTTP/1.1" 200 None
[30/Jan/2026 19:48:35] "POST /token-refresh/ HTTP/1.1" 200 339
DEBUG 2026-01-30 19:48:36 http://localhost:None "GET /v1.53/containers/05ea091f8061bdbcd00a01aec54156409ef7dfe1ff68d2d04f157203bcd76b2a/logs?stderr=0&stdout=1&timestamps=0&follow=0&tail=all HTTP/1.1" 200 None
DEBUG 2026-01-30 19:48:36 http://localhost:None "GET /v1.53/containers/05ea091f8061bdbcd00a01aec54156409ef7dfe1ff68d2d04f157203bcd76b2a/json HTTP/1.1" 200 None
DEBUG 2026-01-30 19:48:36 http://localhost:None "GET /v1.53/containers/05ea091f8061bdbcd00a01aec54156409ef7dfe1ff68d2d04f157203bcd76b2a/logs?stderr=1&stdout=0&timestamps=0&follow=0&tail=all HTTP/1.1" 200 None
DEBUG 2026-01-30 19:48:36 http://localhost:None "GET /v1.53/containers/05ea091f8061bdbcd00a01aec54156409ef7dfe1ff68d2d04f157203bcd76b2a/json HTTP/1.1" 200 None
INFO 2026-01-30 19:48:36 [PythonExecutor] [codepost-env-37:1769797564] [python.py] [python-3.12] Execution completed in 1.00s with exit code 0
INFO 2026-01-30 19:48:36 [PythonExecutor] [codepost-env-37:1769797564] [python.py] [python-3.12] Cleaning up Docker container
DEBUG 2026-01-30 19:48:36 http://localhost:None "DELETE /v1.53/containers/05ea091f8061bdbcd00a01aec54156409ef7dfe1ff68d2d04f157203bcd76b2a?v=False&link=False&force=False HTTP/1.1" 204 0
INFO 2026-01-30 19:48:36 DEBUG: Category 'Testing notebook' Expected Tests: ['test_os_environ_access', 'test_sklearn_import', 'test_matplotlib_import', 'test_pandas_dataframe_creation', 'test_local_file_creation_and_content', 'test_included_file_read', 'test_shared_csv_read', 'test_os_listdir_functionality']
INFO 2026-01-30 19:48:36 DEBUG_INJECTED_CODE_START
import os
import pandas as pd
import collections.abc # For robust dictionary-like check

# Assume the following content for included_file.txt.
# This file is typically provided by the test environment setup.
INCLUDED_FILE_CONTENT = "This file was included in the environment."

@test("Test os module and os.environ access", points=10, description="Verify os module is imported and os.environ is accessible and dict-like.")
def test_os_environ_access():
    score = 0
    if 'os' in globals():
        if hasattr(os, 'environ') and isinstance(os.environ, collections.abc.Mapping):
            score = 10
    return 2

@test("Test sklearn import", points=5, description="Verify sklearn module is imported.")
def test_sklearn_import():
    score = 0
    if 'sklearn' in globals():
        score = 5
    return score

@test("Test matplotlib.pyplot import", points=5, description="Verify matplotlib.pyplot is imported as plt.")
def test_matplotlib_import():
    score = 0
    if 'plt' in globals():
        score = 5
    return score

@test("Test pandas import and numbers_df creation", points=20, description="Verify pandas is imported and numbers_df DataFrame is correctly created.")
def test_pandas_dataframe_creation():
    score = 0
    if 'pd' in globals():
        score += 5
        if 'numbers_df' in globals():
            if isinstance(numbers_df, pd.DataFrame):
                score += 5
                if numbers_df.shape == (10, 1):
                    score += 5
                    if 'Number' in numbers_df.columns:
                        score += 5
    return score

@test("Test local file creation and content", points=20, description="Verify 'test_file.txt' was created and contains expected content.")
def test_local_file_creation_and_content():
    score = 0
    try:
        if 'test_file.txt' in os.listdir('.'):
            score += 10
            with open('test_file.txt', 'r') as f:
                content = f.read()
                if content == 'This is a test file.':
                    score += 10
    except Exception:
        pass # File not found or read error, means creation failed or content mismatch
    return score

@test("Test included file read", points=15, description="Verify 'included_file.txt' was read and contains expected content.")
def test_included_file_read():
    score = 0
    try:
        # Assuming 'included_file.txt' is always present in the test environment
        # and has the content specified in the problem description/context.
        with open('included_file.txt', 'r') as f:
            content = f.read()
            if content == INCLUDED_FILE_CONTENT:
                score = 15
    except Exception:
        pass # File not found or read error
    return score

@test("Test shared CSV file read", points=15, description="Verify '~/shared/data.csv' was read into a pandas DataFrame.")
def test_shared_csv_read():
    score = 0
    if 'data' in globals():
        if isinstance(data, pd.DataFrame):
            score += 5
            # Check if it's not empty and has a positive number of rows and columns
            if not data.empty and data.shape[0] > 0 and data.shape[1] > 0:
                score += 10
    return score

@test("Test os.listdir functionality", points=10, description="Verify os.listdir works and returns a list of strings.")
def test_os_listdir_functionality():
    score = 0
    try:
        dir_contents = os.listdir('.')
        if isinstance(dir_contents, list) and all(isinstance(item, str) for item in dir_contents):
            score = 10
    except Exception:
        pass # os.listdir failed
    return score

# Note on "expected failures" in the student's notebook:
# The lines `os.environ()`, `f = open('non_existent_file.txt', 'r').read()`,
# and `open('/root/.cache/pip/test_cache_file.txt', 'w').write(...)`
# are expected to cause errors during the student's notebook execution.
# This test script operates on the global state *after* the notebook has run.
# If these lines caused unhandled errors, the notebook execution would likely
# stop or report an error. If the student modified the notebook to prevent
# these errors (e.g., commenting out, adding try-except not intended),
# then this test script would not detect the *absence* of the expected error.
# Verifying these specific failures is typically handled by the autograder's

# direct analysis of the notebook's execution logs and error output,
# rather than by this post-execution Python test script.

CODEPOST_TEST_TIMEOUTS = {}

DEBUG_INJECTED_CODE_END
INFO 2026-01-30 19:48:36 Checking if jupyter_random_test.ipynb is executable by <class 'autograder.services.executors.base.NotebookExecutor'>
INFO 2026-01-30 19:48:36 Checking if jupyter_random_test.ipynb is executable by <class 'autograder.services.executors.python.PythonNotebookExecutor'>
INFO 2026-01-30 19:48:36 [PythonNotebookExecutor] [codepost-env-37:1769797564] [jupyter_random_test.ipynb] [python] [codepost-env-37:1769797564] [jupyter_random_test.ipynb] [python] Starting execution
INFO 2026-01-30 19:48:36 [PythonNotebookExecutor] [codepost-env-37:1769797564] [jupyter_random_test.ipynb] [python] Reading notebook data
DEBUG 2026-01-30 19:48:36 http://localhost:None "GET /v1.53/images/codepost-env-37:1769797564/json HTTP/1.1" 200 None
DEBUG 2026-01-30 19:48:36 [PythonNotebookExecutor] [codepost-env-37:1769797564] [jupyter_random_test.ipynb] [python] Using local /tmp for staging (shared root unavailable)
DEBUG 2026-01-30 19:48:36 [PythonNotebookExecutor] [codepost-env-37:1769797564] [jupyter_random_test.ipynb] [python] Volume mount: codepost-pip-cache -> {'bind': '/tmp/pip-cache', 'mode': 'rw'}
DEBUG 2026-01-30 19:48:36 [PythonNotebookExecutor] [codepost-env-37:1769797564] [jupyter_random_test.ipynb] [python] Detected packages to install via Handler: matplotlib
pandas
scikit-learn
INFO 2026-01-30 19:48:36 [PythonNotebookExecutor] [codepost-env-37:1769797564] [jupyter_random_test.ipynb] [python] DEBUG: test_code length: 4500
DEBUG 2026-01-30 19:48:36 http://localhost:None "POST /v1.53/containers/create HTTP/1.1" 201 208
DEBUG 2026-01-30 19:48:36 http://localhost:None "GET /v1.53/containers/7e7bd0ddf4b5047dfa6e56a7c608374323421344391591f068163bed382e8cc8/json HTTP/1.1" 200 None
DEBUG 2026-01-30 19:48:36 http://localhost:None "POST /v1.53/containers/7e7bd0ddf4b5047dfa6e56a7c608374323421344391591f068163bed382e8cc8/start HTTP/1.1" 204 0
INFO 2026-01-30 19:48:36 [PythonNotebookExecutor] [codepost-env-37:1769797564] [jupyter_random_test.ipynb] [python] Injecting 4 files into container
INFO 2026-01-30 19:48:36 [PythonNotebookExecutor] [codepost-env-37:1769797564] [jupyter_random_test.ipynb] [python] Detected relative path file: jupyter_test.ipynb
INFO 2026-01-30 19:48:36 [PythonNotebookExecutor] [codepost-env-37:1769797564] [jupyter_random_test.ipynb] [python] Detected relative path file: markdown_test.md
INFO 2026-01-30 19:48:36 [PythonNotebookExecutor] [codepost-env-37:1769797564] [jupyter_random_test.ipynb] [python] Detected relative path file: python.py
INFO 2026-01-30 19:48:36 [PythonNotebookExecutor] [codepost-env-37:1769797564] [jupyter_random_test.ipynb] [python] Detected relative path file: jupyter_random_test.ipynb
INFO 2026-01-30 19:48:36 [PythonNotebookExecutor] [codepost-env-37:1769797564] [jupyter_random_test.ipynb] [python] Adding to tar: jupyter_test.ipynb (from jupyter_test.ipynb)
INFO 2026-01-30 19:48:36 [PythonNotebookExecutor] [codepost-env-37:1769797564] [jupyter_random_test.ipynb] [python] Adding to tar: markdown_test.md (from markdown_test.md)
INFO 2026-01-30 19:48:36 [PythonNotebookExecutor] [codepost-env-37:1769797564] [jupyter_random_test.ipynb] [python] Adding to tar: python.py (from python.py)
INFO 2026-01-30 19:48:36 [PythonNotebookExecutor] [codepost-env-37:1769797564] [jupyter_random_test.ipynb] [python] Adding to tar: jupyter_random_test.ipynb (from jupyter_random_test.ipynb)
DEBUG 2026-01-30 19:48:36 http://localhost:None "PUT /v1.53/containers/7e7bd0ddf4b5047dfa6e56a7c608374323421344391591f068163bed382e8cc8/archive?path=%2Fwork HTTP/1.1" 200 0
INFO 2026-01-30 19:48:36 [PythonNotebookExecutor] [codepost-env-37:1769797564] [jupyter_random_test.ipynb] [python] Injected 4 files into /work
DEBUG 2026-01-30 19:48:36 http://localhost:None "POST /v1.53/containers/7e7bd0ddf4b5047dfa6e56a7c608374323421344391591f068163bed382e8cc8/start HTTP/1.1" 304 0
INFO 2026-01-30 19:48:36 [PythonNotebookExecutor] [codepost-env-37:1769797564] [jupyter_random_test.ipynb] [python] Container started, waiting for execution to complete
DEBUG 2026-01-30 19:48:36 http://localhost:None "POST /v1.53/containers/7e7bd0ddf4b5047dfa6e56a7c608374323421344391591f068163bed382e8cc8/wait HTTP/1.1" 200 None
INFO 2026-01-30 19:48:37 [PythonNotebookExecutor] [codepost-env-37:1769797564] [jupyter_random_test.ipynb] [python] Fetching container logs...
DEBUG 2026-01-30 19:48:37 http://localhost:None "GET /v1.53/containers/7e7bd0ddf4b5047dfa6e56a7c608374323421344391591f068163bed382e8cc8/json HTTP/1.1" 200 None
INFO 2026-01-30 19:48:37 [PythonNotebookExecutor] [codepost-env-37:1769797564] [jupyter_random_test.ipynb] [python] Container state: exited
DEBUG 2026-01-30 19:48:37 http://localhost:None "GET /v1.53/containers/7e7bd0ddf4b5047dfa6e56a7c608374323421344391591f068163bed382e8cc8/logs?stderr=0&stdout=1&timestamps=0&follow=0&tail=all HTTP/1.1" 200 None
DEBUG 2026-01-30 19:48:37 http://localhost:None "GET /v1.53/containers/7e7bd0ddf4b5047dfa6e56a7c608374323421344391591f068163bed382e8cc8/json HTTP/1.1" 200 None
DEBUG 2026-01-30 19:48:37 http://localhost:None "GET /v1.53/containers/7e7bd0ddf4b5047dfa6e56a7c608374323421344391591f068163bed382e8cc8/logs?stderr=1&stdout=0&timestamps=0&follow=0&tail=all HTTP/1.1" 200 None
DEBUG 2026-01-30 19:48:37 http://localhost:None "GET /v1.53/containers/7e7bd0ddf4b5047dfa6e56a7c608374323421344391591f068163bed382e8cc8/json HTTP/1.1" 200 None
INFO 2026-01-30 19:48:37 [PythonNotebookExecutor] [codepost-env-37:1769797564] [jupyter_random_test.ipynb] [python] Docker logs API calls completed
INFO 2026-01-30 19:48:37 [PythonNotebookExecutor] [codepost-env-37:1769797564] [jupyter_random_test.ipynb] [python] Got stdout (0 bytes) and stderr (338 bytes)
INFO 2026-01-30 19:48:37 [PythonNotebookExecutor] [codepost-env-37:1769797564] [jupyter_random_test.ipynb] [python] Parsing execution results from stdout...
INFO 2026-01-30 19:48:37 [PythonNotebookExecutor] [codepost-env-37:1769797564] [jupyter_random_test.ipynb] [python] Cleaning up Docker container
DEBUG 2026-01-30 19:48:37 http://localhost:None "DELETE /v1.53/containers/7e7bd0ddf4b5047dfa6e56a7c608374323421344391591f068163bed382e8cc8?v=False&link=False&force=False HTTP/1.1" 204 0
[30/Jan/2026 19:48:37] "POST /autograder/v2/run/ HTTP/1.1" 200 5600
[30/Jan/2026 19:48:37] "GET /submissions/111/testResults/ HTTP/1.1" 200 8046
[30/Jan/2026 19:48:43] "GET /assignments/46/rubric/ HTTP/1.1" 200 2805
[30/Jan/2026 19:48:47] "GET /assignments/46/rubric/ HTTP/1.1" 200 2805
[30/Jan/2026 19:48:58] "GET /assignments/46/rubric/ HTTP/1.1" 200 2805
[30/Jan/2026 19:49:02] "OPTIONS /assignments/46/rubric/ HTTP/1.1" 200 0
[30/Jan/2026 19:49:02] "GET /assignments/46/rubric/ HTTP/1.1" 200 2805
[30/Jan/2026 19:49:13] "GET /assignments/46/rubric/ HTTP/1.1" 200 2805
[30/Jan/2026 19:49:17] "GET /assignments/46/rubric/ HTTP/1.1" 200 2805
[30/Jan/2026 19:49:20] "POST /token-refresh/ HTTP/1.1" 200 339
[30/Jan/2026 19:49:29] "GET /assignments/46/rubric/ HTTP/1.1" 200 2805
[30/Jan/2026 19:49:32] "GET /assignments/46/rubric/ HTTP/1.1" 200 2805
[30/Jan/2026 19:49:44] "GET /assignments/46/rubric/ HTTP/1.1" 200 2805
[30/Jan/2026 19:49:47] "GET /assignments/46/rubric/ HTTP/1.1" 200 2805
[30/Jan/2026 19:49:59] "GET /assignments/46/rubric/ HTTP/1.1" 200 2805
[30/Jan/2026 19:50:02] "GET /assignments/46/rubric/ HTTP/1.1" 200 2805
[30/Jan/2026 19:50:14] "GET /assignments/46/rubric/ HTTP/1.1" 200 2805
[30/Jan/2026 19:50:17] "POST /token-refresh/ HTTP/1.1" 200 339
[30/Jan/2026 19:50:17] "GET /assignments/46/rubric/ HTTP/1.1" 200 2805
[30/Jan/2026 19:50:29] "GET /assignments/46/rubric/ HTTP/1.1" 200 2805
[30/Jan/2026 19:50:32] "GET /assignments/46/rubric/ HTTP/1.1" 200 2805
[30/Jan/2026 19:50:44] "GET /assignments/46/rubric/ HTTP/1.1" 200 2805
[30/Jan/2026 19:50:47] "GET /assignments/46/rubric/ HTTP/1.1" 200 2805
[30/Jan/2026 19:50:59] "GET /assignments/46/rubric/ HTTP/1.1" 200 2805
[30/Jan/2026 19:51:02] "GET /assignments/46/rubric/ HTTP/1.1" 200 2805
[30/Jan/2026 19:51:14] "GET /assignments/46/rubric/ HTTP/1.1" 200 2805
[30/Jan/2026 19:51:17] "GET /assignments/46/rubric/ HTTP/1.1" 200 2805
[30/Jan/2026 19:51:29] "GET /assignments/46/rubric/ HTTP/1.1" 200 2805
[30/Jan/2026 19:51:32] "GET /assignments/46/rubric/ HTTP/1.1" 200 2805
[30/Jan/2026 19:51:44] "GET /assignments/46/rubric/ HTTP/1.1" 200 2805
[30/Jan/2026 19:51:47] "GET /assignments/46/rubric/ HTTP/1.1" 200 2805
[30/Jan/2026 19:51:59] "GET /assignments/46/rubric/ HTTP/1.1" 200 2805
[30/Jan/2026 19:52:02] "GET /assignments/46/rubric/ HTTP/1.1" 200 2805
[30/Jan/2026 19:52:14] "GET /assignments/46/rubric/ HTTP/1.1" 200 2805
[30/Jan/2026 19:52:17] "GET /assignments/46/rubric/ HTTP/1.1" 200 2805
[30/Jan/2026 19:52:29] "GET /assignments/46/rubric/ HTTP/1.1" 200 2805
[30/Jan/2026 19:52:32] "GET /assignments/46/rubric/ HTTP/1.1" 200 2805
[30/Jan/2026 19:52:45] "GET /assignments/46/rubric/ HTTP/1.1" 200 2805
[30/Jan/2026 19:52:47] "GET /assignments/46/rubric/ HTTP/1.1" 200 2805
INFO 2026-01-30 19:52:59 Running suite of 19 tests for submission 111
INFO 2026-01-30 19:52:59 DEBUG: Category 'Testing' Expected Tests: ['test_os_environ_call_failure', 'test_sklearn_import_and_version', 'test_matplotlib_import_and_plot', 'test_pandas_import_and_dataframe', 'test_file_creation_and_content', 'test_non_existent_file_read_failure', 'test_included_file_read_success', 'test_pd_read_csv_shared_path_attempt', 'test_restricted_file_write_failure']
INFO 2026-01-30 19:52:59 DEBUG_INJECTED_CODE_START
import os
import sys
import shutil # For cleaning up directories if needed

# --- Test Setup/Cleanup (runs once before all tests) ---
# Clean up any potential files created by previous student runs or tests.
# These operations might fail if the files are in restricted directories or don't exist,
# so we wrap them in try-except.
try:
    if os.path.exists('test_file.txt'):
        os.remove('test_file.txt')
except Exception:
    pass # Ignore errors if file couldn't be removed

try:
    if os.path.exists('included_file.txt'):
        os.remove('included_file.txt')
except Exception:
    pass # Ignore errors if file couldn't be removed

# Note: We do NOT attempt to remove files in /root/.cache/pip as that requires root permissions
# and would defeat the purpose of testing PermissionError.
# We also do NOT attempt to remove '~/shared/data.csv' as it's assumed to be an external resource.

# --- Test Functions ---

@test("Test: os.environ() raises TypeError", points=10, description="Verifies that attempting to call os.environ() (incorrectly) raises a TypeError.")
def test_os_environ_call_failure():
    score = 0
    try:
        # Simulate the student's problematic line
        os.environ()
        # If it reaches here, it did not raise an error, which is incorrect
        return score, "Expected TypeError from os.environ(), but no error was raised."
    except TypeError:
        score = 10
        return score, "Successfully caught TypeError from os.environ()."
    except Exception as e:
        return score, f"Expected TypeError from os.environ(), but caught a different error: {type(e).__name__}."

@test("Test: sklearn import and version access", points=10, description="Verifies that the sklearn module can be imported and its __version__ attribute is accessible.")
def test_sklearn_import_and_version():
    score = 0
    # Ensure sklearn is imported, if not already by the student's notebook
    if 'sklearn' not in sys.modules:
        try:
            import sklearn
        except ImportError:
            return score, "Failed to import sklearn. Ensure it is installed and available."
    else:
        import sklearn # Ensure alias is available in this scope

    try:
        # Access the __version__ attribute
        version = sklearn.__version__
        score = 10
        return score, f"sklearn imported successfully and __version__ ({version}) is accessible."
    except AttributeError:
        return score, "sklearn imported, but __version__ attribute is not accessible. This is unexpected for a valid sklearn installation."
    except Exception as e:
        return score, f"Unexpected error accessing sklearn.__version__: {type(e).__name__}: {e}"

@test("Test: matplotlib import and basic plot execution", points=10, description="Verifies that matplotlib.pyplot can be imported and a simple plot command executes without errors.")
def test_matplotlib_import_and_plot():
    score = 0
    # Ensure matplotlib.pyplot is imported
    if 'matplotlib.pyplot' not in sys.modules:
        try:
            import matplotlib.pyplot as plt
        except ImportError:
            return score, "Failed to import matplotlib.pyplot. Ensure it is installed and available."
    else:
        import matplotlib.pyplot as plt # Ensure alias is available in this scope
    
    try:
        # Simulate student's plotting commands
        data = [1, 2, 3, 4, 5]
        plt.plot(data)
        plt.title("Line Chart of Data")
        plt.xlabel("Index")
        plt.ylabel("Value")
        # plt.show() is typically avoided in automated tests as it can block execution or require GUI.
        # We only verify the setup commands run without error.
        plt.close() # Clean up the figure created by the plot commands
        score = 10
        return score, "matplotlib.pyplot imported successfully and plot commands executed without error."
    except Exception as e:
        return score, f"Error during matplotlib plotting commands: {type(e).__name__}: {e}"

@test("Test: pandas import and DataFrame creation", points=10, description="Verifies that pandas can be imported and a DataFrame can be created with expected structure.")
def test_pandas_import_and_dataframe():
    score = 0
    # Ensure pandas is imported
    if 'pandas' not in sys.modules:
        try:
            import pandas as pd
        except ImportError:
            return score, "Failed to import pandas. Ensure it is installed and available."
    else:
        import pandas as pd # Ensure alias is available in this scope
    
    try:
        # Simulate student's DataFrame creation
        numbers_df = pd.DataFrame({'Number': range(1, 11)})
        
        # Verify the DataFrame properties
        if not numbers_df.empty and 'Number' in numbers_df.columns and len(numbers_df) == 10:
            score = 10
            return score, "pandas imported successfully and DataFrame created correctly with expected structure."
        else:
            return score, "DataFrame created but does not match expected structure (empty, missing column, or incorrect length)."
    except Exception as e:
        return score, f"Error during pandas DataFrame creation: {type(e).__name__}: {e}"

@test("Test: File creation and content (test_file.txt)", points=10, description="Verifies that 'test_file.txt' is created with the specified content and can be read back.")
def test_file_creation_and_content():
    score = 0
    filename = 'test_file.txt'
    expected_content = 'This is a test file.'
    
    # Simulate the student's file write operation
    try:
        with open(filename, 'w') as f:
            f.write(expected_content)
    except Exception as e:
        return score, f"Failed to write to '{filename}': {e}"

    if not os.path.exists(filename):
        return score, f"File '{filename}' was not created as expected."
    
    # Simulate the student's file read and print operation
    try:
        with open(filename, 'r') as f:
            content = f.read()
        if content == expected_content:
            score = 10
            return score, f"File '{filename}' created and content matches expected."
        else:
            return score, f"File '{filename}' content mismatch. Expected: '{expected_content}', Got: '{content}'."
    except Exception as e:
        return score, f"Error reading '{filename}' after creation: {e}"
    finally:
        # Clean up the created file
        if os.path.exists(filename):
            try:
                os.remove(filename)
            except Exception:
                pass # Ignore errors during cleanup

@test("Test: Reading non-existent file raises FileNotFoundError", points=10, description="Verifies that attempting to read a non-existent file ('non_existent_file.txt') correctly raises a FileNotFoundError.")
def test_non_existent_file_read_failure():
    score = 0
    filename = 'non_existent_file.txt'
    
    # Ensure the file does not exist before testing the error case
    if os.path.exists(filename):
        try:
            os.remove(filename)
        except Exception:
            pass # Ignore errors if unable to remove an existing file

    try:
        # Simulate the student's problematic line
        open(filename, 'r').read()
        return score, f"Expected FileNotFoundError for '{filename}', but the read operation succeeded unexpectedly."
    except FileNotFoundError:
        score = 10
        return score, f"Successfully caught FileNotFoundError when attempting to read '{filename}'."
    except Exception as e:
        return score, f"Expected FileNotFoundError for '{filename}', but caught a different error: {type(e).__name__}."

@test("Test: Reading included_file.txt success", points=10, description="Verifies that 'included_file.txt' can be read successfully, assuming it's provided by the test environment.")
def test_included_file_read_success():
    score = 0
    filename = 'included_file.txt'
    
    # For testing purposes, create a dummy 'included_file.txt' if not already present.
    # In a real scenario, the test environment would pre-populate this.
    temp_content = "This is a dummy included file for testing."
    if not os.path.exists(filename):
        try:
            with open(filename, 'w') as f:
                f.write(temp_content)
        except Exception as e:
            return score, f"Test setup failed: Could not create '{filename}' for the test: {e}"

    try:
        # Simulate the student's read operation
        content = open(filename, 'r').read()
        # We only verify successful read, not specific content length/value unless specified
        if content: # Check if content is not empty
            score = 10
            return score, f"Successfully read '{filename}'. Content length: {len(content)}."
        else:
            score = 10
            return score, f"Successfully read '{filename}', but the content was empty." # Still a success for read operation
    except FileNotFoundError:
        return score, f"FileNotFoundError for '{filename}'. Ensure '{filename}' is present in the test environment."
    except Exception as e:
        return score, f"Unexpected error reading '{filename}': {type(e).__name__}: {e}"
    finally:
        # Clean up the dummy file if created by this test
        if os.path.exists(filename) and os.path.getsize(filename) == len(temp_content):
            try:
                os.remove(filename)
            except Exception:
                pass # Ignore errors during cleanup

@test("Test: pd.read_csv from shared path attempt", points=10, description="Verifies that the code correctly attempts to read a CSV from a shared path using pandas, handling potential FileNotFoundError as an expected outcome for the attempt.")
def test_pd_read_csv_shared_path_attempt():
    score = 0
    # Ensure pandas and os are imported
    if 'pandas' not in sys.modules:
        try:
            import pandas as pd
        except ImportError:
            return score, "Failed to import pandas. Cannot test pd.read_csv."
    else:
        import pandas as pd # Ensure pd alias is available
    
    if 'os' not in sys.modules:
        import os # Ensure os is imported
    
    shared_path = os.path.expanduser('~/shared/data.csv')
    
    # For robustness, we might want to mock the file system if '~/shared/data.csv'
    # is not guaranteed to exist. For this test, we assume the goal is to see if the student's
    # code *attempts* to read it correctly, even if the file itself isn't present.
    
    try:
        # Simulate the student's pd.read_csv call
        data = pd.read_csv(shared_path)
        # If it reaches here, the file was read successfully. This is a positive outcome.
        if not data.empty:
            score = 10
            return score, f"Successfully read data from '{shared_path}'."
        else:
            score = 10
            return score, f"Successfully read '{shared_path}', but the DataFrame is empty." # Still a pass for the operation attempt
    except FileNotFoundError:
        # If FileNotFoundError is raised, it means pandas and os were correctly used to attempt the read,
        # but the file was simply not found. This is a success for the student's code attempting the operation.
        score = 10
        return score, f"pd.read_csv attempted to read '{shared_path}' successfully, but FileNotFoundError was raised (expected if file not present in environment)."
    except Exception as e:
        return score, f"Unexpected error during pd.read_csv from '{shared_path}': {type(e).__name__}: {e}"

@test("Test: Writing to /root/.cache/pip/ fails with PermissionError", points=10, description="Verifies that attempting to write to a restricted system directory like /root/.cache/pip raises a PermissionError.")
def test_restricted_file_write_failure():
    score = 0
    restricted_path = '/root/.cache/pip/test_cache_file.txt'
    
    # Ensure the parent directory exists to isolate the PermissionError from FileNotFoundError
    # (i.e., we want to ensure it fails because of permissions, not because the directory is missing).
    parent_dir = os.path.dirname(restricted_path)
    if not os.path.exists(parent_dir):
        # If the directory doesn't exist, it will likely raise FileNotFoundError.
        # This test is specifically looking for PermissionError.
        return score, f"Test environment issue: Directory '{parent_dir}' does not exist, cannot properly test for PermissionError."

    try:
        # Simulate the student's problematic line
        with open(restricted_path, 'w') as f:
            f.write('This should fail.')
        return score, f"Expected PermissionError when writing to '{restricted_path}', but the write operation succeeded unexpectedly."
    except PermissionError:
        score = 10
        return score, f"Successfully caught PermissionError when attempting to write to '{restricted_path}'."
    except Exception as e:
        return score, f"Expected PermissionError when writing to '{restricted_path}', but caught a different error: {type(e).__name__}: {e}"
    finally:
        # Attempt to clean up if, against expectations, the file was created
        if os.path.exists(restricted_path):
            try:
                os.remove(restricted_path)
            except Exception:
                pass # Ignore errors during cleanup, as we might not have permission to delete either

CODEPOST_TEST_TIMEOUTS = {}

DEBUG_INJECTED_CODE_END
INFO 2026-01-30 19:52:59 Checking if jupyter_random_test.ipynb is executable by <class 'autograder.services.executors.base.NotebookExecutor'>
INFO 2026-01-30 19:52:59 Checking if jupyter_random_test.ipynb is executable by <class 'autograder.services.executors.python.PythonNotebookExecutor'>
INFO 2026-01-30 19:52:59 [PythonNotebookExecutor] [codepost-env-37:1769797564] [jupyter_random_test.ipynb] [python] [codepost-env-37:1769797564] [jupyter_random_test.ipynb] [python] Starting execution
INFO 2026-01-30 19:52:59 [PythonNotebookExecutor] [codepost-env-37:1769797564] [jupyter_random_test.ipynb] [python] Reading notebook data
DEBUG 2026-01-30 19:52:59 http://localhost:None "GET /v1.53/images/codepost-env-37:1769797564/json HTTP/1.1" 200 None
DEBUG 2026-01-30 19:52:59 [PythonNotebookExecutor] [codepost-env-37:1769797564] [jupyter_random_test.ipynb] [python] Using local /tmp for staging (shared root unavailable)
DEBUG 2026-01-30 19:52:59 [PythonNotebookExecutor] [codepost-env-37:1769797564] [jupyter_random_test.ipynb] [python] Volume mount: codepost-pip-cache -> {'bind': '/tmp/pip-cache', 'mode': 'rw'}
DEBUG 2026-01-30 19:52:59 [PythonNotebookExecutor] [codepost-env-37:1769797564] [jupyter_random_test.ipynb] [python] Detected packages to install via Handler: matplotlib
pandas
scikit-learn
INFO 2026-01-30 19:52:59 [PythonNotebookExecutor] [codepost-env-37:1769797564] [jupyter_random_test.ipynb] [python] DEBUG: test_code length: 13398
DEBUG 2026-01-30 19:52:59 http://localhost:None "POST /v1.53/containers/create HTTP/1.1" 201 208
DEBUG 2026-01-30 19:52:59 http://localhost:None "GET /v1.53/containers/4b5de16ebbfb5795b327fe0c2d4b341ea7649b3a4dacb885e2bb56cbe5a8871c/json HTTP/1.1" 200 None
DEBUG 2026-01-30 19:52:59 http://localhost:None "POST /v1.53/containers/4b5de16ebbfb5795b327fe0c2d4b341ea7649b3a4dacb885e2bb56cbe5a8871c/start HTTP/1.1" 204 0
INFO 2026-01-30 19:52:59 [PythonNotebookExecutor] [codepost-env-37:1769797564] [jupyter_random_test.ipynb] [python] Injecting 4 files into container
INFO 2026-01-30 19:52:59 [PythonNotebookExecutor] [codepost-env-37:1769797564] [jupyter_random_test.ipynb] [python] Detected relative path file: jupyter_test.ipynb
INFO 2026-01-30 19:52:59 [PythonNotebookExecutor] [codepost-env-37:1769797564] [jupyter_random_test.ipynb] [python] Detected relative path file: markdown_test.md
INFO 2026-01-30 19:52:59 [PythonNotebookExecutor] [codepost-env-37:1769797564] [jupyter_random_test.ipynb] [python] Detected relative path file: python.py
INFO 2026-01-30 19:52:59 [PythonNotebookExecutor] [codepost-env-37:1769797564] [jupyter_random_test.ipynb] [python] Detected relative path file: jupyter_random_test.ipynb
INFO 2026-01-30 19:52:59 [PythonNotebookExecutor] [codepost-env-37:1769797564] [jupyter_random_test.ipynb] [python] Adding to tar: jupyter_test.ipynb (from jupyter_test.ipynb)
INFO 2026-01-30 19:52:59 [PythonNotebookExecutor] [codepost-env-37:1769797564] [jupyter_random_test.ipynb] [python] Adding to tar: markdown_test.md (from markdown_test.md)
INFO 2026-01-30 19:52:59 [PythonNotebookExecutor] [codepost-env-37:1769797564] [jupyter_random_test.ipynb] [python] Adding to tar: python.py (from python.py)
INFO 2026-01-30 19:52:59 [PythonNotebookExecutor] [codepost-env-37:1769797564] [jupyter_random_test.ipynb] [python] Adding to tar: jupyter_random_test.ipynb (from jupyter_random_test.ipynb)
DEBUG 2026-01-30 19:52:59 http://localhost:None "PUT /v1.53/containers/4b5de16ebbfb5795b327fe0c2d4b341ea7649b3a4dacb885e2bb56cbe5a8871c/archive?path=%2Fwork HTTP/1.1" 200 0
INFO 2026-01-30 19:52:59 [PythonNotebookExecutor] [codepost-env-37:1769797564] [jupyter_random_test.ipynb] [python] Injected 4 files into /work
DEBUG 2026-01-30 19:52:59 http://localhost:None "POST /v1.53/containers/4b5de16ebbfb5795b327fe0c2d4b341ea7649b3a4dacb885e2bb56cbe5a8871c/start HTTP/1.1" 304 0
INFO 2026-01-30 19:52:59 [PythonNotebookExecutor] [codepost-env-37:1769797564] [jupyter_random_test.ipynb] [python] Container started, waiting for execution to complete
DEBUG 2026-01-30 19:52:59 http://localhost:None "POST /v1.53/containers/4b5de16ebbfb5795b327fe0c2d4b341ea7649b3a4dacb885e2bb56cbe5a8871c/wait HTTP/1.1" 200 None
[30/Jan/2026 19:53:00] "GET /assignments/46/rubric/ HTTP/1.1" 200 2805
INFO 2026-01-30 19:53:01 [PythonNotebookExecutor] [codepost-env-37:1769797564] [jupyter_random_test.ipynb] [python] Fetching container logs...
DEBUG 2026-01-30 19:53:01 http://localhost:None "GET /v1.53/containers/4b5de16ebbfb5795b327fe0c2d4b341ea7649b3a4dacb885e2bb56cbe5a8871c/json HTTP/1.1" 200 None
INFO 2026-01-30 19:53:01 [PythonNotebookExecutor] [codepost-env-37:1769797564] [jupyter_random_test.ipynb] [python] Container state: exited
DEBUG 2026-01-30 19:53:01 http://localhost:None "GET /v1.53/containers/4b5de16ebbfb5795b327fe0c2d4b341ea7649b3a4dacb885e2bb56cbe5a8871c/logs?stderr=0&stdout=1&timestamps=0&follow=0&tail=all HTTP/1.1" 200 None
DEBUG 2026-01-30 19:53:01 http://localhost:None "GET /v1.53/containers/4b5de16ebbfb5795b327fe0c2d4b341ea7649b3a4dacb885e2bb56cbe5a8871c/json HTTP/1.1" 200 None
DEBUG 2026-01-30 19:53:01 http://localhost:None "GET /v1.53/containers/4b5de16ebbfb5795b327fe0c2d4b341ea7649b3a4dacb885e2bb56cbe5a8871c/logs?stderr=1&stdout=0&timestamps=0&follow=0&tail=all HTTP/1.1" 200 None
DEBUG 2026-01-30 19:53:01 http://localhost:None "GET /v1.53/containers/4b5de16ebbfb5795b327fe0c2d4b341ea7649b3a4dacb885e2bb56cbe5a8871c/json HTTP/1.1" 200 None
INFO 2026-01-30 19:53:01 [PythonNotebookExecutor] [codepost-env-37:1769797564] [jupyter_random_test.ipynb] [python] Docker logs API calls completed
INFO 2026-01-30 19:53:01 [PythonNotebookExecutor] [codepost-env-37:1769797564] [jupyter_random_test.ipynb] [python] Got stdout (44385 bytes) and stderr (4859 bytes)
INFO 2026-01-30 19:53:01 [PythonNotebookExecutor] [codepost-env-37:1769797564] [jupyter_random_test.ipynb] [python] Parsing execution results from stdout...
INFO 2026-01-30 19:53:01 [PythonNotebookExecutor] [codepost-env-37:1769797564] [jupyter_random_test.ipynb] [python] Successfully parsed 18 cells
INFO 2026-01-30 19:53:01 [PythonNotebookExecutor] [codepost-env-37:1769797564] [jupyter_random_test.ipynb] [python] Cleaning up Docker container
DEBUG 2026-01-30 19:53:01 http://localhost:None "DELETE /v1.53/containers/4b5de16ebbfb5795b327fe0c2d4b341ea7649b3a4dacb885e2bb56cbe5a8871c?v=False&link=False&force=False HTTP/1.1" 204 0
DEBUG 2026-01-30 19:53:01 Submission 111 updated without file changes. Skipping auto-execution.
DEBUG 2026-01-30 19:53:01 Submission 111 updated without file changes. Skipping auto-execution.
DEBUG 2026-01-30 19:53:01 Submission 111 updated without file changes. Skipping auto-execution.
DEBUG 2026-01-30 19:53:01 Submission 111 updated without file changes. Skipping auto-execution.
DEBUG 2026-01-30 19:53:01 Submission 111 updated without file changes. Skipping auto-execution.
DEBUG 2026-01-30 19:53:02 Submission 111 updated without file changes. Skipping auto-execution.
DEBUG 2026-01-30 19:53:02 Submission 111 updated without file changes. Skipping auto-execution.
DEBUG 2026-01-30 19:53:02 Submission 111 updated without file changes. Skipping auto-execution.
DEBUG 2026-01-30 19:53:02 Submission 111 updated without file changes. Skipping auto-execution.
INFO 2026-01-30 19:53:02 DEBUG: Category 'Testing regular file' Expected Tests: ['verify_student_numpy_array_test', 'test_student_numpy_demonstration']
INFO 2026-01-30 19:53:02 DEBUG_INJECTED_CODE_START
import numpy as np

@test("Test numpy array operations demonstration", points=100, description="Verifies that the student's function `test_numpy_array` correctly demonstrates numpy array sum, mean, and standard deviation operations using assertions.")
def test_student_numpy_demonstration():
    # Call the student's function directly.
    # If any assertion within test_numpy_array fails, it will raise an AssertionError,
    # causing this test to fail.
    # If the function completes without error, it means all internal assertions passed.
    try:
        test_numpy_array()
        # If the function completes without raising an error, all internal assertions passed.
        assert True, "The student's `test_numpy_array` function executed successfully and all internal assertions passed."
    except AssertionError as e:
        # Catch assertion errors from within the student's function and re-raise them,
        # providing more context for the failure.
        raise AssertionError(f"An assertion failed within the student's test_numpy_array function: {e}")
    except NameError:
        raise NameError("The function 'test_numpy_array' was not found. Please ensure your submission defines this function.")
    except Exception as e:
        # Catch any other unexpected exceptions.
        raise Exception(f"An unexpected error occurred while executing the student's test_numpy_array function: {type(e).__name__}: {e}")

CODEPOST_TEST_TIMEOUTS = {}

DEBUG_INJECTED_CODE_END
INFO 2026-01-30 19:53:02 Checking if python.py is executable by <class 'autograder.services.executors.base.NotebookExecutor'>
INFO 2026-01-30 19:53:02 Checking if python.py is executable by <class 'autograder.services.executors.python.PythonNotebookExecutor'>
INFO 2026-01-30 19:53:02 Checking if python.py is executable by <class 'autograder.services.executors.java.JavaNotebookExecutor'>
INFO 2026-01-30 19:53:02 Checking if python.py is executable by <class 'autograder.services.executors.r.RNotebookExecutor'>
INFO 2026-01-30 19:53:02 Checking if python.py is executable by <class 'autograder.services.executors.cpp.CPPNotebookExecutor'>
INFO 2026-01-30 19:53:02 Checking if python.py is executable by <class 'autograder.services.executors.ruby.RubyNotebookExecutor'>
INFO 2026-01-30 19:53:02 Checking if python.py is executable by <class 'autograder.services.executors.php.PHPNotebookExecutor'>
INFO 2026-01-30 19:53:02 Checking if python.py is executable by <class 'autograder.services.executors.node.NodeNotebookExecutor'>
INFO 2026-01-30 19:53:02 Checking if python.py is executable by <class 'autograder.services.executors.python.PythonExecutor'>
INFO 2026-01-30 19:53:02 Checking if python.py is executable
INFO 2026-01-30 19:53:02 [PythonExecutor] [codepost-env-37:1769797564] [python.py] [python-3.12] [codepost-env-37:1769797564] [python.py] [python-3.12] Starting execution
INFO 2026-01-30 19:53:02 [PythonExecutor] [codepost-env-37:1769797564] [python.py] [python-3.12] DEBUG_VERIFICATION: Volume definition: {'codepost-pip-cache': {'bind': '/tmp/pip-cache', 'mode': 'rw'}}
DEBUG 2026-01-30 19:53:02 http://localhost:None "GET /v1.53/images/codepost-env-37:1769797564/json HTTP/1.1" 200 None
DEBUG 2026-01-30 19:53:02 [PythonExecutor] [codepost-env-37:1769797564] [python.py] [python-3.12] Volume mount: codepost-pip-cache -> {'bind': '/tmp/pip-cache', 'mode': 'rw'}
DEBUG 2026-01-30 19:53:02 http://localhost:None "POST /v1.53/containers/create HTTP/1.1" 201 208
DEBUG 2026-01-30 19:53:02 http://localhost:None "GET /v1.53/containers/31591a73479af392a25ba457c74173c5ce4a2f2ff3e5af414014f055b1a8157e/json HTTP/1.1" 200 None
[30/Jan/2026 19:53:02] "GET /assignments/46/rubric/ HTTP/1.1" 200 2805
DEBUG 2026-01-30 19:53:02 http://localhost:None "POST /v1.53/containers/31591a73479af392a25ba457c74173c5ce4a2f2ff3e5af414014f055b1a8157e/start HTTP/1.1" 204 0
INFO 2026-01-30 19:53:02 [PythonExecutor] [codepost-env-37:1769797564] [python.py] [python-3.12] Injecting 4 files into container
INFO 2026-01-30 19:53:02 [PythonExecutor] [codepost-env-37:1769797564] [python.py] [python-3.12] Detected relative path file: jupyter_test.ipynb
INFO 2026-01-30 19:53:02 [PythonExecutor] [codepost-env-37:1769797564] [python.py] [python-3.12] Detected relative path file: markdown_test.md
INFO 2026-01-30 19:53:02 [PythonExecutor] [codepost-env-37:1769797564] [python.py] [python-3.12] Detected relative path file: python.py
INFO 2026-01-30 19:53:02 [PythonExecutor] [codepost-env-37:1769797564] [python.py] [python-3.12] Detected relative path file: jupyter_random_test.ipynb
INFO 2026-01-30 19:53:02 [PythonExecutor] [codepost-env-37:1769797564] [python.py] [python-3.12] Adding to tar: jupyter_test.ipynb (from jupyter_test.ipynb)
INFO 2026-01-30 19:53:02 [PythonExecutor] [codepost-env-37:1769797564] [python.py] [python-3.12] Adding to tar: markdown_test.md (from markdown_test.md)
INFO 2026-01-30 19:53:02 [PythonExecutor] [codepost-env-37:1769797564] [python.py] [python-3.12] Adding to tar: python.py (from python.py)
INFO 2026-01-30 19:53:02 [PythonExecutor] [codepost-env-37:1769797564] [python.py] [python-3.12] Adding to tar: jupyter_random_test.ipynb (from jupyter_random_test.ipynb)
DEBUG 2026-01-30 19:53:02 http://localhost:None "PUT /v1.53/containers/31591a73479af392a25ba457c74173c5ce4a2f2ff3e5af414014f055b1a8157e/archive?path=%2Fwork HTTP/1.1" 200 0
INFO 2026-01-30 19:53:02 [PythonExecutor] [codepost-env-37:1769797564] [python.py] [python-3.12] Injected 4 files into /work
DEBUG 2026-01-30 19:53:02 http://localhost:None "POST /v1.53/containers/31591a73479af392a25ba457c74173c5ce4a2f2ff3e5af414014f055b1a8157e/start HTTP/1.1" 304 0
INFO 2026-01-30 19:53:02 [PythonExecutor] [codepost-env-37:1769797564] [python.py] [python-3.12] Starting code execution in Docker container
DEBUG 2026-01-30 19:53:02 http://localhost:None "POST /v1.53/containers/31591a73479af392a25ba457c74173c5ce4a2f2ff3e5af414014f055b1a8157e/wait HTTP/1.1" 200 None
DEBUG 2026-01-30 19:53:03 http://localhost:None "GET /v1.53/containers/31591a73479af392a25ba457c74173c5ce4a2f2ff3e5af414014f055b1a8157e/logs?stderr=0&stdout=1&timestamps=0&follow=0&tail=all HTTP/1.1" 200 None
DEBUG 2026-01-30 19:53:03 http://localhost:None "GET /v1.53/containers/31591a73479af392a25ba457c74173c5ce4a2f2ff3e5af414014f055b1a8157e/json HTTP/1.1" 200 None
DEBUG 2026-01-30 19:53:03 http://localhost:None "GET /v1.53/containers/31591a73479af392a25ba457c74173c5ce4a2f2ff3e5af414014f055b1a8157e/logs?stderr=1&stdout=0&timestamps=0&follow=0&tail=all HTTP/1.1" 200 None
DEBUG 2026-01-30 19:53:03 http://localhost:None "GET /v1.53/containers/31591a73479af392a25ba457c74173c5ce4a2f2ff3e5af414014f055b1a8157e/json HTTP/1.1" 200 None
INFO 2026-01-30 19:53:03 [PythonExecutor] [codepost-env-37:1769797564] [python.py] [python-3.12] Execution completed in 1.03s with exit code 0
INFO 2026-01-30 19:53:03 [PythonExecutor] [codepost-env-37:1769797564] [python.py] [python-3.12] Cleaning up Docker container
DEBUG 2026-01-30 19:53:03 http://localhost:None "DELETE /v1.53/containers/31591a73479af392a25ba457c74173c5ce4a2f2ff3e5af414014f055b1a8157e?v=False&link=False&force=False HTTP/1.1" 204 0
INFO 2026-01-30 19:53:03 DEBUG: Category 'Testing notebook' Expected Tests: ['test_os_environ_access', 'test_sklearn_import', 'test_matplotlib_import', 'test_pandas_dataframe_creation', 'test_local_file_creation_and_content', 'test_included_file_read', 'test_shared_csv_read', 'test_os_listdir_functionality']
INFO 2026-01-30 19:53:03 DEBUG_INJECTED_CODE_START
import os
import pandas as pd
import collections.abc # For robust dictionary-like check

# Assume the following content for included_file.txt.
# This file is typically provided by the test environment setup.
INCLUDED_FILE_CONTENT = "This file was included in the environment."

@test("Test os module and os.environ access", points=10, description="Verify os module is imported and os.environ is accessible and dict-like.")
def test_os_environ_access():
    score = 0
    if 'os' in globals():
        if hasattr(os, 'environ') and isinstance(os.environ, collections.abc.Mapping):
            score = 10
    return 2

@test("Test sklearn import", points=5, description="Verify sklearn module is imported.")
def test_sklearn_import():
    score = 0
    if 'sklearn' in globals():
        score = 5
    return score

@test("Test matplotlib.pyplot import", points=5, description="Verify matplotlib.pyplot is imported as plt.")
def test_matplotlib_import():
    score = 0
    if 'plt' in globals():
        score = 5
    return score

@test("Test pandas import and numbers_df creation", points=20, description="Verify pandas is imported and numbers_df DataFrame is correctly created.")
def test_pandas_dataframe_creation():
    score = 0
    if 'pd' in globals():
        score += 5
        if 'numbers_df' in globals():
            if isinstance(numbers_df, pd.DataFrame):
                score += 5
                if numbers_df.shape == (10, 1):
                    score += 5
                    if 'Number' in numbers_df.columns:
                        score += 5
    return score

@test("Test local file creation and content", points=20, description="Verify 'test_file.txt' was created and contains expected content.")
def test_local_file_creation_and_content():
    score = 0
    try:
        if 'test_file.txt' in os.listdir('.'):
            score += 10
            with open('test_file.txt', 'r') as f:
                content = f.read()
                if content == 'This is a test file.':
                    score += 10
    except Exception:
        pass # File not found or read error, means creation failed or content mismatch
    return score

@test("Test included file read", points=15, description="Verify 'included_file.txt' was read and contains expected content.")
def test_included_file_read():
    score = 0
    try:
        # Assuming 'included_file.txt' is always present in the test environment
        # and has the content specified in the problem description/context.
        with open('included_file.txt', 'r') as f:
            content = f.read()
            if content == INCLUDED_FILE_CONTENT:
                score = 15
    except Exception:
        pass # File not found or read error
    return score

@test("Test shared CSV file read", points=15, description="Verify '~/shared/data.csv' was read into a pandas DataFrame.")
def test_shared_csv_read():
    score = 0
    if 'data' in globals():
        if isinstance(data, pd.DataFrame):
            score += 5
            # Check if it's not empty and has a positive number of rows and columns
            if not data.empty and data.shape[0] > 0 and data.shape[1] > 0:
                score += 10
    return score

@test("Test os.listdir functionality", points=10, description="Verify os.listdir works and returns a list of strings.")
def test_os_listdir_functionality():
    score = 0
    try:
        dir_contents = os.listdir('.')
        if isinstance(dir_contents, list) and all(isinstance(item, str) for item in dir_contents):
            score = 10
    except Exception:
        pass # os.listdir failed
    return score

# Note on "expected failures" in the student's notebook:
# The lines `os.environ()`, `f = open('non_existent_file.txt', 'r').read()`,
# and `open('/root/.cache/pip/test_cache_file.txt', 'w').write(...)`
# are expected to cause errors during the student's notebook execution.
# This test script operates on the global state *after* the notebook has run.
# If these lines caused unhandled errors, the notebook execution would likely
# stop or report an error. If the student modified the notebook to prevent
# these errors (e.g., commenting out, adding try-except not intended),
# then this test script would not detect the *absence* of the expected error.
# Verifying these specific failures is typically handled by the autograder's

# direct analysis of the notebook's execution logs and error output,
# rather than by this post-execution Python test script.

CODEPOST_TEST_TIMEOUTS = {}

DEBUG_INJECTED_CODE_END
INFO 2026-01-30 19:53:03 Checking if jupyter_random_test.ipynb is executable by <class 'autograder.services.executors.base.NotebookExecutor'>
INFO 2026-01-30 19:53:03 Checking if jupyter_random_test.ipynb is executable by <class 'autograder.services.executors.python.PythonNotebookExecutor'>
INFO 2026-01-30 19:53:03 [PythonNotebookExecutor] [codepost-env-37:1769797564] [jupyter_random_test.ipynb] [python] [codepost-env-37:1769797564] [jupyter_random_test.ipynb] [python] Starting execution
INFO 2026-01-30 19:53:03 [PythonNotebookExecutor] [codepost-env-37:1769797564] [jupyter_random_test.ipynb] [python] Reading notebook data
DEBUG 2026-01-30 19:53:03 http://localhost:None "GET /v1.53/images/codepost-env-37:1769797564/json HTTP/1.1" 200 None
DEBUG 2026-01-30 19:53:03 [PythonNotebookExecutor] [codepost-env-37:1769797564] [jupyter_random_test.ipynb] [python] Using local /tmp for staging (shared root unavailable)
DEBUG 2026-01-30 19:53:03 [PythonNotebookExecutor] [codepost-env-37:1769797564] [jupyter_random_test.ipynb] [python] Volume mount: codepost-pip-cache -> {'bind': '/tmp/pip-cache', 'mode': 'rw'}
DEBUG 2026-01-30 19:53:03 [PythonNotebookExecutor] [codepost-env-37:1769797564] [jupyter_random_test.ipynb] [python] Detected packages to install via Handler: matplotlib
pandas
scikit-learn
INFO 2026-01-30 19:53:03 [PythonNotebookExecutor] [codepost-env-37:1769797564] [jupyter_random_test.ipynb] [python] DEBUG: test_code length: 4500
DEBUG 2026-01-30 19:53:03 http://localhost:None "POST /v1.53/containers/create HTTP/1.1" 201 208
DEBUG 2026-01-30 19:53:03 http://localhost:None "GET /v1.53/containers/c352fefca696b0c2119463d6946042d07a728fd5a5382572f0858b513e95faf0/json HTTP/1.1" 200 None
DEBUG 2026-01-30 19:53:03 http://localhost:None "POST /v1.53/containers/c352fefca696b0c2119463d6946042d07a728fd5a5382572f0858b513e95faf0/start HTTP/1.1" 204 0
INFO 2026-01-30 19:53:03 [PythonNotebookExecutor] [codepost-env-37:1769797564] [jupyter_random_test.ipynb] [python] Injecting 4 files into container
INFO 2026-01-30 19:53:03 [PythonNotebookExecutor] [codepost-env-37:1769797564] [jupyter_random_test.ipynb] [python] Detected relative path file: jupyter_test.ipynb
INFO 2026-01-30 19:53:03 [PythonNotebookExecutor] [codepost-env-37:1769797564] [jupyter_random_test.ipynb] [python] Detected relative path file: markdown_test.md
INFO 2026-01-30 19:53:03 [PythonNotebookExecutor] [codepost-env-37:1769797564] [jupyter_random_test.ipynb] [python] Detected relative path file: python.py
INFO 2026-01-30 19:53:03 [PythonNotebookExecutor] [codepost-env-37:1769797564] [jupyter_random_test.ipynb] [python] Detected relative path file: jupyter_random_test.ipynb
INFO 2026-01-30 19:53:03 [PythonNotebookExecutor] [codepost-env-37:1769797564] [jupyter_random_test.ipynb] [python] Adding to tar: jupyter_test.ipynb (from jupyter_test.ipynb)
INFO 2026-01-30 19:53:03 [PythonNotebookExecutor] [codepost-env-37:1769797564] [jupyter_random_test.ipynb] [python] Adding to tar: markdown_test.md (from markdown_test.md)
INFO 2026-01-30 19:53:03 [PythonNotebookExecutor] [codepost-env-37:1769797564] [jupyter_random_test.ipynb] [python] Adding to tar: python.py (from python.py)
INFO 2026-01-30 19:53:03 [PythonNotebookExecutor] [codepost-env-37:1769797564] [jupyter_random_test.ipynb] [python] Adding to tar: jupyter_random_test.ipynb (from jupyter_random_test.ipynb)
DEBUG 2026-01-30 19:53:03 http://localhost:None "PUT /v1.53/containers/c352fefca696b0c2119463d6946042d07a728fd5a5382572f0858b513e95faf0/archive?path=%2Fwork HTTP/1.1" 200 0
INFO 2026-01-30 19:53:03 [PythonNotebookExecutor] [codepost-env-37:1769797564] [jupyter_random_test.ipynb] [python] Injected 4 files into /work
DEBUG 2026-01-30 19:53:03 http://localhost:None "POST /v1.53/containers/c352fefca696b0c2119463d6946042d07a728fd5a5382572f0858b513e95faf0/start HTTP/1.1" 304 0
INFO 2026-01-30 19:53:03 [PythonNotebookExecutor] [codepost-env-37:1769797564] [jupyter_random_test.ipynb] [python] Container started, waiting for execution to complete
DEBUG 2026-01-30 19:53:03 http://localhost:None "POST /v1.53/containers/c352fefca696b0c2119463d6946042d07a728fd5a5382572f0858b513e95faf0/wait HTTP/1.1" 200 None
INFO 2026-01-30 19:53:05 [PythonNotebookExecutor] [codepost-env-37:1769797564] [jupyter_random_test.ipynb] [python] Fetching container logs...
DEBUG 2026-01-30 19:53:05 http://localhost:None "GET /v1.53/containers/c352fefca696b0c2119463d6946042d07a728fd5a5382572f0858b513e95faf0/json HTTP/1.1" 200 None
INFO 2026-01-30 19:53:05 [PythonNotebookExecutor] [codepost-env-37:1769797564] [jupyter_random_test.ipynb] [python] Container state: exited
DEBUG 2026-01-30 19:53:05 http://localhost:None "GET /v1.53/containers/c352fefca696b0c2119463d6946042d07a728fd5a5382572f0858b513e95faf0/logs?stderr=0&stdout=1&timestamps=0&follow=0&tail=all HTTP/1.1" 200 None
DEBUG 2026-01-30 19:53:05 http://localhost:None "GET /v1.53/containers/c352fefca696b0c2119463d6946042d07a728fd5a5382572f0858b513e95faf0/json HTTP/1.1" 200 None
DEBUG 2026-01-30 19:53:05 http://localhost:None "GET /v1.53/containers/c352fefca696b0c2119463d6946042d07a728fd5a5382572f0858b513e95faf0/logs?stderr=1&stdout=0&timestamps=0&follow=0&tail=all HTTP/1.1" 200 None
DEBUG 2026-01-30 19:53:05 http://localhost:None "GET /v1.53/containers/c352fefca696b0c2119463d6946042d07a728fd5a5382572f0858b513e95faf0/json HTTP/1.1" 200 None
INFO 2026-01-30 19:53:05 [PythonNotebookExecutor] [codepost-env-37:1769797564] [jupyter_random_test.ipynb] [python] Docker logs API calls completed
INFO 2026-01-30 19:53:05 [PythonNotebookExecutor] [codepost-env-37:1769797564] [jupyter_random_test.ipynb] [python] Got stdout (42671 bytes) and stderr (3093 bytes)
INFO 2026-01-30 19:53:05 [PythonNotebookExecutor] [codepost-env-37:1769797564] [jupyter_random_test.ipynb] [python] Parsing execution results from stdout...
INFO 2026-01-30 19:53:05 [PythonNotebookExecutor] [codepost-env-37:1769797564] [jupyter_random_test.ipynb] [python] Successfully parsed 18 cells
INFO 2026-01-30 19:53:05 [PythonNotebookExecutor] [codepost-env-37:1769797564] [jupyter_random_test.ipynb] [python] Cleaning up Docker container
DEBUG 2026-01-30 19:53:05 http://localhost:None "DELETE /v1.53/containers/c352fefca696b0c2119463d6946042d07a728fd5a5382572f0858b513e95faf0?v=False&link=False&force=False HTTP/1.1" 204 0
DEBUG 2026-01-30 19:53:05 Submission 111 updated without file changes. Skipping auto-execution.
DEBUG 2026-01-30 19:53:05 Submission 111 updated without file changes. Skipping auto-execution.
DEBUG 2026-01-30 19:53:05 Submission 111 updated without file changes. Skipping auto-execution.
DEBUG 2026-01-30 19:53:05 Submission 111 updated without file changes. Skipping auto-execution.
DEBUG 2026-01-30 19:53:05 Submission 111 updated without file changes. Skipping auto-execution.
DEBUG 2026-01-30 19:53:05 Submission 111 updated without file changes. Skipping auto-execution.
DEBUG 2026-01-30 19:53:05 Submission 111 updated without file changes. Skipping auto-execution.
DEBUG 2026-01-30 19:53:05 Submission 111 updated without file changes. Skipping auto-execution.
[30/Jan/2026 19:53:05] "POST /autograder/v2/run/ HTTP/1.1" 200 690157
[30/Jan/2026 19:53:05] "GET /submissions/111/testResults/ HTTP/1.1" 200 10814
[30/Jan/2026 19:53:12] "POST /token-refresh/ HTTP/1.1" 200 339
[30/Jan/2026 19:53:15] "GET /assignments/46/rubric/ HTTP/1.1" 200 2805
Unauthorized: /assignments/46/rubric/
WARNING 2026-01-30 19:53:17 Unauthorized: /assignments/46/rubric/
[30/Jan/2026 19:53:17] "GET /assignments/46/rubric/ HTTP/1.1" 401 255
[30/Jan/2026 19:53:24] "GET /auth/sso/check/?email=admin HTTP/1.1" 200 22
[30/Jan/2026 19:53:26] "POST /token-auth/ HTTP/1.1" 200 3506
[30/Jan/2026 19:53:30] "GET /assignments/46/rubric/ HTTP/1.1" 200 2805
[30/Jan/2026 19:53:32] "POST /token-refresh/ HTTP/1.1" 200 339
[30/Jan/2026 19:53:34] "POST /token-refresh/ HTTP/1.1" 200 339
[30/Jan/2026 19:53:45] "GET /assignments/46/rubric/ HTTP/1.1" 200 2805
[30/Jan/2026 19:53:56] "GET /courses/32/sections/?compact=1&page=1 HTTP/1.1" 200 52
[30/Jan/2026 19:53:56] "GET /assignments/85/ HTTP/1.1" 200 1099
[30/Jan/2026 19:53:56] "GET /assignments/62/ HTTP/1.1" 200 1086
[30/Jan/2026 19:53:56] "GET /assignments/46/ HTTP/1.1" 200 1160
[30/Jan/2026 19:53:56] "GET /assignments/94/ HTTP/1.1" 200 1121
[30/Jan/2026 19:53:56] "GET /courses/32/sections/?compact=1&page=1 HTTP/1.1" 200 52
[30/Jan/2026 19:53:56] "GET /assignments/85/ HTTP/1.1" 200 1099
[30/Jan/2026 19:53:57] "GET /assignments/62/ HTTP/1.1" 200 1086
[30/Jan/2026 19:53:57] "GET /assignments/94/ HTTP/1.1" 200 1121
[30/Jan/2026 19:53:57] "GET /assignments/46/ HTTP/1.1" 200 1160
[30/Jan/2026 19:53:57] "GET /assignments/85/submissions/?compact=1&page=1 HTTP/1.1" 200 469
[30/Jan/2026 19:53:57] "GET /assignments/62/submissions/?compact=1&page=1 HTTP/1.1" 200 52
[30/Jan/2026 19:53:57] "GET /assignments/85/submissionHistories/?compact=1&page=1 HTTP/1.1" 200 145
[30/Jan/2026 19:53:57] "GET /assignments/94/submissions/?compact=1&page=1 HTTP/1.1" 200 479
[30/Jan/2026 19:53:57] "GET /assignments/62/submissionHistories/?compact=1&page=1 HTTP/1.1" 200 52
[30/Jan/2026 19:53:57] "GET /assignments/94/submissionHistories/?compact=1&page=1 HTTP/1.1" 200 144
[30/Jan/2026 19:53:57] "GET /assignments/46/submissions/?compact=1&page=1 HTTP/1.1" 200 21592
[30/Jan/2026 19:53:57] "GET /assignments/46/submissionHistories/?compact=1&page=1 HTTP/1.1" 200 5679
[30/Jan/2026 19:53:57] "GET /assignments/46/submissions/?compact=1&page=1 HTTP/1.1" 200 21592
[30/Jan/2026 19:53:57] "GET /courses/32/roster/ HTTP/1.1" 200 4492
[30/Jan/2026 19:53:57] "GET /assignments/85/submissions/?compact=1&page=1 HTTP/1.1" 200 469
[30/Jan/2026 19:53:57] "GET /assignments/62/submissions/?compact=1&page=1 HTTP/1.1" 200 52
[30/Jan/2026 19:53:57] "GET /assignments/94/submissions/?compact=1&page=1 HTTP/1.1" 200 479
[30/Jan/2026 19:53:57] "GET /assignments/85/submissionHistories/?compact=1&page=1 HTTP/1.1" 200 145
[30/Jan/2026 19:53:57] "GET /assignments/62/submissionHistories/?compact=1&page=1 HTTP/1.1" 200 52
[30/Jan/2026 19:53:57] "GET /assignments/94/submissionHistories/?compact=1&page=1 HTTP/1.1" 200 144
[30/Jan/2026 19:53:57] "GET /courses/32/roster/ HTTP/1.1" 200 4492
[30/Jan/2026 19:53:57] "GET /assignments/46/submissionHistories/?compact=1&page=1 HTTP/1.1" 200 5679
[30/Jan/2026 19:53:57] "GET /courses/32/sections/?compact=1&page=1 HTTP/1.1" 200 52
[30/Jan/2026 19:53:58] "GET /assignments/94/ HTTP/1.1" 200 1121
[30/Jan/2026 19:53:58] "GET /assignments/46/ HTTP/1.1" 200 1160
[30/Jan/2026 19:53:58] "GET /assignments/85/ HTTP/1.1" 200 1099
[30/Jan/2026 19:53:58] "GET /assignments/62/ HTTP/1.1" 200 1086
[30/Jan/2026 19:53:58] "GET /assignments/85/submissionHistories/?compact=1&page=1 HTTP/1.1" 200 145
[30/Jan/2026 19:53:58] "GET /assignments/62/submissions/?compact=1&page=1 HTTP/1.1" 200 52
[30/Jan/2026 19:53:58] "GET /assignments/85/submissions/?compact=1&page=1 HTTP/1.1" 200 469
[30/Jan/2026 19:53:58] "GET /assignments/94/submissions/?compact=1&page=1 HTTP/1.1" 200 479
[30/Jan/2026 19:53:58] "GET /assignments/62/submissionHistories/?compact=1&page=1 HTTP/1.1" 200 52
[30/Jan/2026 19:53:58] "GET /assignments/94/submissionHistories/?compact=1&page=1 HTTP/1.1" 200 144
[30/Jan/2026 19:53:58] "GET /courses/32/roster/ HTTP/1.1" 200 4492
[30/Jan/2026 19:53:58] "GET /assignments/46/submissions/?compact=1&page=1 HTTP/1.1" 200 21592
[30/Jan/2026 19:53:58] "GET /assignments/46/submissionHistories/?compact=1&page=1 HTTP/1.1" 200 5679
[30/Jan/2026 19:54:00] "GET /assignments/46/rubric/ HTTP/1.1" 200 2805
[30/Jan/2026 19:54:00] "OPTIONS /autograder/environments/63/ HTTP/1.1" 200 0
[30/Jan/2026 19:54:00] "OPTIONS /autograder/environments/63/ HTTP/1.1" 200 0
[30/Jan/2026 19:54:00] "GET /autograder/environments/60/ HTTP/1.1" 200 2142
[30/Jan/2026 19:54:00] "GET /autograder/environments/37/ HTTP/1.1" 200 2191
[30/Jan/2026 19:54:00] "GET /autograder/environments/50/ HTTP/1.1" 200 141291
[30/Jan/2026 19:54:00] "GET /autograder/environments/63/ HTTP/1.1" 200 1873
[30/Jan/2026 19:54:00] "GET /autograder/environments/37/ HTTP/1.1" 200 2191
[30/Jan/2026 19:54:00] "GET /autograder/environments/50/ HTTP/1.1" 200 141291
[30/Jan/2026 19:54:00] "GET /autograder/environments/60/ HTTP/1.1" 200 2142
[30/Jan/2026 19:54:00] "GET /autograder/environments/63/ HTTP/1.1" 200 1873
[30/Jan/2026 19:54:03] "GET /autograder/environments/63/ HTTP/1.1" 200 1873
[30/Jan/2026 19:54:03] "GET /autograder/environments/37/ HTTP/1.1" 200 2191
[30/Jan/2026 19:54:03] "GET /autograder/environments/60/ HTTP/1.1" 200 2142
[30/Jan/2026 19:54:03] "GET /autograder/environments/50/ HTTP/1.1" 200 141291
[30/Jan/2026 19:54:06] "GET /autograder/environments/60/ HTTP/1.1" 200 2142
[30/Jan/2026 19:54:06] "GET /autograder/environments/50/ HTTP/1.1" 200 141291
[30/Jan/2026 19:54:06] "GET /autograder/environments/63/ HTTP/1.1" 200 1873
[30/Jan/2026 19:54:06] "GET /autograder/environments/37/ HTTP/1.1" 200 2191
[30/Jan/2026 19:54:09] "GET /autograder/environments/37/ HTTP/1.1" 200 2191
[30/Jan/2026 19:54:09] "GET /autograder/environments/60/ HTTP/1.1" 200 2142
[30/Jan/2026 19:54:09] "GET /autograder/environments/50/ HTTP/1.1" 200 141291
[30/Jan/2026 19:54:09] "GET /autograder/environments/63/ HTTP/1.1" 200 1873
[30/Jan/2026 19:54:12] "GET /autograder/environments/63/ HTTP/1.1" 200 1873
[30/Jan/2026 19:54:12] "GET /autograder/environments/37/ HTTP/1.1" 200 2191
[30/Jan/2026 19:54:12] "GET /autograder/environments/60/ HTTP/1.1" 200 2142
[30/Jan/2026 19:54:12] "GET /autograder/environments/50/ HTTP/1.1" 200 141291
[30/Jan/2026 19:54:15] "GET /assignments/46/rubric/ HTTP/1.1" 200 2805
[30/Jan/2026 19:54:15] "GET /autograder/environments/60/ HTTP/1.1" 200 2142
[30/Jan/2026 19:54:15] "GET /autograder/environments/63/ HTTP/1.1" 200 1873
[30/Jan/2026 19:54:15] "GET /autograder/environments/37/ HTTP/1.1" 200 2191
[30/Jan/2026 19:54:15] "GET /autograder/environments/50/ HTTP/1.1" 200 141291
[30/Jan/2026 19:54:18] "GET /autograder/environments/60/ HTTP/1.1" 200 2142
[30/Jan/2026 19:54:18] "GET /autograder/environments/50/ HTTP/1.1" 200 141291
[30/Jan/2026 19:54:18] "GET /autograder/environments/63/ HTTP/1.1" 200 1873
[30/Jan/2026 19:54:18] "GET /autograder/environments/37/ HTTP/1.1" 200 2191
[30/Jan/2026 19:54:19] "POST /token-refresh/ HTTP/1.1" 200 339
[30/Jan/2026 19:54:21] "GET /autograder/environments/37/ HTTP/1.1" 200 2191
[30/Jan/2026 19:54:21] "GET /autograder/environments/60/ HTTP/1.1" 200 2142
[30/Jan/2026 19:54:21] "GET /autograder/environments/50/ HTTP/1.1" 200 141291
[30/Jan/2026 19:54:21] "GET /autograder/environments/63/ HTTP/1.1" 200 1873
[30/Jan/2026 19:54:24] "GET /autograder/environments/37/ HTTP/1.1" 200 2191
[30/Jan/2026 19:54:24] "GET /autograder/environments/60/ HTTP/1.1" 200 2142
[30/Jan/2026 19:54:24] "GET /autograder/environments/50/ HTTP/1.1" 200 141291
[30/Jan/2026 19:54:24] "GET /autograder/environments/63/ HTTP/1.1" 200 1873
[30/Jan/2026 19:54:27] "GET /autograder/environments/60/ HTTP/1.1" 200 2142
[30/Jan/2026 19:54:27] "GET /autograder/environments/37/ HTTP/1.1" 200 2191
[30/Jan/2026 19:54:27] "GET /autograder/environments/50/ HTTP/1.1" 200 141291
[30/Jan/2026 19:54:27] "GET /autograder/environments/63/ HTTP/1.1" 200 1873
[30/Jan/2026 19:54:30] "GET /assignments/46/rubric/ HTTP/1.1" 200 2805
[30/Jan/2026 19:54:30] "GET /autograder/environments/60/ HTTP/1.1" 200 2142
[30/Jan/2026 19:54:30] "GET /autograder/environments/37/ HTTP/1.1" 200 2191
[30/Jan/2026 19:54:30] "GET /autograder/environments/50/ HTTP/1.1" 200 141291
[30/Jan/2026 19:54:30] "GET /autograder/environments/63/ HTTP/1.1" 200 1873
[30/Jan/2026 19:54:33] "GET /autograder/environments/50/ HTTP/1.1" 200 141291
[30/Jan/2026 19:54:33] "GET /autograder/environments/60/ HTTP/1.1" 200 2142
[30/Jan/2026 19:54:33] "GET /autograder/environments/63/ HTTP/1.1" 200 1873
[30/Jan/2026 19:54:33] "GET /autograder/environments/37/ HTTP/1.1" 200 2191
[30/Jan/2026 19:54:36] "GET /autograder/environments/60/ HTTP/1.1" 200 2142
[30/Jan/2026 19:54:36] "GET /autograder/environments/50/ HTTP/1.1" 200 141291
[30/Jan/2026 19:54:36] "GET /autograder/environments/63/ HTTP/1.1" 200 1873
[30/Jan/2026 19:54:36] "GET /autograder/environments/37/ HTTP/1.1" 200 2191
[30/Jan/2026 19:54:39] "GET /autograder/environments/37/ HTTP/1.1" 200 2191
[30/Jan/2026 19:54:39] "GET /autograder/environments/60/ HTTP/1.1" 200 2142
[30/Jan/2026 19:54:39] "GET /autograder/environments/63/ HTTP/1.1" 200 1873
[30/Jan/2026 19:54:39] "GET /autograder/environments/50/ HTTP/1.1" 200 141291
[30/Jan/2026 19:54:42] "GET /autograder/environments/37/ HTTP/1.1" 200 2191
[30/Jan/2026 19:54:42] "GET /autograder/environments/50/ HTTP/1.1" 200 141291
[30/Jan/2026 19:54:42] "GET /autograder/environments/60/ HTTP/1.1" 200 2142
[30/Jan/2026 19:54:42] "GET /autograder/environments/63/ HTTP/1.1" 200 1873
[30/Jan/2026 19:54:45] "GET /autograder/environments/60/ HTTP/1.1" 200 2142
[30/Jan/2026 19:54:45] "GET /autograder/environments/50/ HTTP/1.1" 200 141291
[30/Jan/2026 19:54:45] "GET /autograder/environments/63/ HTTP/1.1" 200 1873
[30/Jan/2026 19:54:45] "GET /autograder/environments/37/ HTTP/1.1" 200 2191
[30/Jan/2026 19:54:45] "GET /assignments/46/rubric/ HTTP/1.1" 200 2805
[30/Jan/2026 19:54:48] "GET /autograder/environments/37/ HTTP/1.1" 200 2191
[30/Jan/2026 19:54:48] "GET /autograder/environments/60/ HTTP/1.1" 200 2142
[30/Jan/2026 19:54:48] "GET /autograder/environments/50/ HTTP/1.1" 200 141291
[30/Jan/2026 19:54:48] "GET /autograder/environments/63/ HTTP/1.1" 200 1873
[30/Jan/2026 19:54:51] "GET /autograder/environments/60/ HTTP/1.1" 200 2142
[30/Jan/2026 19:54:51] "GET /autograder/environments/50/ HTTP/1.1" 200 141291
[30/Jan/2026 19:54:51] "GET /autograder/environments/37/ HTTP/1.1" 200 2191
[30/Jan/2026 19:54:51] "GET /autograder/environments/63/ HTTP/1.1" 200 1873
[30/Jan/2026 19:54:54] "GET /autograder/environments/37/ HTTP/1.1" 200 2191
[30/Jan/2026 19:54:54] "GET /autograder/environments/60/ HTTP/1.1" 200 2142
[30/Jan/2026 19:54:54] "GET /autograder/environments/63/ HTTP/1.1" 200 1873
[30/Jan/2026 19:54:54] "GET /autograder/environments/50/ HTTP/1.1" 200 141291
/staff/users/mk1800/Development/codePost-api/autograder/services/TestService.py changed, reloading.
INFO 2026-01-30 19:54:57 /staff/users/mk1800/Development/codePost-api/autograder/services/TestService.py changed, reloading.
2026-01-30 19:54:57 [warning  ] insecure_secret_key            message='You are using the default secret key. This is insecure and should not be used in production.'
2026-01-30 19:54:57 [warning  ] insecure_allowed_hosts         message='You are using a wildcard ALLOWED_HOSTS. This is insecure and should not be used in production.'
Watching for file changes with StatReloader
INFO 2026-01-30 19:54:58 Watching for file changes with StatReloader
DEBUG 2026-01-30 19:54:59 Not in REPL -> leaving logger event level as is.
[30/Jan/2026 19:55:00] "GET /assignments/46/rubric/ HTTP/1.1" 200 2805
[30/Jan/2026 19:55:16] "POST /token-refresh/ HTTP/1.1" 200 339
[30/Jan/2026 19:55:16] "GET /assignments/46/rubric/ HTTP/1.1" 200 2805
[30/Jan/2026 19:55:20] "GET /autograder/environments/37/ HTTP/1.1" 200 2191
[30/Jan/2026 19:55:20] "GET /autograder/environments/63/ HTTP/1.1" 200 1873
[30/Jan/2026 19:55:20] "GET /autograder/environments/50/ HTTP/1.1" 200 141291
[30/Jan/2026 19:55:20] "GET /autograder/environments/60/ HTTP/1.1" 200 2142
[30/Jan/2026 19:55:23] "GET /autograder/environments/63/ HTTP/1.1" 200 1873
[30/Jan/2026 19:55:23] "GET /autograder/environments/37/ HTTP/1.1" 200 2191
[30/Jan/2026 19:55:23] "GET /autograder/environments/60/ HTTP/1.1" 200 2142
[30/Jan/2026 19:55:23] "GET /autograder/environments/50/ HTTP/1.1" 200 141291
[30/Jan/2026 19:55:26] "GET /autograder/environments/63/ HTTP/1.1" 200 1873
[30/Jan/2026 19:55:26] "GET /autograder/environments/37/ HTTP/1.1" 200 2191
[30/Jan/2026 19:55:26] "GET /autograder/environments/50/ HTTP/1.1" 200 141291
[30/Jan/2026 19:55:26] "GET /autograder/environments/60/ HTTP/1.1" 200 2142
[30/Jan/2026 19:55:29] "GET /autograder/environments/63/ HTTP/1.1" 200 1873
[30/Jan/2026 19:55:29] "GET /autograder/environments/37/ HTTP/1.1" 200 2191
[30/Jan/2026 19:55:29] "GET /autograder/environments/60/ HTTP/1.1" 200 2142
[30/Jan/2026 19:55:29] "GET /autograder/environments/50/ HTTP/1.1" 200 141291
[30/Jan/2026 19:55:31] "GET /assignments/46/rubric/ HTTP/1.1" 200 2805
[30/Jan/2026 19:55:32] "GET /autograder/environments/63/ HTTP/1.1" 200 1873
[30/Jan/2026 19:55:32] "GET /autograder/environments/37/ HTTP/1.1" 200 2191
[30/Jan/2026 19:55:32] "GET /autograder/environments/50/ HTTP/1.1" 200 141291
[30/Jan/2026 19:55:32] "GET /autograder/environments/60/ HTTP/1.1" 200 2142
[30/Jan/2026 19:55:35] "GET /autograder/environments/63/ HTTP/1.1" 200 1873
[30/Jan/2026 19:55:35] "GET /autograder/environments/37/ HTTP/1.1" 200 2191
[30/Jan/2026 19:55:35] "GET /autograder/environments/50/ HTTP/1.1" 200 141291
[30/Jan/2026 19:55:35] "GET /autograder/environments/60/ HTTP/1.1" 200 2142
[30/Jan/2026 19:55:38] "GET /autograder/environments/37/ HTTP/1.1" 200 2191
[30/Jan/2026 19:55:38] "GET /autograder/environments/63/ HTTP/1.1" 200 1873
[30/Jan/2026 19:55:38] "GET /autograder/environments/60/ HTTP/1.1" 200 2142
[30/Jan/2026 19:55:38] "GET /autograder/environments/50/ HTTP/1.1" 200 141291
[30/Jan/2026 19:55:41] "GET /autograder/environments/37/ HTTP/1.1" 200 2191
[30/Jan/2026 19:55:41] "GET /autograder/environments/63/ HTTP/1.1" 200 1873
[30/Jan/2026 19:55:41] "GET /autograder/environments/50/ HTTP/1.1" 200 141291
[30/Jan/2026 19:55:41] "GET /autograder/environments/60/ HTTP/1.1" 200 2142
[30/Jan/2026 19:55:44] "GET /autograder/environments/37/ HTTP/1.1" 200 2191
[30/Jan/2026 19:55:44] "GET /autograder/environments/63/ HTTP/1.1" 200 1873
[30/Jan/2026 19:55:44] "GET /autograder/environments/60/ HTTP/1.1" 200 2142
[30/Jan/2026 19:55:44] "GET /autograder/environments/50/ HTTP/1.1" 200 141291
[30/Jan/2026 19:55:46] "GET /assignments/46/rubric/ HTTP/1.1" 200 2805
[30/Jan/2026 19:55:47] "GET /autograder/environments/37/ HTTP/1.1" 200 2191
[30/Jan/2026 19:55:47] "GET /autograder/environments/63/ HTTP/1.1" 200 1873
[30/Jan/2026 19:55:47] "GET /autograder/environments/50/ HTTP/1.1" 200 141291
[30/Jan/2026 19:55:47] "GET /autograder/environments/60/ HTTP/1.1" 200 2142
[30/Jan/2026 19:55:50] "GET /autograder/environments/37/ HTTP/1.1" 200 2191
[30/Jan/2026 19:55:50] "GET /autograder/environments/63/ HTTP/1.1" 200 1873
[30/Jan/2026 19:55:50] "GET /autograder/environments/50/ HTTP/1.1" 200 141291
[30/Jan/2026 19:55:50] "GET /autograder/environments/60/ HTTP/1.1" 200 2142
[30/Jan/2026 19:55:53] "GET /autograder/environments/37/ HTTP/1.1" 200 2191
[30/Jan/2026 19:55:53] "GET /autograder/environments/63/ HTTP/1.1" 200 1873
[30/Jan/2026 19:55:53] "GET /autograder/environments/60/ HTTP/1.1" 200 2142
[30/Jan/2026 19:55:53] "GET /autograder/environments/50/ HTTP/1.1" 200 141291
[30/Jan/2026 19:55:56] "GET /autograder/environments/63/ HTTP/1.1" 200 1873
[30/Jan/2026 19:55:56] "GET /autograder/environments/37/ HTTP/1.1" 200 2191
[30/Jan/2026 19:55:56] "GET /autograder/environments/50/ HTTP/1.1" 200 141291
[30/Jan/2026 19:55:56] "GET /autograder/environments/60/ HTTP/1.1" 200 2142
[30/Jan/2026 19:55:59] "GET /autograder/environments/37/ HTTP/1.1" 200 2191
[30/Jan/2026 19:55:59] "GET /autograder/environments/63/ HTTP/1.1" 200 1873
[30/Jan/2026 19:55:59] "GET /autograder/environments/60/ HTTP/1.1" 200 2142
[30/Jan/2026 19:55:59] "GET /autograder/environments/50/ HTTP/1.1" 200 141291
[30/Jan/2026 19:56:01] "GET /assignments/46/rubric/ HTTP/1.1" 200 2805
[30/Jan/2026 19:56:02] "GET /autograder/environments/63/ HTTP/1.1" 200 1873
[30/Jan/2026 19:56:02] "GET /autograder/environments/37/ HTTP/1.1" 200 2191
[30/Jan/2026 19:56:02] "GET /autograder/environments/50/ HTTP/1.1" 200 141291
[30/Jan/2026 19:56:02] "GET /autograder/environments/60/ HTTP/1.1" 200 2142
[30/Jan/2026 19:56:05] "GET /assignments/46/ HTTP/1.1" 200 1160
[30/Jan/2026 19:56:05] "GET /assignments/46/ HTTP/1.1" 200 1160
[30/Jan/2026 19:56:05] "GET /autograder/environments/37/ HTTP/1.1" 200 2191
[30/Jan/2026 19:56:05] "GET /autograder/environments/63/ HTTP/1.1" 200 1873
[30/Jan/2026 19:56:05] "GET /autograder/environments/50/ HTTP/1.1" 200 141291
[30/Jan/2026 19:56:05] "GET /autograder/environments/60/ HTTP/1.1" 200 2142
[30/Jan/2026 19:56:08] "GET /autograder/environments/63/ HTTP/1.1" 200 1873
[30/Jan/2026 19:56:08] "GET /autograder/environments/37/ HTTP/1.1" 200 2191
[30/Jan/2026 19:56:08] "GET /autograder/environments/60/ HTTP/1.1" 200 2142
[30/Jan/2026 19:56:08] "GET /autograder/environments/50/ HTTP/1.1" 200 141291
[30/Jan/2026 19:56:10] "GET /testCategories/25/ HTTP/1.1" 200 13948
[30/Jan/2026 19:56:10] "GET /testCategories/26/ HTTP/1.1" 200 1630
[30/Jan/2026 19:56:10] "GET /testCategories/27/ HTTP/1.1" 200 4807
[30/Jan/2026 19:56:10] "GET /testCategories/26/ HTTP/1.1" 200 1630
[30/Jan/2026 19:56:10] "GET /testCategories/25/ HTTP/1.1" 200 13948
[30/Jan/2026 19:56:10] "GET /testCategories/27/ HTTP/1.1" 200 4807
[30/Jan/2026 19:56:10] "GET /assignments/46/ HTTP/1.1" 200 1160
================================================================================
CodePost Configuration:
CodePost API running on http://localhost:8000
CodePost Client running on http://localhost:3000
CodePost API running in debug mode
CodePost API Admins are LCSR Codepost Team <mk1800@rutgers.edu>
================================================================================
Celery Configuration:
  Broker URL: redis://localhost:6379
  Default Queue: prod-celery
  Result Backend: django-db
  Autograder Auto Execute: True
================================================================================
Database Configuration:
  Database Engine: django.db.backends.sqlite3
  Database Name: /staff/users/mk1800/Development/codePost-api/db.sqlite3
  Database Host: N/A
  Database Port: N/A
  Database User: N/A
================================================================================
EMAIL Configuration:
  EMAIL_HOST: mx.farside.rutgers.edu
  EMAIL_PORT: 25
  TLS: True SSL: False
  DEFAULT_EMAIL_FROM: codepost@cs.rutgers.edu
================================================================================
================================================================================
API Documentation info:
API Documentation URL: http://localhost:8000/api/schema/
API Documentation YAML: http://localhost:8000/api/schema/yaml/
================================================================================

Django settings loaded successfully.


 ██████╗ ██████╗ ██████╗ ███████╗██████╗  ██████╗ ███████╗████████╗
██╔════╝██╔═══██╗██╔══██╗██╔════╝██╔══██╗██╔═══██╗██╔════╝╚══██╔══╝
██║     ██║   ██║██║  ██║█████╗  ██████╔╝██║   ██║███████╗   ██║   
██║     ██║   ██║██║  ██║██╔══╝  ██╔═══╝ ██║   ██║╚════██║   ██║   
╚██████╗╚██████╔╝██████╔╝███████╗██║     ╚██████╔╝███████║   ██║   
 ╚═════╝ ╚═════╝ ╚═════╝ ╚══════╝╚═╝      ╚═════╝ ╚══════╝   ╚═╝   

Welcome to CodePost!      
      
================================================================================
Performing system checks...

System check identified no issues (0 silenced).
January 30, 2026 - 19:54:59
Django version 5.2.4, using settings 'codepost.settings'
Starting development server at http://127.0.0.1:8000/
Quit the server with CONTROL-C.

WARNING: This is a development server. Do not use it in a production setting. Use a production WSGI or ASGI server instead.
For more information on production servers see: https://docs.djangoproject.com/en/5.2/howto/deployment/
{"event": "FilePermissions: Checking permissions for File object (207) of type <class 'core.models.AssignmentFile'>", "timestamp": "2026-01-30T19:56:10.880732Z"}
{"event": "FilePermissions: Delegating to AssignmentPermissions for assignment 46", "timestamp": "2026-01-30T19:56:10.886910Z"}
[30/Jan/2026 19:56:10] "GET /assignmentFiles/207/ HTTP/1.1" 200 41043
[30/Jan/2026 19:56:10] "GET /assignments/46/ HTTP/1.1" 200 1160
{"event": "FilePermissions: Checking permissions for File object (208) of type <class 'core.models.AssignmentFile'>", "timestamp": "2026-01-30T19:56:10.965055Z"}
{"event": "FilePermissions: Checking permissions for File object (207) of type <class 'core.models.AssignmentFile'>", "timestamp": "2026-01-30T19:56:10.965268Z"}
{"event": "FilePermissions: Delegating to AssignmentPermissions for assignment 46", "timestamp": "2026-01-30T19:56:10.967608Z"}
{"event": "FilePermissions: Delegating to AssignmentPermissions for assignment 46", "timestamp": "2026-01-30T19:56:10.967946Z"}
[30/Jan/2026 19:56:10] "GET /assignmentFiles/208/ HTTP/1.1" 200 6697
[30/Jan/2026 19:56:10] "GET /assignmentFiles/207/ HTTP/1.1" 200 41043
{"event": "FilePermissions: Checking permissions for File object (208) of type <class 'core.models.AssignmentFile'>", "timestamp": "2026-01-30T19:56:11.047345Z"}
{"event": "FilePermissions: Checking permissions for File object (209) of type <class 'core.models.AssignmentFile'>", "timestamp": "2026-01-30T19:56:11.047515Z"}
{"event": "FilePermissions: Delegating to AssignmentPermissions for assignment 46", "timestamp": "2026-01-30T19:56:11.049502Z"}
{"event": "FilePermissions: Delegating to AssignmentPermissions for assignment 46", "timestamp": "2026-01-30T19:56:11.049730Z"}
[30/Jan/2026 19:56:11] "GET /assignmentFiles/208/ HTTP/1.1" 200 6697
[30/Jan/2026 19:56:11] "GET /assignmentFiles/209/ HTTP/1.1" 200 497
{"event": "FilePermissions: Checking permissions for File object (209) of type <class 'core.models.AssignmentFile'>", "timestamp": "2026-01-30T19:56:11.113543Z"}
{"event": "FilePermissions: Checking permissions for File object (211) of type <class 'core.models.AssignmentFile'>", "timestamp": "2026-01-30T19:56:11.113652Z"}
{"event": "FilePermissions: Delegating to AssignmentPermissions for assignment 46", "timestamp": "2026-01-30T19:56:11.115378Z"}
{"event": "FilePermissions: Delegating to AssignmentPermissions for assignment 46", "timestamp": "2026-01-30T19:56:11.116368Z"}
[30/Jan/2026 19:56:11] "GET /assignmentFiles/209/ HTTP/1.1" 200 497
[30/Jan/2026 19:56:11] "GET /assignmentFiles/211/ HTTP/1.1" 200 5378
{"event": "FilePermissions: Checking permissions for File object (686) of type <class 'core.models.AssignmentFile'>", "timestamp": "2026-01-30T19:56:11.175451Z"}
{"event": "FilePermissions: Checking permissions for File object (211) of type <class 'core.models.AssignmentFile'>", "timestamp": "2026-01-30T19:56:11.175567Z"}
{"event": "FilePermissions: Delegating to AssignmentPermissions for assignment 46", "timestamp": "2026-01-30T19:56:11.177585Z"}
{"event": "FilePermissions: Delegating to AssignmentPermissions for assignment 46", "timestamp": "2026-01-30T19:56:11.177792Z"}
[30/Jan/2026 19:56:11] "GET /assignmentFiles/686/ HTTP/1.1" 200 6097
[30/Jan/2026 19:56:11] "GET /assignmentFiles/211/ HTTP/1.1" 200 5378
{"event": "FilePermissions: Checking permissions for File object (687) of type <class 'core.models.AssignmentFile'>", "timestamp": "2026-01-30T19:56:11.243068Z"}
{"event": "FilePermissions: Checking permissions for File object (686) of type <class 'core.models.AssignmentFile'>", "timestamp": "2026-01-30T19:56:11.243221Z"}
{"event": "FilePermissions: Delegating to AssignmentPermissions for assignment 46", "timestamp": "2026-01-30T19:56:11.245219Z"}
{"event": "FilePermissions: Delegating to AssignmentPermissions for assignment 46", "timestamp": "2026-01-30T19:56:11.245456Z"}
[30/Jan/2026 19:56:11] "GET /assignmentFiles/687/ HTTP/1.1" 200 6097
[30/Jan/2026 19:56:11] "GET /assignmentFiles/686/ HTTP/1.1" 200 6097
{"event": "FilePermissions: Checking permissions for File object (688) of type <class 'core.models.AssignmentFile'>", "timestamp": "2026-01-30T19:56:11.308062Z"}
{"event": "FilePermissions: Checking permissions for File object (687) of type <class 'core.models.AssignmentFile'>", "timestamp": "2026-01-30T19:56:11.308261Z"}
{"event": "FilePermissions: Delegating to AssignmentPermissions for assignment 46", "timestamp": "2026-01-30T19:56:11.309809Z"}
{"event": "FilePermissions: Delegating to AssignmentPermissions for assignment 46", "timestamp": "2026-01-30T19:56:11.310831Z"}
[30/Jan/2026 19:56:11] "GET /assignmentFiles/688/ HTTP/1.1" 200 6097
[30/Jan/2026 19:56:11] "GET /assignmentFiles/687/ HTTP/1.1" 200 6097
{"event": "FilePermissions: Checking permissions for File object (688) of type <class 'core.models.AssignmentFile'>", "timestamp": "2026-01-30T19:56:11.373266Z"}
{"event": "FilePermissions: Checking permissions for File object (689) of type <class 'core.models.AssignmentFile'>", "timestamp": "2026-01-30T19:56:11.373421Z"}
{"event": "FilePermissions: Delegating to AssignmentPermissions for assignment 46", "timestamp": "2026-01-30T19:56:11.375349Z"}
{"event": "FilePermissions: Delegating to AssignmentPermissions for assignment 46", "timestamp": "2026-01-30T19:56:11.376681Z"}
[30/Jan/2026 19:56:11] "GET /assignmentFiles/688/ HTTP/1.1" 200 6097
[30/Jan/2026 19:56:11] "GET /assignmentFiles/689/ HTTP/1.1" 200 6097
{"event": "FilePermissions: Checking permissions for File object (689) of type <class 'core.models.AssignmentFile'>", "timestamp": "2026-01-30T19:56:11.451201Z"}
{"event": "FilePermissions: Delegating to AssignmentPermissions for assignment 46", "timestamp": "2026-01-30T19:56:11.452731Z"}
[30/Jan/2026 19:56:11] "GET /assignmentFiles/689/ HTTP/1.1" 200 6097
[30/Jan/2026 19:56:11] "GET /autograder/environments/37/ HTTP/1.1" 200 2191
[30/Jan/2026 19:56:11] "GET /autograder/environments/63/ HTTP/1.1" 200 1873
[30/Jan/2026 19:56:11] "GET /autograder/environments/60/ HTTP/1.1" 200 2142
[30/Jan/2026 19:56:11] "GET /autograder/environments/50/ HTTP/1.1" 200 141291
[30/Jan/2026 19:56:14] "GET /autograder/environments/63/ HTTP/1.1" 200 1873
[30/Jan/2026 19:56:14] "GET /autograder/environments/37/ HTTP/1.1" 200 2191
[30/Jan/2026 19:56:14] "GET /autograder/environments/50/ HTTP/1.1" 200 141291
[30/Jan/2026 19:56:14] "GET /autograder/environments/60/ HTTP/1.1" 200 2142
[30/Jan/2026 19:56:16] "GET /assignments/46/rubric/ HTTP/1.1" 200 2805
[30/Jan/2026 19:56:17] "GET /autograder/environments/63/ HTTP/1.1" 200 1873
[30/Jan/2026 19:56:17] "GET /autograder/environments/37/ HTTP/1.1" 200 2191
[30/Jan/2026 19:56:17] "GET /autograder/environments/60/ HTTP/1.1" 200 2142
[30/Jan/2026 19:56:17] "GET /autograder/environments/50/ HTTP/1.1" 200 141291
[30/Jan/2026 19:56:20] "GET /autograder/environments/37/ HTTP/1.1" 200 2191
[30/Jan/2026 19:56:20] "GET /autograder/environments/63/ HTTP/1.1" 200 1873
[30/Jan/2026 19:56:20] "GET /autograder/environments/50/ HTTP/1.1" 200 141291
[30/Jan/2026 19:56:20] "GET /autograder/environments/60/ HTTP/1.1" 200 2142
[30/Jan/2026 19:56:23] "GET /autograder/environments/63/ HTTP/1.1" 200 1873
[30/Jan/2026 19:56:23] "GET /autograder/environments/37/ HTTP/1.1" 200 2191
[30/Jan/2026 19:56:23] "GET /autograder/environments/50/ HTTP/1.1" 200 141291
[30/Jan/2026 19:56:23] "GET /autograder/environments/60/ HTTP/1.1" 200 2142
[30/Jan/2026 19:56:25] "GET /autograder/environments/37/ HTTP/1.1" 200 2191
[30/Jan/2026 19:56:25] "GET /autograder/environments/37/ HTTP/1.1" 200 2191
[30/Jan/2026 19:56:25] "GET /assignments/46/ HTTP/1.1" 200 1160
[30/Jan/2026 19:56:25] "GET /autograder/environments/37/ HTTP/1.1" 200 2191
[30/Jan/2026 19:56:25] "GET /assignments/46/ HTTP/1.1" 200 1160
[30/Jan/2026 19:56:25] "GET /autograder/environments/37/ HTTP/1.1" 200 2191
{"event": "FilePermissions: Checking permissions for File object (207) of type <class 'core.models.AssignmentFile'>", "timestamp": "2026-01-30T19:56:25.511429Z"}
{"event": "FilePermissions: Delegating to AssignmentPermissions for assignment 46", "timestamp": "2026-01-30T19:56:25.512868Z"}
[30/Jan/2026 19:56:25] "GET /assignmentFiles/207/ HTTP/1.1" 200 41043
{"event": "FilePermissions: Checking permissions for File object (208) of type <class 'core.models.AssignmentFile'>", "timestamp": "2026-01-30T19:56:25.519520Z"}
{"event": "FilePermissions: Delegating to AssignmentPermissions for assignment 46", "timestamp": "2026-01-30T19:56:25.520868Z"}
[30/Jan/2026 19:56:25] "GET /assignmentFiles/208/ HTTP/1.1" 200 6697
{"event": "FilePermissions: Checking permissions for File object (209) of type <class 'core.models.AssignmentFile'>", "timestamp": "2026-01-30T19:56:25.568258Z"}
{"event": "FilePermissions: Delegating to AssignmentPermissions for assignment 46", "timestamp": "2026-01-30T19:56:25.569842Z"}
[30/Jan/2026 19:56:25] "GET /assignmentFiles/209/ HTTP/1.1" 200 497
{"event": "FilePermissions: Checking permissions for File object (211) of type <class 'core.models.AssignmentFile'>", "timestamp": "2026-01-30T19:56:25.576714Z"}
{"event": "FilePermissions: Delegating to AssignmentPermissions for assignment 46", "timestamp": "2026-01-30T19:56:25.578046Z"}
[30/Jan/2026 19:56:25] "GET /assignmentFiles/211/ HTTP/1.1" 200 5378
{"event": "FilePermissions: Checking permissions for File object (686) of type <class 'core.models.AssignmentFile'>", "timestamp": "2026-01-30T19:56:25.627759Z"}
{"event": "FilePermissions: Delegating to AssignmentPermissions for assignment 46", "timestamp": "2026-01-30T19:56:25.629177Z"}
[30/Jan/2026 19:56:25] "GET /assignmentFiles/686/ HTTP/1.1" 200 6097
{"event": "FilePermissions: Checking permissions for File object (687) of type <class 'core.models.AssignmentFile'>", "timestamp": "2026-01-30T19:56:25.636465Z"}
{"event": "FilePermissions: Delegating to AssignmentPermissions for assignment 46", "timestamp": "2026-01-30T19:56:25.637785Z"}
[30/Jan/2026 19:56:25] "GET /assignmentFiles/687/ HTTP/1.1" 200 6097
{"event": "FilePermissions: Checking permissions for File object (688) of type <class 'core.models.AssignmentFile'>", "timestamp": "2026-01-30T19:56:25.684328Z"}
{"event": "FilePermissions: Delegating to AssignmentPermissions for assignment 46", "timestamp": "2026-01-30T19:56:25.685713Z"}
[30/Jan/2026 19:56:25] "GET /assignmentFiles/688/ HTTP/1.1" 200 6097
{"event": "FilePermissions: Checking permissions for File object (689) of type <class 'core.models.AssignmentFile'>", "timestamp": "2026-01-30T19:56:25.695362Z"}
{"event": "FilePermissions: Delegating to AssignmentPermissions for assignment 46", "timestamp": "2026-01-30T19:56:25.696734Z"}
[30/Jan/2026 19:56:25] "GET /assignmentFiles/689/ HTTP/1.1" 200 6097
{"event": "FilePermissions: Checking permissions for File object (207) of type <class 'core.models.AssignmentFile'>", "timestamp": "2026-01-30T19:56:25.753863Z"}
[30/Jan/2026 19:56:25] "GET /assignments/46/ HTTP/1.1" 200 1160
{"event": "FilePermissions: Delegating to AssignmentPermissions for assignment 46", "timestamp": "2026-01-30T19:56:25.756367Z"}
[30/Jan/2026 19:56:25] "GET /assignmentFiles/207/ HTTP/1.1" 200 41043
{"event": "FilePermissions: Checking permissions for File object (208) of type <class 'core.models.AssignmentFile'>", "timestamp": "2026-01-30T19:56:25.814788Z"}
{"event": "FilePermissions: Checking permissions for File object (209) of type <class 'core.models.AssignmentFile'>", "timestamp": "2026-01-30T19:56:25.814944Z"}
{"event": "FilePermissions: Delegating to AssignmentPermissions for assignment 46", "timestamp": "2026-01-30T19:56:25.816567Z"}
{"event": "FilePermissions: Delegating to AssignmentPermissions for assignment 46", "timestamp": "2026-01-30T19:56:25.817653Z"}
[30/Jan/2026 19:56:25] "GET /assignmentFiles/208/ HTTP/1.1" 200 6697
[30/Jan/2026 19:56:25] "GET /assignmentFiles/209/ HTTP/1.1" 200 497
{"event": "FilePermissions: Checking permissions for File object (686) of type <class 'core.models.AssignmentFile'>", "timestamp": "2026-01-30T19:56:25.879295Z"}
{"event": "FilePermissions: Checking permissions for File object (211) of type <class 'core.models.AssignmentFile'>", "timestamp": "2026-01-30T19:56:25.879411Z"}
{"event": "FilePermissions: Delegating to AssignmentPermissions for assignment 46", "timestamp": "2026-01-30T19:56:25.881017Z"}
{"event": "FilePermissions: Delegating to AssignmentPermissions for assignment 46", "timestamp": "2026-01-30T19:56:25.882109Z"}
[30/Jan/2026 19:56:25] "GET /assignmentFiles/686/ HTTP/1.1" 200 6097
[30/Jan/2026 19:56:25] "GET /assignmentFiles/211/ HTTP/1.1" 200 5378
{"event": "FilePermissions: Checking permissions for File object (687) of type <class 'core.models.AssignmentFile'>", "timestamp": "2026-01-30T19:56:25.943109Z"}
{"event": "FilePermissions: Checking permissions for File object (688) of type <class 'core.models.AssignmentFile'>", "timestamp": "2026-01-30T19:56:25.943272Z"}
{"event": "FilePermissions: Delegating to AssignmentPermissions for assignment 46", "timestamp": "2026-01-30T19:56:25.944995Z"}
{"event": "FilePermissions: Delegating to AssignmentPermissions for assignment 46", "timestamp": "2026-01-30T19:56:25.946478Z"}
[30/Jan/2026 19:56:25] "GET /assignmentFiles/687/ HTTP/1.1" 200 6097
[30/Jan/2026 19:56:25] "GET /assignmentFiles/688/ HTTP/1.1" 200 6097
{"event": "FilePermissions: Checking permissions for File object (689) of type <class 'core.models.AssignmentFile'>", "timestamp": "2026-01-30T19:56:26.008481Z"}
{"event": "FilePermissions: Delegating to AssignmentPermissions for assignment 46", "timestamp": "2026-01-30T19:56:26.012470Z"}
[30/Jan/2026 19:56:26] "GET /assignmentFiles/689/ HTTP/1.1" 200 6097
[30/Jan/2026 19:56:26] "GET /assignments/46/ HTTP/1.1" 200 1160
{"event": "FilePermissions: Checking permissions for File object (207) of type <class 'core.models.AssignmentFile'>", "timestamp": "2026-01-30T19:56:26.067435Z"}
{"event": "FilePermissions: Delegating to AssignmentPermissions for assignment 46", "timestamp": "2026-01-30T19:56:26.068784Z"}
[30/Jan/2026 19:56:26] "GET /assignmentFiles/207/ HTTP/1.1" 200 41043
{"event": "FilePermissions: Checking permissions for File object (208) of type <class 'core.models.AssignmentFile'>", "timestamp": "2026-01-30T19:56:26.074873Z"}
{"event": "FilePermissions: Delegating to AssignmentPermissions for assignment 46", "timestamp": "2026-01-30T19:56:26.076190Z"}
[30/Jan/2026 19:56:26] "GET /assignmentFiles/208/ HTTP/1.1" 200 6697
{"event": "FilePermissions: Checking permissions for File object (209) of type <class 'core.models.AssignmentFile'>", "timestamp": "2026-01-30T19:56:26.124395Z"}
{"event": "FilePermissions: Delegating to AssignmentPermissions for assignment 46", "timestamp": "2026-01-30T19:56:26.125687Z"}
[30/Jan/2026 19:56:26] "GET /assignmentFiles/209/ HTTP/1.1" 200 497
{"event": "FilePermissions: Checking permissions for File object (211) of type <class 'core.models.AssignmentFile'>", "timestamp": "2026-01-30T19:56:26.130927Z"}
{"event": "FilePermissions: Delegating to AssignmentPermissions for assignment 46", "timestamp": "2026-01-30T19:56:26.132477Z"}
[30/Jan/2026 19:56:26] "GET /assignmentFiles/211/ HTTP/1.1" 200 5378
{"event": "FilePermissions: Checking permissions for File object (686) of type <class 'core.models.AssignmentFile'>", "timestamp": "2026-01-30T19:56:26.182962Z"}
{"event": "FilePermissions: Delegating to AssignmentPermissions for assignment 46", "timestamp": "2026-01-30T19:56:26.184435Z"}
[30/Jan/2026 19:56:26] "GET /assignmentFiles/686/ HTTP/1.1" 200 6097
{"event": "FilePermissions: Checking permissions for File object (687) of type <class 'core.models.AssignmentFile'>", "timestamp": "2026-01-30T19:56:26.188428Z"}
{"event": "FilePermissions: Delegating to AssignmentPermissions for assignment 46", "timestamp": "2026-01-30T19:56:26.189894Z"}
[30/Jan/2026 19:56:26] "GET /assignmentFiles/687/ HTTP/1.1" 200 6097
{"event": "FilePermissions: Checking permissions for File object (688) of type <class 'core.models.AssignmentFile'>", "timestamp": "2026-01-30T19:56:26.245479Z"}
{"event": "FilePermissions: Delegating to AssignmentPermissions for assignment 46", "timestamp": "2026-01-30T19:56:26.247312Z"}
{"event": "FilePermissions: Checking permissions for File object (689) of type <class 'core.models.AssignmentFile'>", "timestamp": "2026-01-30T19:56:26.247465Z"}
[30/Jan/2026 19:56:26] "GET /assignmentFiles/688/ HTTP/1.1" 200 6097
{"event": "FilePermissions: Delegating to AssignmentPermissions for assignment 46", "timestamp": "2026-01-30T19:56:26.250461Z"}
[30/Jan/2026 19:56:26] "GET /assignmentFiles/689/ HTTP/1.1" 200 6097
{"event": "FilePermissions: Checking permissions for File object (207) of type <class 'core.models.AssignmentFile'>", "timestamp": "2026-01-30T19:56:26.303111Z"}
{"event": "FilePermissions: Delegating to AssignmentPermissions for assignment 46", "timestamp": "2026-01-30T19:56:26.305674Z"}
{"event": "FilePermissions: Checking permissions for File object (208) of type <class 'core.models.AssignmentFile'>", "timestamp": "2026-01-30T19:56:26.308155Z"}
[30/Jan/2026 19:56:26] "GET /assignmentFiles/207/ HTTP/1.1" 200 41043
{"event": "FilePermissions: Delegating to AssignmentPermissions for assignment 46", "timestamp": "2026-01-30T19:56:26.309764Z"}
[30/Jan/2026 19:56:26] "GET /assignmentFiles/208/ HTTP/1.1" 200 6697
{"event": "FilePermissions: Checking permissions for File object (209) of type <class 'core.models.AssignmentFile'>", "timestamp": "2026-01-30T19:56:26.363871Z"}
{"event": "FilePermissions: Delegating to AssignmentPermissions for assignment 46", "timestamp": "2026-01-30T19:56:26.366916Z"}
{"event": "FilePermissions: Checking permissions for File object (211) of type <class 'core.models.AssignmentFile'>", "timestamp": "2026-01-30T19:56:26.368109Z"}
[30/Jan/2026 19:56:26] "GET /assignmentFiles/209/ HTTP/1.1" 200 497
{"event": "FilePermissions: Delegating to AssignmentPermissions for assignment 46", "timestamp": "2026-01-30T19:56:26.370366Z"}
[30/Jan/2026 19:56:26] "GET /assignmentFiles/211/ HTTP/1.1" 200 5378
{"event": "FilePermissions: Checking permissions for File object (686) of type <class 'core.models.AssignmentFile'>", "timestamp": "2026-01-30T19:56:26.422814Z"}
{"event": "FilePermissions: Delegating to AssignmentPermissions for assignment 46", "timestamp": "2026-01-30T19:56:26.424217Z"}
[30/Jan/2026 19:56:26] "GET /assignmentFiles/686/ HTTP/1.1" 200 6097
{"event": "FilePermissions: Checking permissions for File object (687) of type <class 'core.models.AssignmentFile'>", "timestamp": "2026-01-30T19:56:26.430774Z"}
{"event": "FilePermissions: Delegating to AssignmentPermissions for assignment 46", "timestamp": "2026-01-30T19:56:26.432225Z"}
[30/Jan/2026 19:56:26] "GET /assignmentFiles/687/ HTTP/1.1" 200 6097
{"event": "FilePermissions: Checking permissions for File object (688) of type <class 'core.models.AssignmentFile'>", "timestamp": "2026-01-30T19:56:26.480315Z"}
{"event": "FilePermissions: Delegating to AssignmentPermissions for assignment 46", "timestamp": "2026-01-30T19:56:26.482600Z"}
[30/Jan/2026 19:56:26] "GET /assignmentFiles/688/ HTTP/1.1" 200 6097
{"event": "FilePermissions: Checking permissions for File object (689) of type <class 'core.models.AssignmentFile'>", "timestamp": "2026-01-30T19:56:26.492831Z"}
{"event": "FilePermissions: Delegating to AssignmentPermissions for assignment 46", "timestamp": "2026-01-30T19:56:26.494257Z"}
[30/Jan/2026 19:56:26] "GET /assignmentFiles/689/ HTTP/1.1" 200 6097
[30/Jan/2026 19:56:26] "GET /autograder/environments/37/build_status/ HTTP/1.1" 200 2142
[30/Jan/2026 19:56:31] "GET /assignments/46/rubric/ HTTP/1.1" 200 2805
[30/Jan/2026 19:56:46] "GET /autograder/environments/37/ HTTP/1.1" 200 2191
[30/Jan/2026 19:56:46] "GET /assignments/46/rubric/ HTTP/1.1" 200 2805
[30/Jan/2026 19:57:01] "GET /assignments/46/rubric/ HTTP/1.1" 200 2805
[30/Jan/2026 19:57:16] "GET /assignments/46/rubric/ HTTP/1.1" 200 2805
[30/Jan/2026 19:57:32] "GET /assignments/46/rubric/ HTTP/1.1" 200 2805
[30/Jan/2026 19:57:47] "GET /assignments/46/rubric/ HTTP/1.1" 200 2805
[30/Jan/2026 19:58:02] "GET /assignments/46/rubric/ HTTP/1.1" 200 2805
[30/Jan/2026 19:58:11] "POST /token-refresh/ HTTP/1.1" 200 339
[30/Jan/2026 19:58:17] "GET /assignments/46/rubric/ HTTP/1.1" 200 2805
[30/Jan/2026 19:58:31] "POST /token-refresh/ HTTP/1.1" 200 339
[30/Jan/2026 19:58:32] "GET /assignments/46/rubric/ HTTP/1.1" 200 2805
[30/Jan/2026 19:58:33] "POST /token-refresh/ HTTP/1.1" 200 339
[30/Jan/2026 19:58:47] "GET /assignments/46/rubric/ HTTP/1.1" 200 2805
[30/Jan/2026 19:58:55] "OPTIONS /assignments/46/ HTTP/1.1" 200 0
[30/Jan/2026 19:58:55] "OPTIONS /assignments/46/ HTTP/1.1" 200 0
Unauthorized: /assignments/46/
WARNING 2026-01-30 19:58:55 Unauthorized: /assignments/46/
[30/Jan/2026 19:58:55] "GET /assignments/46/ HTTP/1.1" 401 255
Unauthorized: /assignments/46/
WARNING 2026-01-30 19:58:55 Unauthorized: /assignments/46/
[30/Jan/2026 19:58:55] "GET /assignments/46/ HTTP/1.1" 401 255
[30/Jan/2026 19:58:58] "GET /auth/sso/check/?email=admin HTTP/1.1" 200 22
[30/Jan/2026 19:58:59] "POST /token-auth/ HTTP/1.1" 200 3506
[30/Jan/2026 19:59:01] "GET /assignments/85/ HTTP/1.1" 200 1099
[30/Jan/2026 19:59:01] "GET /assignments/46/ HTTP/1.1" 200 1160
[30/Jan/2026 19:59:01] "GET /courses/32/sections/?compact=1&page=1 HTTP/1.1" 200 52
[30/Jan/2026 19:59:01] "GET /assignments/46/ HTTP/1.1" 200 1160
[30/Jan/2026 19:59:01] "GET /assignments/85/ HTTP/1.1" 200 1099
[30/Jan/2026 19:59:01] "GET /assignments/94/ HTTP/1.1" 200 1121
[30/Jan/2026 19:59:01] "GET /assignments/62/ HTTP/1.1" 200 1086
[30/Jan/2026 19:59:01] "GET /courses/32/sections/?compact=1&page=1 HTTP/1.1" 200 52
[30/Jan/2026 19:59:01] "GET /assignments/94/ HTTP/1.1" 200 1121
[30/Jan/2026 19:59:01] "GET /assignments/62/ HTTP/1.1" 200 1086
[30/Jan/2026 19:59:01] "GET /assignments/85/submissionHistories/?compact=1&page=1 HTTP/1.1" 200 145
[30/Jan/2026 19:59:01] "GET /assignments/62/submissions/?compact=1&page=1 HTTP/1.1" 200 52
[30/Jan/2026 19:59:02] "GET /assignments/94/submissions/?compact=1&page=1 HTTP/1.1" 200 479
[30/Jan/2026 19:59:02] "GET /assignments/85/submissions/?compact=1&page=1 HTTP/1.1" 200 469
[30/Jan/2026 19:59:02] "GET /assignments/46/submissions/?compact=1&page=1 HTTP/1.1" 200 21592
[30/Jan/2026 19:59:02] "GET /assignments/46/submissionHistories/?compact=1&page=1 HTTP/1.1" 200 5679
[30/Jan/2026 19:59:02] "OPTIONS /courses/32/roster/ HTTP/1.1" 200 0
[30/Jan/2026 19:59:02] "OPTIONS /courses/32/roster/ HTTP/1.1" 200 0
[30/Jan/2026 19:59:02] "GET /assignments/62/submissionHistories/?compact=1&page=1 HTTP/1.1" 200 52
[30/Jan/2026 19:59:02] "GET /assignments/94/submissionHistories/?compact=1&page=1 HTTP/1.1" 200 144
[30/Jan/2026 19:59:02] "GET /assignments/62/submissions/?compact=1&page=1 HTTP/1.1" 200 52
[30/Jan/2026 19:59:02] "GET /assignments/85/submissions/?compact=1&page=1 HTTP/1.1" 200 469
[30/Jan/2026 19:59:02] "GET /assignments/94/submissions/?compact=1&page=1 HTTP/1.1" 200 479
[30/Jan/2026 19:59:02] "GET /assignments/85/submissionHistories/?compact=1&page=1 HTTP/1.1" 200 145
[30/Jan/2026 19:59:02] "GET /assignments/62/submissionHistories/?compact=1&page=1 HTTP/1.1" 200 52
[30/Jan/2026 19:59:02] "GET /courses/32/roster/ HTTP/1.1" 200 4492
[30/Jan/2026 19:59:02] "GET /assignments/94/submissionHistories/?compact=1&page=1 HTTP/1.1" 200 144
[30/Jan/2026 19:59:02] "GET /assignments/46/submissions/?compact=1&page=1 HTTP/1.1" 200 21592
[30/Jan/2026 19:59:02] "GET /assignments/46/submissionHistories/?compact=1&page=1 HTTP/1.1" 200 5679
[30/Jan/2026 19:59:02] "GET /courses/32/roster/ HTTP/1.1" 200 4492
[30/Jan/2026 19:59:02] "GET /courses/32/sections/?compact=1&page=1 HTTP/1.1" 200 52
[30/Jan/2026 19:59:02] "GET /assignments/85/ HTTP/1.1" 200 1099
[30/Jan/2026 19:59:02] "GET /assignments/94/ HTTP/1.1" 200 1121
[30/Jan/2026 19:59:02] "GET /assignments/62/ HTTP/1.1" 200 1086
[30/Jan/2026 19:59:02] "GET /assignments/46/ HTTP/1.1" 200 1160
[30/Jan/2026 19:59:02] "GET /assignments/46/rubric/ HTTP/1.1" 200 2805
[30/Jan/2026 19:59:03] "GET /assignments/85/submissionHistories/?compact=1&page=1 HTTP/1.1" 200 145
[30/Jan/2026 19:59:03] "GET /assignments/62/submissions/?compact=1&page=1 HTTP/1.1" 200 52
[30/Jan/2026 19:59:03] "GET /assignments/94/submissions/?compact=1&page=1 HTTP/1.1" 200 479
[30/Jan/2026 19:59:03] "GET /assignments/85/submissions/?compact=1&page=1 HTTP/1.1" 200 469
[30/Jan/2026 19:59:03] "GET /assignments/94/submissionHistories/?compact=1&page=1 HTTP/1.1" 200 144
[30/Jan/2026 19:59:03] "GET /assignments/62/submissionHistories/?compact=1&page=1 HTTP/1.1" 200 52
[30/Jan/2026 19:59:03] "GET /assignments/46/submissionHistories/?compact=1&page=1 HTTP/1.1" 200 5679
[30/Jan/2026 19:59:03] "GET /courses/32/roster/ HTTP/1.1" 200 4492
[30/Jan/2026 19:59:03] "GET /assignments/46/submissions/?compact=1&page=1 HTTP/1.1" 200 21592
[30/Jan/2026 19:59:18] "POST /token-refresh/ HTTP/1.1" 200 339
[30/Jan/2026 19:59:18] "GET /assignments/46/rubric/ HTTP/1.1" 200 2805
[30/Jan/2026 19:59:33] "GET /assignments/46/rubric/ HTTP/1.1" 200 2805
[30/Jan/2026 19:59:48] "GET /assignments/46/rubric/ HTTP/1.1" 200 2805
[30/Jan/2026 20:00:03] "GET /assignments/46/rubric/ HTTP/1.1" 200 2805
[30/Jan/2026 20:00:15] "POST /token-refresh/ HTTP/1.1" 200 339
[30/Jan/2026 20:00:18] "GET /assignments/46/rubric/ HTTP/1.1" 200 2805
[30/Jan/2026 20:00:33] "GET /assignments/46/rubric/ HTTP/1.1" 200 2805
[30/Jan/2026 20:00:48] "GET /assignments/46/rubric/ HTTP/1.1" 200 2805
[30/Jan/2026 20:01:04] "GET /assignments/46/rubric/ HTTP/1.1" 200 2805
[30/Jan/2026 20:01:19] "GET /assignments/46/rubric/ HTTP/1.1" 200 2805
[30/Jan/2026 20:01:34] "GET /assignments/46/rubric/ HTTP/1.1" 200 2805
[30/Jan/2026 20:01:36] "GET /autograder/environments/37/ HTTP/1.1" 200 2191
[30/Jan/2026 20:01:36] "GET /autograder/environments/63/ HTTP/1.1" 200 1873
[30/Jan/2026 20:01:36] "GET /autograder/environments/50/ HTTP/1.1" 200 141291
[30/Jan/2026 20:01:36] "GET /autograder/environments/60/ HTTP/1.1" 200 2142
[30/Jan/2026 20:01:36] "GET /autograder/environments/63/ HTTP/1.1" 200 1873
[30/Jan/2026 20:01:36] "GET /autograder/environments/37/ HTTP/1.1" 200 2191
[30/Jan/2026 20:01:36] "GET /autograder/environments/50/ HTTP/1.1" 200 141291
[30/Jan/2026 20:01:36] "GET /autograder/environments/60/ HTTP/1.1" 200 2142
[30/Jan/2026 20:01:37] "GET /autograder/environments/37/ HTTP/1.1" 200 2191
[30/Jan/2026 20:01:37] "GET /assignments/46/ HTTP/1.1" 200 1160
[30/Jan/2026 20:01:37] "GET /autograder/environments/37/ HTTP/1.1" 200 2191
[30/Jan/2026 20:01:38] "GET /assignments/46/ HTTP/1.1" 200 1160
[30/Jan/2026 20:01:38] "GET /autograder/environments/37/ HTTP/1.1" 200 2191
[30/Jan/2026 20:01:38] "GET /assignments/46/ HTTP/1.1" 200 1160
[30/Jan/2026 20:01:38] "GET /autograder/environments/37/ HTTP/1.1" 200 2191
[30/Jan/2026 20:01:38] "OPTIONS /assignmentFiles/207/ HTTP/1.1" 200 0
[30/Jan/2026 20:01:38] "OPTIONS /assignmentFiles/208/ HTTP/1.1" 200 0
[30/Jan/2026 20:01:38] "OPTIONS /assignmentFiles/209/ HTTP/1.1" 200 0
[30/Jan/2026 20:01:38] "OPTIONS /assignmentFiles/211/ HTTP/1.1" 200 0
[30/Jan/2026 20:01:38] "OPTIONS /assignmentFiles/686/ HTTP/1.1" 200 0
[30/Jan/2026 20:01:38] "OPTIONS /assignmentFiles/688/ HTTP/1.1" 200 0
[30/Jan/2026 20:01:38] "OPTIONS /assignmentFiles/687/ HTTP/1.1" 200 0
[30/Jan/2026 20:01:38] "GET /assignments/46/ HTTP/1.1" 200 1160
[30/Jan/2026 20:01:38] "OPTIONS /assignmentFiles/689/ HTTP/1.1" 200 0
{"event": "FilePermissions: Checking permissions for File object (208) of type <class 'core.models.AssignmentFile'>", "timestamp": "2026-01-30T20:01:38.162964Z"}
{"event": "FilePermissions: Delegating to AssignmentPermissions for assignment 46", "timestamp": "2026-01-30T20:01:38.163973Z"}
[30/Jan/2026 20:01:38] "GET /assignmentFiles/208/ HTTP/1.1" 200 6697
{"event": "FilePermissions: Checking permissions for File object (209) of type <class 'core.models.AssignmentFile'>", "timestamp": "2026-01-30T20:01:38.200449Z"}
{"event": "FilePermissions: Checking permissions for File object (207) of type <class 'core.models.AssignmentFile'>", "timestamp": "2026-01-30T20:01:38.201171Z"}
{"event": "FilePermissions: Checking permissions for File object (211) of type <class 'core.models.AssignmentFile'>", "timestamp": "2026-01-30T20:01:38.202441Z"}
{"event": "FilePermissions: Checking permissions for File object (688) of type <class 'core.models.AssignmentFile'>", "timestamp": "2026-01-30T20:01:38.204030Z"}
{"event": "FilePermissions: Checking permissions for File object (687) of type <class 'core.models.AssignmentFile'>", "timestamp": "2026-01-30T20:01:38.204454Z"}
{"event": "FilePermissions: Delegating to AssignmentPermissions for assignment 46", "timestamp": "2026-01-30T20:01:38.205523Z"}
{"event": "FilePermissions: Delegating to AssignmentPermissions for assignment 46", "timestamp": "2026-01-30T20:01:38.208521Z"}
{"event": "FilePermissions: Delegating to AssignmentPermissions for assignment 46", "timestamp": "2026-01-30T20:01:38.210342Z"}
{"event": "FilePermissions: Delegating to AssignmentPermissions for assignment 46", "timestamp": "2026-01-30T20:01:38.210548Z"}
{"event": "FilePermissions: Delegating to AssignmentPermissions for assignment 46", "timestamp": "2026-01-30T20:01:38.210701Z"}
[30/Jan/2026 20:01:38] "GET /assignmentFiles/209/ HTTP/1.1" 200 497
[30/Jan/2026 20:01:38] "GET /assignmentFiles/207/ HTTP/1.1" 200 41043
[30/Jan/2026 20:01:38] "GET /assignmentFiles/687/ HTTP/1.1" 200 6097
[30/Jan/2026 20:01:38] "GET /assignmentFiles/688/ HTTP/1.1" 200 6097
[30/Jan/2026 20:01:38] "GET /assignmentFiles/211/ HTTP/1.1" 200 5378
{"event": "FilePermissions: Checking permissions for File object (686) of type <class 'core.models.AssignmentFile'>", "timestamp": "2026-01-30T20:01:38.219647Z"}
{"event": "FilePermissions: Delegating to AssignmentPermissions for assignment 46", "timestamp": "2026-01-30T20:01:38.220771Z"}
[30/Jan/2026 20:01:38] "GET /assignmentFiles/686/ HTTP/1.1" 200 6097
{"event": "FilePermissions: Checking permissions for File object (689) of type <class 'core.models.AssignmentFile'>", "timestamp": "2026-01-30T20:01:38.263791Z"}
{"event": "FilePermissions: Delegating to AssignmentPermissions for assignment 46", "timestamp": "2026-01-30T20:01:38.264884Z"}
[30/Jan/2026 20:01:38] "GET /assignmentFiles/689/ HTTP/1.1" 200 6097
{"event": "FilePermissions: Checking permissions for File object (211) of type <class 'core.models.AssignmentFile'>", "timestamp": "2026-01-30T20:01:38.281178Z"}
{"event": "FilePermissions: Checking permissions for File object (207) of type <class 'core.models.AssignmentFile'>", "timestamp": "2026-01-30T20:01:38.282230Z"}
{"event": "FilePermissions: Checking permissions for File object (209) of type <class 'core.models.AssignmentFile'>", "timestamp": "2026-01-30T20:01:38.284070Z"}
{"event": "FilePermissions: Checking permissions for File object (208) of type <class 'core.models.AssignmentFile'>", "timestamp": "2026-01-30T20:01:38.285824Z"}
{"event": "FilePermissions: Delegating to AssignmentPermissions for assignment 46", "timestamp": "2026-01-30T20:01:38.285996Z"}
{"event": "FilePermissions: Delegating to AssignmentPermissions for assignment 46", "timestamp": "2026-01-30T20:01:38.286533Z"}
{"event": "FilePermissions: Delegating to AssignmentPermissions for assignment 46", "timestamp": "2026-01-30T20:01:38.287627Z"}
[30/Jan/2026 20:01:38] "GET /assignmentFiles/207/ HTTP/1.1" 200 41043
[30/Jan/2026 20:01:38] "GET /assignmentFiles/211/ HTTP/1.1" 200 5378
[30/Jan/2026 20:01:38] "GET /assignmentFiles/209/ HTTP/1.1" 200 497
{"event": "FilePermissions: Delegating to AssignmentPermissions for assignment 46", "timestamp": "2026-01-30T20:01:38.295227Z"}
[30/Jan/2026 20:01:38] "GET /assignmentFiles/208/ HTTP/1.1" 200 6697
[30/Jan/2026 20:01:38] "GET /assignments/46/ HTTP/1.1" 200 1160
{"event": "FilePermissions: Checking permissions for File object (688) of type <class 'core.models.AssignmentFile'>", "timestamp": "2026-01-30T20:01:38.323173Z"}
{"event": "FilePermissions: Delegating to AssignmentPermissions for assignment 46", "timestamp": "2026-01-30T20:01:38.324261Z"}
[30/Jan/2026 20:01:38] "GET /assignmentFiles/688/ HTTP/1.1" 200 6097
{"event": "FilePermissions: Checking permissions for File object (687) of type <class 'core.models.AssignmentFile'>", "timestamp": "2026-01-30T20:01:38.346830Z"}
{"event": "FilePermissions: Delegating to AssignmentPermissions for assignment 46", "timestamp": "2026-01-30T20:01:38.347839Z"}
[30/Jan/2026 20:01:38] "GET /assignmentFiles/687/ HTTP/1.1" 200 6097
{"event": "FilePermissions: Checking permissions for File object (689) of type <class 'core.models.AssignmentFile'>", "timestamp": "2026-01-30T20:01:38.354529Z"}
{"event": "FilePermissions: Checking permissions for File object (686) of type <class 'core.models.AssignmentFile'>", "timestamp": "2026-01-30T20:01:38.355000Z"}
{"event": "FilePermissions: Delegating to AssignmentPermissions for assignment 46", "timestamp": "2026-01-30T20:01:38.356425Z"}
{"event": "FilePermissions: Delegating to AssignmentPermissions for assignment 46", "timestamp": "2026-01-30T20:01:38.356988Z"}
[30/Jan/2026 20:01:38] "GET /assignmentFiles/689/ HTTP/1.1" 200 6097
[30/Jan/2026 20:01:38] "GET /assignmentFiles/686/ HTTP/1.1" 200 6097
[30/Jan/2026 20:01:38] "GET /assignments/46/ HTTP/1.1" 200 1160
{"event": "FilePermissions: Checking permissions for File object (209) of type <class 'core.models.AssignmentFile'>", "timestamp": "2026-01-30T20:01:38.417357Z"}
{"event": "FilePermissions: Checking permissions for File object (207) of type <class 'core.models.AssignmentFile'>", "timestamp": "2026-01-30T20:01:38.417913Z"}
{"event": "FilePermissions: Checking permissions for File object (208) of type <class 'core.models.AssignmentFile'>", "timestamp": "2026-01-30T20:01:38.418447Z"}
{"event": "FilePermissions: Checking permissions for File object (211) of type <class 'core.models.AssignmentFile'>", "timestamp": "2026-01-30T20:01:38.420405Z"}
{"event": "FilePermissions: Checking permissions for File object (687) of type <class 'core.models.AssignmentFile'>", "timestamp": "2026-01-30T20:01:38.421441Z"}
{"event": "FilePermissions: Delegating to AssignmentPermissions for assignment 46", "timestamp": "2026-01-30T20:01:38.422094Z"}
{"event": "FilePermissions: Delegating to AssignmentPermissions for assignment 46", "timestamp": "2026-01-30T20:01:38.423076Z"}
{"event": "FilePermissions: Delegating to AssignmentPermissions for assignment 46", "timestamp": "2026-01-30T20:01:38.423253Z"}
{"event": "FilePermissions: Delegating to AssignmentPermissions for assignment 46", "timestamp": "2026-01-30T20:01:38.424939Z"}
{"event": "FilePermissions: Delegating to AssignmentPermissions for assignment 46", "timestamp": "2026-01-30T20:01:38.427751Z"}
[30/Jan/2026 20:01:38] "GET /assignmentFiles/207/ HTTP/1.1" 200 41043
[30/Jan/2026 20:01:38] "GET /assignmentFiles/208/ HTTP/1.1" 200 6697
[30/Jan/2026 20:01:38] "GET /assignmentFiles/209/ HTTP/1.1" 200 497
[30/Jan/2026 20:01:38] "GET /assignmentFiles/211/ HTTP/1.1" 200 5378
[30/Jan/2026 20:01:38] "GET /assignmentFiles/687/ HTTP/1.1" 200 6097
{"event": "FilePermissions: Checking permissions for File object (688) of type <class 'core.models.AssignmentFile'>", "timestamp": "2026-01-30T20:01:38.434897Z"}
{"event": "FilePermissions: Delegating to AssignmentPermissions for assignment 46", "timestamp": "2026-01-30T20:01:38.435917Z"}
[30/Jan/2026 20:01:38] "GET /assignmentFiles/688/ HTTP/1.1" 200 6097
{"event": "FilePermissions: Checking permissions for File object (686) of type <class 'core.models.AssignmentFile'>", "timestamp": "2026-01-30T20:01:38.441045Z"}
{"event": "FilePermissions: Delegating to AssignmentPermissions for assignment 46", "timestamp": "2026-01-30T20:01:38.442239Z"}
[30/Jan/2026 20:01:38] "GET /assignmentFiles/686/ HTTP/1.1" 200 6097
{"event": "FilePermissions: Checking permissions for File object (689) of type <class 'core.models.AssignmentFile'>", "timestamp": "2026-01-30T20:01:38.484738Z"}
{"event": "FilePermissions: Delegating to AssignmentPermissions for assignment 46", "timestamp": "2026-01-30T20:01:38.486260Z"}
[30/Jan/2026 20:01:38] "GET /assignmentFiles/689/ HTTP/1.1" 200 6097
{"event": "FilePermissions: Checking permissions for File object (207) of type <class 'core.models.AssignmentFile'>", "timestamp": "2026-01-30T20:01:38.489077Z"}
{"event": "FilePermissions: Checking permissions for File object (209) of type <class 'core.models.AssignmentFile'>", "timestamp": "2026-01-30T20:01:38.489561Z"}
{"event": "FilePermissions: Delegating to AssignmentPermissions for assignment 46", "timestamp": "2026-01-30T20:01:38.493153Z"}
{"event": "FilePermissions: Delegating to AssignmentPermissions for assignment 46", "timestamp": "2026-01-30T20:01:38.493771Z"}
[30/Jan/2026 20:01:38] "GET /assignmentFiles/207/ HTTP/1.1" 200 41043
[30/Jan/2026 20:01:38] "GET /assignmentFiles/209/ HTTP/1.1" 200 497
{"event": "FilePermissions: Checking permissions for File object (208) of type <class 'core.models.AssignmentFile'>", "timestamp": "2026-01-30T20:01:38.498556Z"}
{"event": "FilePermissions: Checking permissions for File object (211) of type <class 'core.models.AssignmentFile'>", "timestamp": "2026-01-30T20:01:38.498981Z"}
{"event": "FilePermissions: Delegating to AssignmentPermissions for assignment 46", "timestamp": "2026-01-30T20:01:38.501080Z"}
{"event": "FilePermissions: Delegating to AssignmentPermissions for assignment 46", "timestamp": "2026-01-30T20:01:38.501620Z"}
{"event": "FilePermissions: Checking permissions for File object (687) of type <class 'core.models.AssignmentFile'>", "timestamp": "2026-01-30T20:01:38.502157Z"}
[30/Jan/2026 20:01:38] "GET /assignmentFiles/211/ HTTP/1.1" 200 5378
[30/Jan/2026 20:01:38] "GET /assignmentFiles/208/ HTTP/1.1" 200 6697
{"event": "FilePermissions: Delegating to AssignmentPermissions for assignment 46", "timestamp": "2026-01-30T20:01:38.505498Z"}
[30/Jan/2026 20:01:38] "GET /assignmentFiles/687/ HTTP/1.1" 200 6097
{"event": "FilePermissions: Checking permissions for File object (688) of type <class 'core.models.AssignmentFile'>", "timestamp": "2026-01-30T20:01:38.548251Z"}
{"event": "FilePermissions: Delegating to AssignmentPermissions for assignment 46", "timestamp": "2026-01-30T20:01:38.549278Z"}
[30/Jan/2026 20:01:38] "GET /assignmentFiles/688/ HTTP/1.1" 200 6097
{"event": "FilePermissions: Checking permissions for File object (689) of type <class 'core.models.AssignmentFile'>", "timestamp": "2026-01-30T20:01:38.556417Z"}
{"event": "FilePermissions: Checking permissions for File object (686) of type <class 'core.models.AssignmentFile'>", "timestamp": "2026-01-30T20:01:38.557059Z"}
{"event": "FilePermissions: Delegating to AssignmentPermissions for assignment 46", "timestamp": "2026-01-30T20:01:38.558685Z"}
{"event": "FilePermissions: Delegating to AssignmentPermissions for assignment 46", "timestamp": "2026-01-30T20:01:38.559205Z"}
[30/Jan/2026 20:01:38] "GET /assignmentFiles/689/ HTTP/1.1" 200 6097
[30/Jan/2026 20:01:38] "GET /assignmentFiles/686/ HTTP/1.1" 200 6097
[30/Jan/2026 20:01:39] "GET /autograder/environments/37/build_status/ HTTP/1.1" 200 2142
[30/Jan/2026 20:01:39] "GET /autograder/environments/37/ HTTP/1.1" 200 2191
[30/Jan/2026 20:01:39] "GET /testCategories/26/ HTTP/1.1" 200 1630
[30/Jan/2026 20:01:39] "GET /testCategories/27/ HTTP/1.1" 200 4807
[30/Jan/2026 20:01:39] "GET /testCategories/25/ HTTP/1.1" 200 13948
[30/Jan/2026 20:01:39] "GET /testCategories/26/ HTTP/1.1" 200 1630
[30/Jan/2026 20:01:39] "GET /testCategories/27/ HTTP/1.1" 200 4807
[30/Jan/2026 20:01:39] "GET /testCategories/25/ HTTP/1.1" 200 13948
[30/Jan/2026 20:01:39] "GET /assignments/46/ HTTP/1.1" 200 1160
{"event": "FilePermissions: Checking permissions for File object (207) of type <class 'core.models.AssignmentFile'>", "timestamp": "2026-01-30T20:01:39.762792Z"}
{"event": "FilePermissions: Delegating to AssignmentPermissions for assignment 46", "timestamp": "2026-01-30T20:01:39.764378Z"}
[30/Jan/2026 20:01:39] "GET /assignmentFiles/207/ HTTP/1.1" 200 41043
[30/Jan/2026 20:01:39] "GET /assignments/46/ HTTP/1.1" 200 1160
{"event": "FilePermissions: Checking permissions for File object (208) of type <class 'core.models.AssignmentFile'>", "timestamp": "2026-01-30T20:01:39.780003Z"}
{"event": "FilePermissions: Delegating to AssignmentPermissions for assignment 46", "timestamp": "2026-01-30T20:01:39.781023Z"}
[30/Jan/2026 20:01:39] "GET /assignmentFiles/208/ HTTP/1.1" 200 6697
{"event": "FilePermissions: Checking permissions for File object (207) of type <class 'core.models.AssignmentFile'>", "timestamp": "2026-01-30T20:01:39.826799Z"}
{"event": "FilePermissions: Delegating to AssignmentPermissions for assignment 46", "timestamp": "2026-01-30T20:01:39.827937Z"}
[30/Jan/2026 20:01:39] "GET /assignmentFiles/207/ HTTP/1.1" 200 41043
{"event": "FilePermissions: Checking permissions for File object (209) of type <class 'core.models.AssignmentFile'>", "timestamp": "2026-01-30T20:01:39.839876Z"}
{"event": "FilePermissions: Delegating to AssignmentPermissions for assignment 46", "timestamp": "2026-01-30T20:01:39.841052Z"}
[30/Jan/2026 20:01:39] "GET /assignmentFiles/209/ HTTP/1.1" 200 497
{"event": "FilePermissions: Checking permissions for File object (208) of type <class 'core.models.AssignmentFile'>", "timestamp": "2026-01-30T20:01:39.888344Z"}
{"event": "FilePermissions: Delegating to AssignmentPermissions for assignment 46", "timestamp": "2026-01-30T20:01:39.889557Z"}
[30/Jan/2026 20:01:39] "GET /assignmentFiles/208/ HTTP/1.1" 200 6697
{"event": "FilePermissions: Checking permissions for File object (211) of type <class 'core.models.AssignmentFile'>", "timestamp": "2026-01-30T20:01:39.899449Z"}
{"event": "FilePermissions: Delegating to AssignmentPermissions for assignment 46", "timestamp": "2026-01-30T20:01:39.900589Z"}
[30/Jan/2026 20:01:39] "GET /assignmentFiles/211/ HTTP/1.1" 200 5378
{"event": "FilePermissions: Checking permissions for File object (209) of type <class 'core.models.AssignmentFile'>", "timestamp": "2026-01-30T20:01:39.943839Z"}
{"event": "FilePermissions: Delegating to AssignmentPermissions for assignment 46", "timestamp": "2026-01-30T20:01:39.944972Z"}
[30/Jan/2026 20:01:39] "GET /assignmentFiles/209/ HTTP/1.1" 200 497
{"event": "FilePermissions: Checking permissions for File object (686) of type <class 'core.models.AssignmentFile'>", "timestamp": "2026-01-30T20:01:39.955684Z"}
{"event": "FilePermissions: Delegating to AssignmentPermissions for assignment 46", "timestamp": "2026-01-30T20:01:39.956766Z"}
[30/Jan/2026 20:01:39] "GET /assignmentFiles/686/ HTTP/1.1" 200 6097
{"event": "FilePermissions: Checking permissions for File object (211) of type <class 'core.models.AssignmentFile'>", "timestamp": "2026-01-30T20:01:40.000351Z"}
{"event": "FilePermissions: Delegating to AssignmentPermissions for assignment 46", "timestamp": "2026-01-30T20:01:40.001723Z"}
[30/Jan/2026 20:01:40] "GET /assignmentFiles/211/ HTTP/1.1" 200 5378
{"event": "FilePermissions: Checking permissions for File object (687) of type <class 'core.models.AssignmentFile'>", "timestamp": "2026-01-30T20:01:40.015890Z"}
{"event": "FilePermissions: Delegating to AssignmentPermissions for assignment 46", "timestamp": "2026-01-30T20:01:40.016904Z"}
[30/Jan/2026 20:01:40] "GET /assignmentFiles/687/ HTTP/1.1" 200 6097
{"event": "FilePermissions: Checking permissions for File object (686) of type <class 'core.models.AssignmentFile'>", "timestamp": "2026-01-30T20:01:40.064935Z"}
{"event": "FilePermissions: Delegating to AssignmentPermissions for assignment 46", "timestamp": "2026-01-30T20:01:40.066937Z"}
[30/Jan/2026 20:01:40] "GET /assignmentFiles/686/ HTTP/1.1" 200 6097
{"event": "FilePermissions: Checking permissions for File object (688) of type <class 'core.models.AssignmentFile'>", "timestamp": "2026-01-30T20:01:40.072668Z"}
{"event": "FilePermissions: Delegating to AssignmentPermissions for assignment 46", "timestamp": "2026-01-30T20:01:40.073749Z"}
[30/Jan/2026 20:01:40] "GET /assignmentFiles/688/ HTTP/1.1" 200 6097
{"event": "FilePermissions: Checking permissions for File object (687) of type <class 'core.models.AssignmentFile'>", "timestamp": "2026-01-30T20:01:40.124370Z"}
{"event": "FilePermissions: Delegating to AssignmentPermissions for assignment 46", "timestamp": "2026-01-30T20:01:40.125430Z"}
[30/Jan/2026 20:01:40] "GET /assignmentFiles/687/ HTTP/1.1" 200 6097
{"event": "FilePermissions: Checking permissions for File object (689) of type <class 'core.models.AssignmentFile'>", "timestamp": "2026-01-30T20:01:40.130595Z"}
{"event": "FilePermissions: Delegating to AssignmentPermissions for assignment 46", "timestamp": "2026-01-30T20:01:40.131563Z"}
[30/Jan/2026 20:01:40] "GET /assignmentFiles/689/ HTTP/1.1" 200 6097
{"event": "FilePermissions: Checking permissions for File object (688) of type <class 'core.models.AssignmentFile'>", "timestamp": "2026-01-30T20:01:40.180853Z"}
{"event": "FilePermissions: Delegating to AssignmentPermissions for assignment 46", "timestamp": "2026-01-30T20:01:40.181900Z"}
[30/Jan/2026 20:01:40] "GET /assignmentFiles/688/ HTTP/1.1" 200 6097
{"event": "FilePermissions: Checking permissions for File object (689) of type <class 'core.models.AssignmentFile'>", "timestamp": "2026-01-30T20:01:40.244145Z"}
{"event": "FilePermissions: Delegating to AssignmentPermissions for assignment 46", "timestamp": "2026-01-30T20:01:40.245183Z"}
[30/Jan/2026 20:01:40] "GET /assignmentFiles/689/ HTTP/1.1" 200 6097
[30/Jan/2026 20:01:49] "GET /assignments/46/rubric/ HTTP/1.1" 200 2805
[30/Jan/2026 20:02:04] "GET /assignments/46/rubric/ HTTP/1.1" 200 2805
[30/Jan/2026 20:02:19] "GET /assignments/46/rubric/ HTTP/1.1" 200 2805
[30/Jan/2026 20:02:34] "GET /assignments/46/rubric/ HTTP/1.1" 200 2805
[30/Jan/2026 20:02:50] "GET /assignments/46/rubric/ HTTP/1.1" 200 2805
[30/Jan/2026 20:03:05] "GET /assignments/46/rubric/ HTTP/1.1" 200 2805
[30/Jan/2026 20:03:10] "POST /token-refresh/ HTTP/1.1" 200 339
[30/Jan/2026 20:03:20] "GET /assignments/46/rubric/ HTTP/1.1" 200 2805
[30/Jan/2026 20:03:30] "POST /token-refresh/ HTTP/1.1" 200 339
[30/Jan/2026 20:03:32] "POST /token-refresh/ HTTP/1.1" 200 339
[30/Jan/2026 20:03:35] "GET /assignments/46/rubric/ HTTP/1.1" 200 2805
[30/Jan/2026 20:03:50] "GET /assignments/46/rubric/ HTTP/1.1" 200 2805
[30/Jan/2026 20:04:05] "GET /assignments/46/rubric/ HTTP/1.1" 200 2805
[30/Jan/2026 20:04:17] "POST /token-refresh/ HTTP/1.1" 200 339
[30/Jan/2026 20:04:20] "GET /assignments/46/rubric/ HTTP/1.1" 200 2805
[30/Jan/2026 20:04:35] "GET /assignments/46/rubric/ HTTP/1.1" 200 2805
[30/Jan/2026 20:04:51] "GET /assignments/46/rubric/ HTTP/1.1" 200 2805
[30/Jan/2026 20:05:06] "GET /assignments/46/rubric/ HTTP/1.1" 200 2805
[30/Jan/2026 20:05:14] "POST /token-refresh/ HTTP/1.1" 200 339
[30/Jan/2026 20:05:21] "GET /assignments/46/rubric/ HTTP/1.1" 200 2805
[30/Jan/2026 20:05:36] "GET /assignments/46/rubric/ HTTP/1.1" 200 2805
[30/Jan/2026 20:05:51] "GET /assignments/46/rubric/ HTTP/1.1" 200 2805
[30/Jan/2026 20:06:06] "GET /assignments/46/rubric/ HTTP/1.1" 200 2805
[30/Jan/2026 20:06:21] "GET /assignments/46/rubric/ HTTP/1.1" 200 2805
[30/Jan/2026 20:06:36] "GET /assignments/46/rubric/ HTTP/1.1" 200 2805
[30/Jan/2026 20:06:51] "GET /assignments/46/rubric/ HTTP/1.1" 200 2805
[30/Jan/2026 20:07:07] "GET /assignments/46/rubric/ HTTP/1.1" 200 2805
[30/Jan/2026 20:07:22] "GET /assignments/46/rubric/ HTTP/1.1" 200 2805
[30/Jan/2026 20:07:37] "GET /assignments/46/rubric/ HTTP/1.1" 200 2805
[30/Jan/2026 20:07:52] "GET /assignments/46/rubric/ HTTP/1.1" 200 2805
[30/Jan/2026 20:08:07] "GET /assignments/46/rubric/ HTTP/1.1" 200 2805
[30/Jan/2026 20:08:09] "POST /token-refresh/ HTTP/1.1" 200 339
[30/Jan/2026 20:08:22] "GET /assignments/46/rubric/ HTTP/1.1" 200 2805
[30/Jan/2026 20:08:29] "POST /token-refresh/ HTTP/1.1" 200 339
[30/Jan/2026 20:08:31] "POST /token-refresh/ HTTP/1.1" 200 339
[30/Jan/2026 20:08:37] "GET /assignments/46/rubric/ HTTP/1.1" 200 2805
[30/Jan/2026 20:08:52] "GET /assignments/46/rubric/ HTTP/1.1" 200 2805
[30/Jan/2026 20:09:07] "GET /assignments/46/rubric/ HTTP/1.1" 200 2805
[30/Jan/2026 20:09:16] "POST /token-refresh/ HTTP/1.1" 200 339
[30/Jan/2026 20:09:23] "GET /assignments/46/rubric/ HTTP/1.1" 200 2805
[30/Jan/2026 20:09:38] "GET /assignments/46/rubric/ HTTP/1.1" 200 2805
[30/Jan/2026 20:09:53] "GET /assignments/46/rubric/ HTTP/1.1" 200 2805
[30/Jan/2026 20:10:08] "GET /assignments/46/rubric/ HTTP/1.1" 200 2805
[30/Jan/2026 20:10:13] "POST /token-refresh/ HTTP/1.1" 200 339
[30/Jan/2026 20:10:23] "GET /assignments/46/rubric/ HTTP/1.1" 200 2805
[30/Jan/2026 20:10:38] "GET /assignments/46/rubric/ HTTP/1.1" 200 2805
[30/Jan/2026 20:10:54] "GET /assignments/46/rubric/ HTTP/1.1" 200 2805
[30/Jan/2026 20:11:09] "GET /assignments/46/rubric/ HTTP/1.1" 200 2805
[30/Jan/2026 20:11:24] "GET /assignments/46/rubric/ HTTP/1.1" 200 2805
[30/Jan/2026 20:11:39] "GET /assignments/46/rubric/ HTTP/1.1" 200 2805
[30/Jan/2026 20:11:54] "GET /assignments/46/rubric/ HTTP/1.1" 200 2805
[30/Jan/2026 20:12:09] "GET /assignments/46/rubric/ HTTP/1.1" 200 2805
[30/Jan/2026 20:12:25] "GET /assignments/46/rubric/ HTTP/1.1" 200 2805
[30/Jan/2026 20:12:40] "GET /assignments/46/rubric/ HTTP/1.1" 200 2805
[30/Jan/2026 20:12:55] "GET /assignments/46/rubric/ HTTP/1.1" 200 2805
[30/Jan/2026 20:13:08] "POST /token-refresh/ HTTP/1.1" 200 339
[30/Jan/2026 20:13:10] "GET /assignments/46/rubric/ HTTP/1.1" 200 2805
[30/Jan/2026 20:13:25] "GET /assignments/46/rubric/ HTTP/1.1" 200 2805
[30/Jan/2026 20:13:28] "POST /token-refresh/ HTTP/1.1" 200 339
[30/Jan/2026 20:13:30] "POST /token-refresh/ HTTP/1.1" 200 339
[30/Jan/2026 20:13:40] "GET /assignments/46/rubric/ HTTP/1.1" 200 2805
[30/Jan/2026 20:13:56] "GET /assignments/46/rubric/ HTTP/1.1" 200 2805
[30/Jan/2026 20:14:11] "GET /assignments/46/rubric/ HTTP/1.1" 200 2805
[30/Jan/2026 20:14:15] "POST /token-refresh/ HTTP/1.1" 200 339
[30/Jan/2026 20:14:26] "GET /assignments/46/rubric/ HTTP/1.1" 200 2805
[30/Jan/2026 20:14:41] "GET /assignments/46/rubric/ HTTP/1.1" 200 2805
[30/Jan/2026 20:14:56] "GET /assignments/46/rubric/ HTTP/1.1" 200 2805
[30/Jan/2026 20:15:11] "GET /assignments/46/rubric/ HTTP/1.1" 200 2805
[30/Jan/2026 20:15:12] "POST /token-refresh/ HTTP/1.1" 200 339
[30/Jan/2026 20:15:26] "GET /assignments/46/rubric/ HTTP/1.1" 200 2805
[30/Jan/2026 20:15:42] "GET /assignments/46/rubric/ HTTP/1.1" 200 2805
[30/Jan/2026 20:15:57] "GET /assignments/46/rubric/ HTTP/1.1" 200 2805
[30/Jan/2026 20:16:12] "GET /assignments/46/rubric/ HTTP/1.1" 200 2805
[30/Jan/2026 20:16:27] "GET /assignments/46/rubric/ HTTP/1.1" 200 2805
[30/Jan/2026 20:16:42] "GET /assignments/46/rubric/ HTTP/1.1" 200 2805
[30/Jan/2026 20:16:57] "GET /assignments/46/rubric/ HTTP/1.1" 200 2805
[30/Jan/2026 20:17:13] "GET /assignments/46/rubric/ HTTP/1.1" 200 2805
[30/Jan/2026 20:17:28] "GET /assignments/46/rubric/ HTTP/1.1" 200 2805
[30/Jan/2026 20:17:43] "GET /assignments/46/rubric/ HTTP/1.1" 200 2805
[30/Jan/2026 20:17:58] "GET /assignments/46/rubric/ HTTP/1.1" 200 2805
[30/Jan/2026 20:18:07] "POST /token-refresh/ HTTP/1.1" 200 339
[30/Jan/2026 20:18:13] "GET /assignments/46/rubric/ HTTP/1.1" 200 2805
[30/Jan/2026 20:18:27] "POST /token-refresh/ HTTP/1.1" 200 339
[30/Jan/2026 20:18:28] "GET /assignments/46/rubric/ HTTP/1.1" 200 2805
[30/Jan/2026 20:18:29] "POST /token-refresh/ HTTP/1.1" 200 339
[30/Jan/2026 20:18:43] "GET /assignments/46/rubric/ HTTP/1.1" 200 2805
[30/Jan/2026 20:18:58] "GET /assignments/46/rubric/ HTTP/1.1" 200 2805
[30/Jan/2026 20:19:13] "GET /assignments/46/rubric/ HTTP/1.1" 200 2805
[30/Jan/2026 20:19:14] "POST /token-refresh/ HTTP/1.1" 200 339
[30/Jan/2026 20:19:29] "GET /assignments/46/rubric/ HTTP/1.1" 200 2805
[30/Jan/2026 20:19:44] "GET /assignments/46/rubric/ HTTP/1.1" 200 2805
[30/Jan/2026 20:19:59] "GET /assignments/46/rubric/ HTTP/1.1" 200 2805
[30/Jan/2026 20:20:11] "POST /token-refresh/ HTTP/1.1" 200 339
[30/Jan/2026 20:20:14] "GET /assignments/46/rubric/ HTTP/1.1" 200 2805
[30/Jan/2026 20:20:29] "GET /assignments/46/rubric/ HTTP/1.1" 200 2805
[30/Jan/2026 20:20:44] "GET /assignments/46/rubric/ HTTP/1.1" 200 2805
[30/Jan/2026 20:21:00] "GET /assignments/46/rubric/ HTTP/1.1" 200 2805
[30/Jan/2026 20:21:15] "GET /assignments/46/rubric/ HTTP/1.1" 200 2805
[30/Jan/2026 20:21:30] "GET /assignments/46/rubric/ HTTP/1.1" 200 2805
[30/Jan/2026 20:21:45] "GET /assignments/46/rubric/ HTTP/1.1" 200 2805
[30/Jan/2026 20:22:00] "GET /assignments/46/rubric/ HTTP/1.1" 200 2805
[30/Jan/2026 20:22:15] "GET /assignments/46/rubric/ HTTP/1.1" 200 2805
[30/Jan/2026 20:22:30] "GET /assignments/46/rubric/ HTTP/1.1" 200 2805
[30/Jan/2026 20:22:46] "GET /assignments/46/rubric/ HTTP/1.1" 200 2805
[30/Jan/2026 20:23:01] "GET /assignments/46/rubric/ HTTP/1.1" 200 2805
[30/Jan/2026 20:23:06] "POST /token-refresh/ HTTP/1.1" 200 339
[30/Jan/2026 20:23:16] "GET /assignments/46/rubric/ HTTP/1.1" 200 2805
[30/Jan/2026 20:23:26] "POST /token-refresh/ HTTP/1.1" 200 339
[30/Jan/2026 20:23:28] "POST /token-refresh/ HTTP/1.1" 200 339
[30/Jan/2026 20:23:31] "GET /assignments/46/rubric/ HTTP/1.1" 200 2805
[30/Jan/2026 20:23:46] "GET /assignments/46/rubric/ HTTP/1.1" 200 2805
[30/Jan/2026 20:24:01] "GET /assignments/46/rubric/ HTTP/1.1" 200 2805
[30/Jan/2026 20:24:13] "POST /token-refresh/ HTTP/1.1" 200 339
[30/Jan/2026 20:24:17] "GET /assignments/46/rubric/ HTTP/1.1" 200 2805
[30/Jan/2026 20:24:32] "GET /assignments/46/rubric/ HTTP/1.1" 200 2805
[30/Jan/2026 20:24:47] "GET /assignments/46/rubric/ HTTP/1.1" 200 2805
[30/Jan/2026 20:25:02] "GET /assignments/46/rubric/ HTTP/1.1" 200 2805
[30/Jan/2026 20:25:10] "POST /token-refresh/ HTTP/1.1" 200 339
[30/Jan/2026 20:25:17] "GET /assignments/46/rubric/ HTTP/1.1" 200 2805
[30/Jan/2026 20:25:32] "GET /assignments/46/rubric/ HTTP/1.1" 200 2805
[30/Jan/2026 20:25:48] "GET /assignments/46/rubric/ HTTP/1.1" 200 2805
[30/Jan/2026 20:26:03] "GET /assignments/46/rubric/ HTTP/1.1" 200 2805
[30/Jan/2026 20:26:18] "GET /assignments/46/rubric/ HTTP/1.1" 200 2805
[30/Jan/2026 20:26:33] "GET /assignments/46/rubric/ HTTP/1.1" 200 2805
[30/Jan/2026 20:26:48] "GET /assignments/46/rubric/ HTTP/1.1" 200 2805
[30/Jan/2026 20:27:03] "GET /assignments/46/rubric/ HTTP/1.1" 200 2805
[30/Jan/2026 20:27:18] "GET /assignments/46/rubric/ HTTP/1.1" 200 2805
[30/Jan/2026 20:27:34] "GET /assignments/46/rubric/ HTTP/1.1" 200 2805
[30/Jan/2026 20:27:49] "GET /assignments/46/rubric/ HTTP/1.1" 200 2805
[30/Jan/2026 20:27:51] "OPTIONS /registration/current_user/ HTTP/1.1" 200 0
Unauthorized: /registration/current_user/
WARNING 2026-01-30 20:27:51 Unauthorized: /registration/current_user/
[30/Jan/2026 20:27:51] "GET /registration/current_user/ HTTP/1.1" 401 255
[30/Jan/2026 20:27:51] "OPTIONS /registration/current_user/ HTTP/1.1" 200 0
Unauthorized: /registration/current_user/
WARNING 2026-01-30 20:27:51 Unauthorized: /registration/current_user/
[30/Jan/2026 20:27:51] "GET /registration/current_user/ HTTP/1.1" 401 255
[30/Jan/2026 20:27:56] "GET /auth/sso/check/?email=admin HTTP/1.1" 200 22
[30/Jan/2026 20:27:57] "POST /token-auth/ HTTP/1.1" 200 3506
[30/Jan/2026 20:27:59] "GET /assignments/85/ HTTP/1.1" 200 1099
[30/Jan/2026 20:27:59] "GET /assignments/46/ HTTP/1.1" 200 1160
[30/Jan/2026 20:27:59] "GET /courses/32/sections/?compact=1&page=1 HTTP/1.1" 200 52
[30/Jan/2026 20:27:59] "GET /assignments/62/ HTTP/1.1" 200 1086
[30/Jan/2026 20:27:59] "GET /assignments/85/ HTTP/1.1" 200 1099
[30/Jan/2026 20:27:59] "GET /assignments/46/ HTTP/1.1" 200 1160
[30/Jan/2026 20:27:59] "GET /assignments/94/ HTTP/1.1" 200 1121
[30/Jan/2026 20:27:59] "GET /courses/32/sections/?compact=1&page=1 HTTP/1.1" 200 52
[30/Jan/2026 20:27:59] "GET /assignments/94/ HTTP/1.1" 200 1121
[30/Jan/2026 20:27:59] "GET /assignments/62/ HTTP/1.1" 200 1086
[30/Jan/2026 20:27:59] "GET /assignments/62/submissions/?compact=1&page=1 HTTP/1.1" 200 52
[30/Jan/2026 20:27:59] "GET /assignments/85/submissions/?compact=1&page=1 HTTP/1.1" 200 469
[30/Jan/2026 20:27:59] "GET /assignments/85/submissionHistories/?compact=1&page=1 HTTP/1.1" 200 145
[30/Jan/2026 20:27:59] "GET /assignments/46/submissions/?compact=1&page=1 HTTP/1.1" 200 21592
[30/Jan/2026 20:27:59] "GET /assignments/94/submissions/?compact=1&page=1 HTTP/1.1" 200 479
[30/Jan/2026 20:27:59] "GET /assignments/46/submissionHistories/?compact=1&page=1 HTTP/1.1" 200 5679
[30/Jan/2026 20:27:59] "GET /assignments/62/submissionHistories/?compact=1&page=1 HTTP/1.1" 200 52
[30/Jan/2026 20:27:59] "GET /assignments/94/submissionHistories/?compact=1&page=1 HTTP/1.1" 200 144
[30/Jan/2026 20:27:59] "GET /courses/32/roster/ HTTP/1.1" 200 4492
[30/Jan/2026 20:27:59] "GET /assignments/62/submissions/?compact=1&page=1 HTTP/1.1" 200 52
[30/Jan/2026 20:27:59] "GET /assignments/85/submissions/?compact=1&page=1 HTTP/1.1" 200 469
[30/Jan/2026 20:28:00] "GET /assignments/85/submissionHistories/?compact=1&page=1 HTTP/1.1" 200 145
[30/Jan/2026 20:28:00] "GET /assignments/94/submissionHistories/?compact=1&page=1 HTTP/1.1" 200 144
[30/Jan/2026 20:28:00] "GET /assignments/62/submissionHistories/?compact=1&page=1 HTTP/1.1" 200 52
[30/Jan/2026 20:28:00] "GET /assignments/94/submissions/?compact=1&page=1 HTTP/1.1" 200 479
[30/Jan/2026 20:28:00] "GET /assignments/46/submissions/?compact=1&page=1 HTTP/1.1" 200 21592
[30/Jan/2026 20:28:00] "GET /courses/32/roster/ HTTP/1.1" 200 4492
[30/Jan/2026 20:28:00] "GET /assignments/46/submissionHistories/?compact=1&page=1 HTTP/1.1" 200 5679
[30/Jan/2026 20:28:00] "GET /courses/32/sections/?compact=1&page=1 HTTP/1.1" 200 52
[30/Jan/2026 20:28:00] "GET /assignments/94/ HTTP/1.1" 200 1121
[30/Jan/2026 20:28:00] "GET /assignments/62/ HTTP/1.1" 200 1086
[30/Jan/2026 20:28:00] "GET /assignments/85/ HTTP/1.1" 200 1099
[30/Jan/2026 20:28:00] "GET /assignments/46/ HTTP/1.1" 200 1160
[30/Jan/2026 20:28:01] "GET /assignments/85/submissionHistories/?compact=1&page=1 HTTP/1.1" 200 145
[30/Jan/2026 20:28:01] "GET /assignments/62/submissions/?compact=1&page=1 HTTP/1.1" 200 52
[30/Jan/2026 20:28:01] "GET /assignments/85/submissions/?compact=1&page=1 HTTP/1.1" 200 469
[30/Jan/2026 20:28:01] "GET /assignments/94/submissions/?compact=1&page=1 HTTP/1.1" 200 479
[30/Jan/2026 20:28:01] "GET /assignments/62/submissionHistories/?compact=1&page=1 HTTP/1.1" 200 52
[30/Jan/2026 20:28:01] "GET /assignments/94/submissionHistories/?compact=1&page=1 HTTP/1.1" 200 144
[30/Jan/2026 20:28:01] "GET /assignments/46/submissionHistories/?compact=1&page=1 HTTP/1.1" 200 5679
[30/Jan/2026 20:28:01] "GET /courses/32/roster/ HTTP/1.1" 200 4492
[30/Jan/2026 20:28:01] "GET /assignments/46/submissions/?compact=1&page=1 HTTP/1.1" 200 21592
[30/Jan/2026 20:28:02] "OPTIONS /autograder/environments/37/ HTTP/1.1" 200 0
[30/Jan/2026 20:28:02] "OPTIONS /autograder/environments/37/ HTTP/1.1" 200 0
[30/Jan/2026 20:28:02] "OPTIONS /autograder/environments/50/ HTTP/1.1" 200 0
[30/Jan/2026 20:28:02] "OPTIONS /autograder/environments/60/ HTTP/1.1" 200 0
[30/Jan/2026 20:28:02] "OPTIONS /autograder/environments/50/ HTTP/1.1" 200 0
[30/Jan/2026 20:28:02] "GET /autograder/environments/63/ HTTP/1.1" 200 1873
[30/Jan/2026 20:28:02] "OPTIONS /autograder/environments/60/ HTTP/1.1" 200 0
[30/Jan/2026 20:28:02] "GET /autograder/environments/60/ HTTP/1.1" 200 2142
[30/Jan/2026 20:28:02] "GET /autograder/environments/37/ HTTP/1.1" 200 2191
[30/Jan/2026 20:28:02] "GET /autograder/environments/63/ HTTP/1.1" 200 1873
[30/Jan/2026 20:28:02] "GET /autograder/environments/50/ HTTP/1.1" 200 141291
[30/Jan/2026 20:28:02] "GET /autograder/environments/50/ HTTP/1.1" 200 141291
[30/Jan/2026 20:28:02] "GET /autograder/environments/37/ HTTP/1.1" 200 2191
[30/Jan/2026 20:28:02] "GET /autograder/environments/60/ HTTP/1.1" 200 2142
[30/Jan/2026 20:28:04] "GET /assignments/46/rubric/ HTTP/1.1" 200 2805
[30/Jan/2026 20:28:04] "GET /autograder/environments/37/ HTTP/1.1" 200 2191
[30/Jan/2026 20:28:04] "GET /assignments/46/ HTTP/1.1" 200 1160
[30/Jan/2026 20:28:04] "GET /autograder/environments/37/ HTTP/1.1" 200 2191
[30/Jan/2026 20:28:04] "GET /assignments/46/ HTTP/1.1" 200 1160
[30/Jan/2026 20:28:04] "GET /autograder/environments/37/ HTTP/1.1" 200 2191
[30/Jan/2026 20:28:04] "GET /assignments/46/ HTTP/1.1" 200 1160
[30/Jan/2026 20:28:04] "GET /autograder/environments/37/ HTTP/1.1" 200 2191
{"event": "FilePermissions: Checking permissions for File object (207) of type <class 'core.models.AssignmentFile'>", "timestamp": "2026-01-30T20:28:04.984803Z"}
{"event": "FilePermissions: Checking permissions for File object (211) of type <class 'core.models.AssignmentFile'>", "timestamp": "2026-01-30T20:28:04.985967Z"}
{"event": "FilePermissions: Checking permissions for File object (209) of type <class 'core.models.AssignmentFile'>", "timestamp": "2026-01-30T20:28:04.986905Z"}
{"event": "FilePermissions: Checking permissions for File object (208) of type <class 'core.models.AssignmentFile'>", "timestamp": "2026-01-30T20:28:04.987019Z"}
{"event": "FilePermissions: Delegating to AssignmentPermissions for assignment 46", "timestamp": "2026-01-30T20:28:04.989651Z"}
{"event": "FilePermissions: Delegating to AssignmentPermissions for assignment 46", "timestamp": "2026-01-30T20:28:04.992522Z"}
{"event": "FilePermissions: Delegating to AssignmentPermissions for assignment 46", "timestamp": "2026-01-30T20:28:04.992716Z"}
{"event": "FilePermissions: Delegating to AssignmentPermissions for assignment 46", "timestamp": "2026-01-30T20:28:04.993239Z"}
[30/Jan/2026 20:28:04] "GET /assignmentFiles/207/ HTTP/1.1" 200 41043
[30/Jan/2026 20:28:04] "GET /assignmentFiles/208/ HTTP/1.1" 200 6697
[30/Jan/2026 20:28:05] "GET /assignmentFiles/211/ HTTP/1.1" 200 5378
[30/Jan/2026 20:28:05] "GET /assignmentFiles/209/ HTTP/1.1" 200 497
{"event": "FilePermissions: Checking permissions for File object (687) of type <class 'core.models.AssignmentFile'>", "timestamp": "2026-01-30T20:28:05.009743Z"}
{"event": "FilePermissions: Checking permissions for File object (686) of type <class 'core.models.AssignmentFile'>", "timestamp": "2026-01-30T20:28:05.010248Z"}
{"event": "FilePermissions: Delegating to AssignmentPermissions for assignment 46", "timestamp": "2026-01-30T20:28:05.012541Z"}
{"event": "FilePermissions: Delegating to AssignmentPermissions for assignment 46", "timestamp": "2026-01-30T20:28:05.012696Z"}
[30/Jan/2026 20:28:05] "GET /assignmentFiles/687/ HTTP/1.1" 200 6097
[30/Jan/2026 20:28:05] "GET /assignmentFiles/686/ HTTP/1.1" 200 6097
[30/Jan/2026 20:28:05] "GET /assignments/46/ HTTP/1.1" 200 1160
{"event": "FilePermissions: Checking permissions for File object (688) of type <class 'core.models.AssignmentFile'>", "timestamp": "2026-01-30T20:28:05.019069Z"}
{"event": "FilePermissions: Delegating to AssignmentPermissions for assignment 46", "timestamp": "2026-01-30T20:28:05.020562Z"}
[30/Jan/2026 20:28:05] "GET /assignmentFiles/688/ HTTP/1.1" 200 6097
{"event": "FilePermissions: Checking permissions for File object (689) of type <class 'core.models.AssignmentFile'>", "timestamp": "2026-01-30T20:28:05.054706Z"}
{"event": "FilePermissions: Delegating to AssignmentPermissions for assignment 46", "timestamp": "2026-01-30T20:28:05.055847Z"}
[30/Jan/2026 20:28:05] "GET /assignmentFiles/689/ HTTP/1.1" 200 6097
{"event": "FilePermissions: Checking permissions for File object (209) of type <class 'core.models.AssignmentFile'>", "timestamp": "2026-01-30T20:28:05.082067Z"}
{"event": "FilePermissions: Checking permissions for File object (207) of type <class 'core.models.AssignmentFile'>", "timestamp": "2026-01-30T20:28:05.083064Z"}
{"event": "FilePermissions: Checking permissions for File object (211) of type <class 'core.models.AssignmentFile'>", "timestamp": "2026-01-30T20:28:05.083167Z"}
{"event": "FilePermissions: Checking permissions for File object (208) of type <class 'core.models.AssignmentFile'>", "timestamp": "2026-01-30T20:28:05.084081Z"}
{"event": "FilePermissions: Delegating to AssignmentPermissions for assignment 46", "timestamp": "2026-01-30T20:28:05.088584Z"}
{"event": "FilePermissions: Delegating to AssignmentPermissions for assignment 46", "timestamp": "2026-01-30T20:28:05.089419Z"}
{"event": "FilePermissions: Delegating to AssignmentPermissions for assignment 46", "timestamp": "2026-01-30T20:28:05.089580Z"}
{"event": "FilePermissions: Delegating to AssignmentPermissions for assignment 46", "timestamp": "2026-01-30T20:28:05.090089Z"}
[30/Jan/2026 20:28:05] "GET /assignmentFiles/209/ HTTP/1.1" 200 497
[30/Jan/2026 20:28:05] "GET /assignmentFiles/208/ HTTP/1.1" 200 6697
[30/Jan/2026 20:28:05] "GET /assignmentFiles/211/ HTTP/1.1" 200 5378
[30/Jan/2026 20:28:05] "GET /assignmentFiles/207/ HTTP/1.1" 200 41043
[30/Jan/2026 20:28:05] "GET /assignments/46/ HTTP/1.1" 200 1160
{"event": "FilePermissions: Checking permissions for File object (686) of type <class 'core.models.AssignmentFile'>", "timestamp": "2026-01-30T20:28:05.111203Z"}
{"event": "FilePermissions: Delegating to AssignmentPermissions for assignment 46", "timestamp": "2026-01-30T20:28:05.112240Z"}
[30/Jan/2026 20:28:05] "GET /assignmentFiles/686/ HTTP/1.1" 200 6097
{"event": "FilePermissions: Checking permissions for File object (687) of type <class 'core.models.AssignmentFile'>", "timestamp": "2026-01-30T20:28:05.153541Z"}
{"event": "FilePermissions: Checking permissions for File object (689) of type <class 'core.models.AssignmentFile'>", "timestamp": "2026-01-30T20:28:05.153995Z"}
{"event": "FilePermissions: Checking permissions for File object (688) of type <class 'core.models.AssignmentFile'>", "timestamp": "2026-01-30T20:28:05.154923Z"}
{"event": "FilePermissions: Delegating to AssignmentPermissions for assignment 46", "timestamp": "2026-01-30T20:28:05.156435Z"}
{"event": "FilePermissions: Delegating to AssignmentPermissions for assignment 46", "timestamp": "2026-01-30T20:28:05.157110Z"}
{"event": "FilePermissions: Delegating to AssignmentPermissions for assignment 46", "timestamp": "2026-01-30T20:28:05.157694Z"}
[30/Jan/2026 20:28:05] "GET /assignmentFiles/687/ HTTP/1.1" 200 6097
[30/Jan/2026 20:28:05] "GET /assignmentFiles/688/ HTTP/1.1" 200 6097
[30/Jan/2026 20:28:05] "GET /assignmentFiles/689/ HTTP/1.1" 200 6097
[30/Jan/2026 20:28:05] "GET /assignments/46/ HTTP/1.1" 200 1160
{"event": "FilePermissions: Checking permissions for File object (208) of type <class 'core.models.AssignmentFile'>", "timestamp": "2026-01-30T20:28:05.205071Z"}
{"event": "FilePermissions: Checking permissions for File object (207) of type <class 'core.models.AssignmentFile'>", "timestamp": "2026-01-30T20:28:05.205549Z"}
{"event": "FilePermissions: Delegating to AssignmentPermissions for assignment 46", "timestamp": "2026-01-30T20:28:05.207151Z"}
{"event": "FilePermissions: Delegating to AssignmentPermissions for assignment 46", "timestamp": "2026-01-30T20:28:05.207762Z"}
[30/Jan/2026 20:28:05] "GET /assignmentFiles/208/ HTTP/1.1" 200 6697
[30/Jan/2026 20:28:05] "GET /assignmentFiles/207/ HTTP/1.1" 200 41043
{"event": "FilePermissions: Checking permissions for File object (209) of type <class 'core.models.AssignmentFile'>", "timestamp": "2026-01-30T20:28:05.305850Z"}
{"event": "FilePermissions: Checking permissions for File object (686) of type <class 'core.models.AssignmentFile'>", "timestamp": "2026-01-30T20:28:05.306721Z"}
{"event": "FilePermissions: Checking permissions for File object (688) of type <class 'core.models.AssignmentFile'>", "timestamp": "2026-01-30T20:28:05.307651Z"}
{"event": "FilePermissions: Checking permissions for File object (211) of type <class 'core.models.AssignmentFile'>", "timestamp": "2026-01-30T20:28:05.309138Z"}
{"event": "FilePermissions: Delegating to AssignmentPermissions for assignment 46", "timestamp": "2026-01-30T20:28:05.311100Z"}
{"event": "FilePermissions: Checking permissions for File object (687) of type <class 'core.models.AssignmentFile'>", "timestamp": "2026-01-30T20:28:05.311220Z"}
{"event": "FilePermissions: Delegating to AssignmentPermissions for assignment 46", "timestamp": "2026-01-30T20:28:05.311777Z"}
{"event": "FilePermissions: Delegating to AssignmentPermissions for assignment 46", "timestamp": "2026-01-30T20:28:05.312726Z"}
{"event": "FilePermissions: Delegating to AssignmentPermissions for assignment 46", "timestamp": "2026-01-30T20:28:05.313749Z"}
[30/Jan/2026 20:28:05] "GET /assignmentFiles/209/ HTTP/1.1" 200 497
{"event": "FilePermissions: Checking permissions for File object (689) of type <class 'core.models.AssignmentFile'>", "timestamp": "2026-01-30T20:28:05.317920Z"}
[30/Jan/2026 20:28:05] "GET /assignmentFiles/686/ HTTP/1.1" 200 6097
{"event": "FilePermissions: Delegating to AssignmentPermissions for assignment 46", "timestamp": "2026-01-30T20:28:05.319736Z"}
[30/Jan/2026 20:28:05] "GET /assignmentFiles/688/ HTTP/1.1" 200 6097
[30/Jan/2026 20:28:05] "GET /assignmentFiles/211/ HTTP/1.1" 200 5378
{"event": "FilePermissions: Delegating to AssignmentPermissions for assignment 46", "timestamp": "2026-01-30T20:28:05.322695Z"}
[30/Jan/2026 20:28:05] "GET /assignmentFiles/687/ HTTP/1.1" 200 6097
[30/Jan/2026 20:28:05] "GET /assignmentFiles/689/ HTTP/1.1" 200 6097
{"event": "FilePermissions: Checking permissions for File object (208) of type <class 'core.models.AssignmentFile'>", "timestamp": "2026-01-30T20:28:05.330886Z"}
{"event": "FilePermissions: Checking permissions for File object (207) of type <class 'core.models.AssignmentFile'>", "timestamp": "2026-01-30T20:28:05.331749Z"}
{"event": "FilePermissions: Checking permissions for File object (209) of type <class 'core.models.AssignmentFile'>", "timestamp": "2026-01-30T20:28:05.333722Z"}
{"event": "FilePermissions: Delegating to AssignmentPermissions for assignment 46", "timestamp": "2026-01-30T20:28:05.334922Z"}
{"event": "FilePermissions: Delegating to AssignmentPermissions for assignment 46", "timestamp": "2026-01-30T20:28:05.338382Z"}
{"event": "FilePermissions: Delegating to AssignmentPermissions for assignment 46", "timestamp": "2026-01-30T20:28:05.339250Z"}
[30/Jan/2026 20:28:05] "GET /assignmentFiles/208/ HTTP/1.1" 200 6697
{"event": "FilePermissions: Checking permissions for File object (686) of type <class 'core.models.AssignmentFile'>", "timestamp": "2026-01-30T20:28:05.340834Z"}
[30/Jan/2026 20:28:05] "GET /assignmentFiles/209/ HTTP/1.1" 200 497
[30/Jan/2026 20:28:05] "GET /assignmentFiles/207/ HTTP/1.1" 200 41043
{"event": "FilePermissions: Delegating to AssignmentPermissions for assignment 46", "timestamp": "2026-01-30T20:28:05.345476Z"}
{"event": "FilePermissions: Checking permissions for File object (211) of type <class 'core.models.AssignmentFile'>", "timestamp": "2026-01-30T20:28:05.346078Z"}
[30/Jan/2026 20:28:05] "GET /assignmentFiles/686/ HTTP/1.1" 200 6097
{"event": "FilePermissions: Delegating to AssignmentPermissions for assignment 46", "timestamp": "2026-01-30T20:28:05.348540Z"}
[30/Jan/2026 20:28:05] "GET /assignmentFiles/211/ HTTP/1.1" 200 5378
{"event": "FilePermissions: Checking permissions for File object (687) of type <class 'core.models.AssignmentFile'>", "timestamp": "2026-01-30T20:28:05.372134Z"}
{"event": "FilePermissions: Delegating to AssignmentPermissions for assignment 46", "timestamp": "2026-01-30T20:28:05.373335Z"}
[30/Jan/2026 20:28:05] "GET /assignmentFiles/687/ HTTP/1.1" 200 6097
{"event": "FilePermissions: Checking permissions for File object (689) of type <class 'core.models.AssignmentFile'>", "timestamp": "2026-01-30T20:28:05.391674Z"}
{"event": "FilePermissions: Delegating to AssignmentPermissions for assignment 46", "timestamp": "2026-01-30T20:28:05.392855Z"}
[30/Jan/2026 20:28:05] "GET /assignmentFiles/689/ HTTP/1.1" 200 6097
{"event": "FilePermissions: Checking permissions for File object (688) of type <class 'core.models.AssignmentFile'>", "timestamp": "2026-01-30T20:28:05.398137Z"}
{"event": "FilePermissions: Delegating to AssignmentPermissions for assignment 46", "timestamp": "2026-01-30T20:28:05.399709Z"}
[30/Jan/2026 20:28:05] "GET /assignmentFiles/688/ HTTP/1.1" 200 6097
[30/Jan/2026 20:28:05] "POST /token-refresh/ HTTP/1.1" 200 339
[30/Jan/2026 20:28:05] "OPTIONS /autograder/environments/37/build_status/ HTTP/1.1" 200 0
[30/Jan/2026 20:28:05] "GET /autograder/environments/37/build_status/ HTTP/1.1" 200 2142
[30/Jan/2026 20:28:05] "GET /autograder/environments/37/ HTTP/1.1" 200 2191
[30/Jan/2026 20:28:06] "GET /testCategories/25/ HTTP/1.1" 200 13948
[30/Jan/2026 20:28:06] "GET /testCategories/26/ HTTP/1.1" 200 1630
[30/Jan/2026 20:28:06] "GET /testCategories/27/ HTTP/1.1" 200 4807
[30/Jan/2026 20:28:06] "GET /testCategories/25/ HTTP/1.1" 200 13948
[30/Jan/2026 20:28:06] "GET /testCategories/26/ HTTP/1.1" 200 1630
[30/Jan/2026 20:28:06] "GET /testCategories/27/ HTTP/1.1" 200 4807
[30/Jan/2026 20:28:06] "GET /assignments/46/ HTTP/1.1" 200 1160
[30/Jan/2026 20:28:06] "GET /assignments/46/ HTTP/1.1" 200 1160
{"event": "FilePermissions: Checking permissions for File object (207) of type <class 'core.models.AssignmentFile'>", "timestamp": "2026-01-30T20:28:06.232237Z"}
{"event": "FilePermissions: Delegating to AssignmentPermissions for assignment 46", "timestamp": "2026-01-30T20:28:06.233263Z"}
[30/Jan/2026 20:28:06] "GET /assignmentFiles/207/ HTTP/1.1" 200 41043
{"event": "FilePermissions: Checking permissions for File object (208) of type <class 'core.models.AssignmentFile'>", "timestamp": "2026-01-30T20:28:06.334514Z"}
{"event": "FilePermissions: Checking permissions for File object (207) of type <class 'core.models.AssignmentFile'>", "timestamp": "2026-01-30T20:28:06.334678Z"}
{"event": "FilePermissions: Delegating to AssignmentPermissions for assignment 46", "timestamp": "2026-01-30T20:28:06.336667Z"}
{"event": "FilePermissions: Delegating to AssignmentPermissions for assignment 46", "timestamp": "2026-01-30T20:28:06.337199Z"}
[30/Jan/2026 20:28:06] "GET /assignmentFiles/208/ HTTP/1.1" 200 6697
[30/Jan/2026 20:28:06] "GET /assignmentFiles/207/ HTTP/1.1" 200 41043
{"event": "FilePermissions: Checking permissions for File object (208) of type <class 'core.models.AssignmentFile'>", "timestamp": "2026-01-30T20:28:06.397352Z"}
{"event": "FilePermissions: Checking permissions for File object (209) of type <class 'core.models.AssignmentFile'>", "timestamp": "2026-01-30T20:28:06.397812Z"}
{"event": "FilePermissions: Delegating to AssignmentPermissions for assignment 46", "timestamp": "2026-01-30T20:28:06.398869Z"}
[30/Jan/2026 20:28:06] "GET /assignmentFiles/208/ HTTP/1.1" 200 6697
{"event": "FilePermissions: Delegating to AssignmentPermissions for assignment 46", "timestamp": "2026-01-30T20:28:06.400972Z"}
[30/Jan/2026 20:28:06] "GET /assignmentFiles/209/ HTTP/1.1" 200 497
{"event": "FilePermissions: Checking permissions for File object (209) of type <class 'core.models.AssignmentFile'>", "timestamp": "2026-01-30T20:28:06.461217Z"}
{"event": "FilePermissions: Checking permissions for File object (211) of type <class 'core.models.AssignmentFile'>", "timestamp": "2026-01-30T20:28:06.461709Z"}
{"event": "FilePermissions: Delegating to AssignmentPermissions for assignment 46", "timestamp": "2026-01-30T20:28:06.463128Z"}
{"event": "FilePermissions: Delegating to AssignmentPermissions for assignment 46", "timestamp": "2026-01-30T20:28:06.463719Z"}
[30/Jan/2026 20:28:06] "GET /assignmentFiles/209/ HTTP/1.1" 200 497
[30/Jan/2026 20:28:06] "GET /assignmentFiles/211/ HTTP/1.1" 200 5378
{"event": "FilePermissions: Checking permissions for File object (211) of type <class 'core.models.AssignmentFile'>", "timestamp": "2026-01-30T20:28:06.528365Z"}
{"event": "FilePermissions: Checking permissions for File object (686) of type <class 'core.models.AssignmentFile'>", "timestamp": "2026-01-30T20:28:06.528516Z"}
{"event": "FilePermissions: Delegating to AssignmentPermissions for assignment 46", "timestamp": "2026-01-30T20:28:06.530170Z"}
{"event": "FilePermissions: Delegating to AssignmentPermissions for assignment 46", "timestamp": "2026-01-30T20:28:06.530681Z"}
[30/Jan/2026 20:28:06] "GET /assignmentFiles/211/ HTTP/1.1" 200 5378
[30/Jan/2026 20:28:06] "GET /assignmentFiles/686/ HTTP/1.1" 200 6097
{"event": "FilePermissions: Checking permissions for File object (686) of type <class 'core.models.AssignmentFile'>", "timestamp": "2026-01-30T20:28:06.592948Z"}
{"event": "FilePermissions: Checking permissions for File object (687) of type <class 'core.models.AssignmentFile'>", "timestamp": "2026-01-30T20:28:06.593571Z"}
{"event": "FilePermissions: Delegating to AssignmentPermissions for assignment 46", "timestamp": "2026-01-30T20:28:06.594973Z"}
{"event": "FilePermissions: Delegating to AssignmentPermissions for assignment 46", "timestamp": "2026-01-30T20:28:06.595548Z"}
[30/Jan/2026 20:28:06] "GET /assignmentFiles/686/ HTTP/1.1" 200 6097
[30/Jan/2026 20:28:06] "GET /assignmentFiles/687/ HTTP/1.1" 200 6097
{"event": "FilePermissions: Checking permissions for File object (688) of type <class 'core.models.AssignmentFile'>", "timestamp": "2026-01-30T20:28:06.655703Z"}
{"event": "FilePermissions: Checking permissions for File object (687) of type <class 'core.models.AssignmentFile'>", "timestamp": "2026-01-30T20:28:06.656152Z"}
{"event": "FilePermissions: Delegating to AssignmentPermissions for assignment 46", "timestamp": "2026-01-30T20:28:06.657141Z"}
{"event": "FilePermissions: Delegating to AssignmentPermissions for assignment 46", "timestamp": "2026-01-30T20:28:06.658124Z"}
[30/Jan/2026 20:28:06] "GET /assignmentFiles/688/ HTTP/1.1" 200 6097
[30/Jan/2026 20:28:06] "GET /assignmentFiles/687/ HTTP/1.1" 200 6097
{"event": "FilePermissions: Checking permissions for File object (689) of type <class 'core.models.AssignmentFile'>", "timestamp": "2026-01-30T20:28:06.712975Z"}
{"event": "FilePermissions: Delegating to AssignmentPermissions for assignment 46", "timestamp": "2026-01-30T20:28:06.715278Z"}
[30/Jan/2026 20:28:06] "GET /assignmentFiles/689/ HTTP/1.1" 200 6097
{"event": "FilePermissions: Checking permissions for File object (688) of type <class 'core.models.AssignmentFile'>", "timestamp": "2026-01-30T20:28:06.717389Z"}
{"event": "FilePermissions: Delegating to AssignmentPermissions for assignment 46", "timestamp": "2026-01-30T20:28:06.718537Z"}
[30/Jan/2026 20:28:06] "GET /assignmentFiles/688/ HTTP/1.1" 200 6097
{"event": "FilePermissions: Checking permissions for File object (689) of type <class 'core.models.AssignmentFile'>", "timestamp": "2026-01-30T20:28:06.791496Z"}
{"event": "FilePermissions: Delegating to AssignmentPermissions for assignment 46", "timestamp": "2026-01-30T20:28:06.792681Z"}
[30/Jan/2026 20:28:06] "GET /assignmentFiles/689/ HTTP/1.1" 200 6097
[30/Jan/2026 20:28:11] "GET /registration/current_user/ HTTP/1.1" 200 3159
[30/Jan/2026 20:28:11] "POST /token-refresh/ HTTP/1.1" 200 339
[30/Jan/2026 20:28:11] "GET /registration/current_user/ HTTP/1.1" 200 3159
[30/Jan/2026 20:28:11] "POST /token-refresh/ HTTP/1.1" 200 339
[30/Jan/2026 20:28:12] "OPTIONS /submissions/111/checkPermission/ HTTP/1.1" 200 0
[30/Jan/2026 20:28:12] "OPTIONS /submissions/111/checkPermission/ HTTP/1.1" 200 0
[30/Jan/2026 20:28:12] "GET /submissions/111/checkPermission/ HTTP/1.1" 200 44
[30/Jan/2026 20:28:12] "OPTIONS /submissions/111/ HTTP/1.1" 200 0
[30/Jan/2026 20:28:12] "GET /submissions/111/checkPermission/ HTTP/1.1" 200 44
[30/Jan/2026 20:28:12] "GET /submissions/111/ HTTP/1.1" 200 54123
[30/Jan/2026 20:28:12] "OPTIONS /comments/270/ HTTP/1.1" 200 0
[30/Jan/2026 20:28:12] "OPTIONS /comments/271/ HTTP/1.1" 200 0
[30/Jan/2026 20:28:12] "OPTIONS /comments/268/ HTTP/1.1" 200 0
[30/Jan/2026 20:28:12] "GET /comments/268/ HTTP/1.1" 200 478
[30/Jan/2026 20:28:12] "GET /comments/270/ HTTP/1.1" 200 394
[30/Jan/2026 20:28:12] "GET /comments/271/ HTTP/1.1" 200 195
[30/Jan/2026 20:28:12] "GET /assignments/46/rubric/ HTTP/1.1" 200 2805
[30/Jan/2026 20:28:12] "GET /submissions/111/ HTTP/1.1" 200 54123
[30/Jan/2026 20:28:12] "GET /assignments/46/ HTTP/1.1" 200 1160
[30/Jan/2026 20:28:12] "OPTIONS /courses/32/ HTTP/1.1" 200 0
[30/Jan/2026 20:28:12] "GET /comments/271/ HTTP/1.1" 200 195
[30/Jan/2026 20:28:12] "GET /comments/268/ HTTP/1.1" 200 478
[30/Jan/2026 20:28:12] "GET /comments/270/ HTTP/1.1" 200 394
[30/Jan/2026 20:28:12] "GET /assignments/46/rubric/ HTTP/1.1" 200 2805
[30/Jan/2026 20:28:12] "GET /assignments/46/ HTTP/1.1" 200 1160
[30/Jan/2026 20:28:12] "GET /courses/32/ HTTP/1.1" 200 622
{"event": "FilePermissions: Checking permissions for File object (211) of type <class 'core.models.AssignmentFile'>", "timestamp": "2026-01-30T20:28:12.417827Z"}
{"event": "FilePermissions: Checking permissions for File object (209) of type <class 'core.models.AssignmentFile'>", "timestamp": "2026-01-30T20:28:12.418809Z"}
{"event": "FilePermissions: Checking permissions for File object (686) of type <class 'core.models.AssignmentFile'>", "timestamp": "2026-01-30T20:28:12.421560Z"}
{"event": "FilePermissions: Checking permissions for File object (207) of type <class 'core.models.AssignmentFile'>", "timestamp": "2026-01-30T20:28:12.421715Z"}
{"event": "FilePermissions: Checking permissions for File object (208) of type <class 'core.models.AssignmentFile'>", "timestamp": "2026-01-30T20:28:12.422546Z"}
{"event": "FilePermissions: Delegating to AssignmentPermissions for assignment 46", "timestamp": "2026-01-30T20:28:12.423185Z"}
{"event": "FilePermissions: Delegating to AssignmentPermissions for assignment 46", "timestamp": "2026-01-30T20:28:12.424276Z"}
{"event": "FilePermissions: Delegating to AssignmentPermissions for assignment 46", "timestamp": "2026-01-30T20:28:12.428681Z"}
[30/Jan/2026 20:28:12] "GET /assignmentFiles/209/ HTTP/1.1" 200 497
{"event": "FilePermissions: Delegating to AssignmentPermissions for assignment 46", "timestamp": "2026-01-30T20:28:12.429450Z"}
{"event": "FilePermissions: Delegating to AssignmentPermissions for assignment 46", "timestamp": "2026-01-30T20:28:12.431431Z"}
[30/Jan/2026 20:28:12] "GET /assignmentFiles/211/ HTTP/1.1" 200 5378
[30/Jan/2026 20:28:12] "GET /assignmentFiles/207/ HTTP/1.1" 200 41043
[30/Jan/2026 20:28:12] "GET /assignmentFiles/686/ HTTP/1.1" 200 6097
[30/Jan/2026 20:28:12] "GET /assignmentFiles/208/ HTTP/1.1" 200 6697
[30/Jan/2026 20:28:12] "GET /courses/32/ HTTP/1.1" 200 622
{"event": "FilePermissions: Checking permissions for File object (687) of type <class 'core.models.AssignmentFile'>", "timestamp": "2026-01-30T20:28:12.445898Z"}
{"event": "FilePermissions: Delegating to AssignmentPermissions for assignment 46", "timestamp": "2026-01-30T20:28:12.446961Z"}
[30/Jan/2026 20:28:12] "GET /assignmentFiles/687/ HTTP/1.1" 200 6097
{"event": "FilePermissions: Checking permissions for File object (689) of type <class 'core.models.AssignmentFile'>", "timestamp": "2026-01-30T20:28:12.486191Z"}
{"event": "FilePermissions: Checking permissions for File object (688) of type <class 'core.models.AssignmentFile'>", "timestamp": "2026-01-30T20:28:12.486959Z"}
{"event": "FilePermissions: Delegating to AssignmentPermissions for assignment 46", "timestamp": "2026-01-30T20:28:12.488598Z"}
{"event": "FilePermissions: Delegating to AssignmentPermissions for assignment 46", "timestamp": "2026-01-30T20:28:12.489229Z"}
[30/Jan/2026 20:28:12] "GET /assignmentFiles/689/ HTTP/1.1" 200 6097
[30/Jan/2026 20:28:12] "GET /assignmentFiles/688/ HTTP/1.1" 200 6097
{"event": "FilePermissions: Checking permissions for File object (207) of type <class 'core.models.AssignmentFile'>", "timestamp": "2026-01-30T20:28:12.500061Z"}
{"event": "FilePermissions: Checking permissions for File object (208) of type <class 'core.models.AssignmentFile'>", "timestamp": "2026-01-30T20:28:12.500557Z"}
{"event": "FilePermissions: Checking permissions for File object (209) of type <class 'core.models.AssignmentFile'>", "timestamp": "2026-01-30T20:28:12.500657Z"}
{"event": "FilePermissions: Delegating to AssignmentPermissions for assignment 46", "timestamp": "2026-01-30T20:28:12.502313Z"}
{"event": "FilePermissions: Delegating to AssignmentPermissions for assignment 46", "timestamp": "2026-01-30T20:28:12.503275Z"}
{"event": "FilePermissions: Delegating to AssignmentPermissions for assignment 46", "timestamp": "2026-01-30T20:28:12.505921Z"}
[30/Jan/2026 20:28:12] "GET /assignmentFiles/208/ HTTP/1.1" 200 6697
[30/Jan/2026 20:28:12] "GET /assignmentFiles/207/ HTTP/1.1" 200 41043
[30/Jan/2026 20:28:12] "GET /assignmentFiles/209/ HTTP/1.1" 200 497
{"event": "FilePermissions: Checking permissions for File object (211) of type <class 'core.models.AssignmentFile'>", "timestamp": "2026-01-30T20:28:12.510892Z"}
{"event": "FilePermissions: Delegating to AssignmentPermissions for assignment 46", "timestamp": "2026-01-30T20:28:12.511916Z"}
[30/Jan/2026 20:28:12] "GET /assignmentFiles/211/ HTTP/1.1" 200 5378
{"event": "FilePermissions: Checking permissions for File object (687) of type <class 'core.models.AssignmentFile'>", "timestamp": "2026-01-30T20:28:12.548087Z"}
{"event": "FilePermissions: Checking permissions for File object (686) of type <class 'core.models.AssignmentFile'>", "timestamp": "2026-01-30T20:28:12.548210Z"}
{"event": "FilePermissions: Delegating to AssignmentPermissions for assignment 46", "timestamp": "2026-01-30T20:28:12.549635Z"}
{"event": "FilePermissions: Delegating to AssignmentPermissions for assignment 46", "timestamp": "2026-01-30T20:28:12.550710Z"}
[30/Jan/2026 20:28:12] "GET /assignmentFiles/687/ HTTP/1.1" 200 6097
[30/Jan/2026 20:28:12] "GET /assignmentFiles/686/ HTTP/1.1" 200 6097
{"event": "FilePermissions: Checking permissions for File object (689) of type <class 'core.models.AssignmentFile'>", "timestamp": "2026-01-30T20:28:12.562805Z"}
{"event": "FilePermissions: Checking permissions for File object (688) of type <class 'core.models.AssignmentFile'>", "timestamp": "2026-01-30T20:28:12.563247Z"}
{"event": "FilePermissions: Delegating to AssignmentPermissions for assignment 46", "timestamp": "2026-01-30T20:28:12.565079Z"}
{"event": "FilePermissions: Delegating to AssignmentPermissions for assignment 46", "timestamp": "2026-01-30T20:28:12.566780Z"}
[30/Jan/2026 20:28:12] "GET /assignmentFiles/689/ HTTP/1.1" 200 6097
[30/Jan/2026 20:28:12] "GET /assignmentFiles/688/ HTTP/1.1" 200 6097
[30/Jan/2026 20:28:12] "GET /courses/32/roster/ HTTP/1.1" 200 4492
[30/Jan/2026 20:28:12] "GET /submissionTests/19/ HTTP/1.1" 200 564
[30/Jan/2026 20:28:12] "GET /submissionTests/16/ HTTP/1.1" 200 507
[30/Jan/2026 20:28:12] "GET /submissionTests/17/ HTTP/1.1" 200 545
[30/Jan/2026 20:28:12] "GET /submissionTests/20/ HTTP/1.1" 200 539
[30/Jan/2026 20:28:12] "GET /submissionTests/18/ HTTP/1.1" 200 572
[30/Jan/2026 20:28:12] "GET /courses/32/roster/ HTTP/1.1" 200 4492
[30/Jan/2026 20:28:12] "GET /submissionTests/21/ HTTP/1.1" 200 603
[30/Jan/2026 20:28:12] "GET /submissionTests/23/ HTTP/1.1" 200 1220
[30/Jan/2026 20:28:12] "GET /submissionTests/22/ HTTP/1.1" 200 549
[30/Jan/2026 20:28:12] "GET /submissionTests/24/ HTTP/1.1" 200 631
[30/Jan/2026 20:28:12] "GET /submissionTests/25/ HTTP/1.1" 200 1012
[30/Jan/2026 20:28:12] "GET /submissionTests/26/ HTTP/1.1" 200 545
[30/Jan/2026 20:28:12] "GET /submissionTests/27/ HTTP/1.1" 200 456
[30/Jan/2026 20:28:12] "GET /submissionTests/28/ HTTP/1.1" 200 396
[30/Jan/2026 20:28:12] "GET /submissionTests/29/ HTTP/1.1" 200 416
[30/Jan/2026 20:28:12] "GET /submissionTests/30/ HTTP/1.1" 200 461
[30/Jan/2026 20:28:12] "GET /submissionTests/32/ HTTP/1.1" 200 437
[30/Jan/2026 20:28:12] "GET /submissionTests/31/ HTTP/1.1" 200 448
[30/Jan/2026 20:28:12] "GET /submissionTests/33/ HTTP/1.1" 200 433
[30/Jan/2026 20:28:12] "GET /submissionTests/34/ HTTP/1.1" 200 430
[30/Jan/2026 20:28:12] "GET /submissionTests/16/ HTTP/1.1" 200 507
[30/Jan/2026 20:28:12] "GET /submissionTests/17/ HTTP/1.1" 200 545
[30/Jan/2026 20:28:12] "GET /submissionTests/18/ HTTP/1.1" 200 572
[30/Jan/2026 20:28:12] "GET /submissionTests/19/ HTTP/1.1" 200 564
[30/Jan/2026 20:28:12] "GET /submissionTests/20/ HTTP/1.1" 200 539
[30/Jan/2026 20:28:12] "GET /submissionTests/23/ HTTP/1.1" 200 1220
[30/Jan/2026 20:28:12] "GET /submissionTests/21/ HTTP/1.1" 200 603
[30/Jan/2026 20:28:12] "GET /submissionTests/22/ HTTP/1.1" 200 549
[30/Jan/2026 20:28:12] "GET /submissionTests/24/ HTTP/1.1" 200 631
[30/Jan/2026 20:28:12] "GET /submissionTests/25/ HTTP/1.1" 200 1012
[30/Jan/2026 20:28:12] "GET /submissionTests/26/ HTTP/1.1" 200 545
[30/Jan/2026 20:28:12] "GET /submissionTests/28/ HTTP/1.1" 200 396
[30/Jan/2026 20:28:12] "GET /submissionTests/27/ HTTP/1.1" 200 456
[30/Jan/2026 20:28:12] "GET /submissionTests/29/ HTTP/1.1" 200 416
[30/Jan/2026 20:28:12] "GET /submissionTests/32/ HTTP/1.1" 200 437
[30/Jan/2026 20:28:12] "GET /submissionTests/30/ HTTP/1.1" 200 461
[30/Jan/2026 20:28:12] "GET /submissionTests/31/ HTTP/1.1" 200 448
[30/Jan/2026 20:28:13] "GET /submissionTests/34/ HTTP/1.1" 200 430
[30/Jan/2026 20:28:13] "GET /submissionTests/33/ HTTP/1.1" 200 433
[30/Jan/2026 20:28:13] "GET /assignments/46/ HTTP/1.1" 200 1160
[30/Jan/2026 20:28:13] "GET /testCategories/26/ HTTP/1.1" 200 1630
[30/Jan/2026 20:28:13] "GET /testCategories/27/ HTTP/1.1" 200 4807
[30/Jan/2026 20:28:13] "GET /testCategories/25/ HTTP/1.1" 200 13948
[30/Jan/2026 20:28:13] "GET /assignments/46/ HTTP/1.1" 200 1160
[30/Jan/2026 20:28:13] "GET /testCases/24/ HTTP/1.1" 200 417
[30/Jan/2026 20:28:13] "GET /testCases/20/ HTTP/1.1" 200 403
[30/Jan/2026 20:28:13] "GET /testCases/23/ HTTP/1.1" 200 414
[30/Jan/2026 20:28:13] "GET /testCases/21/ HTTP/1.1" 200 410
[30/Jan/2026 20:28:13] "GET /testCases/22/ HTTP/1.1" 200 419
[30/Jan/2026 20:28:13] "GET /testCases/25/ HTTP/1.1" 200 431
[30/Jan/2026 20:28:13] "GET /testCases/26/ HTTP/1.1" 200 410
[30/Jan/2026 20:28:13] "GET /testCases/27/ HTTP/1.1" 200 418
[30/Jan/2026 20:28:13] "GET /testCases/28/ HTTP/1.1" 200 435
[30/Jan/2026 20:28:13] "GET /testCases/31/ HTTP/1.1" 200 398
[30/Jan/2026 20:28:13] "GET /testCases/30/ HTTP/1.1" 200 414
[30/Jan/2026 20:28:13] "GET /testCases/29/ HTTP/1.1" 200 413
[30/Jan/2026 20:28:13] "GET /testCases/32/ HTTP/1.1" 200 377
[30/Jan/2026 20:28:13] "GET /testCases/33/ HTTP/1.1" 200 390
[30/Jan/2026 20:28:13] "GET /testCases/34/ HTTP/1.1" 200 412
[30/Jan/2026 20:28:13] "GET /testCases/35/ HTTP/1.1" 200 412
[30/Jan/2026 20:28:13] "GET /testCases/36/ HTTP/1.1" 200 386
[30/Jan/2026 20:28:13] "GET /testCases/37/ HTTP/1.1" 200 385
[30/Jan/2026 20:28:13] "GET /testCategories/26/ HTTP/1.1" 200 1630
[30/Jan/2026 20:28:13] "GET /testCases/38/ HTTP/1.1" 200 398
[30/Jan/2026 20:28:13] "GET /testCategories/25/ HTTP/1.1" 200 13948
[30/Jan/2026 20:28:13] "GET /testCategories/27/ HTTP/1.1" 200 4807
[30/Jan/2026 20:28:13] "OPTIONS /courses/32/aiSettings/ HTTP/1.1" 200 0
[30/Jan/2026 20:28:13] "GET /testCases/21/ HTTP/1.1" 200 410
[30/Jan/2026 20:28:13] "GET /testCases/24/ HTTP/1.1" 200 417
[30/Jan/2026 20:28:13] "GET /testCases/20/ HTTP/1.1" 200 403
[30/Jan/2026 20:28:13] "GET /testCases/22/ HTTP/1.1" 200 419
[30/Jan/2026 20:28:13] "GET /testCases/23/ HTTP/1.1" 200 414
[30/Jan/2026 20:28:13] "GET /testCases/25/ HTTP/1.1" 200 431
[30/Jan/2026 20:28:13] "GET /testCases/26/ HTTP/1.1" 200 410
[30/Jan/2026 20:28:13] "GET /testCases/27/ HTTP/1.1" 200 418
[30/Jan/2026 20:28:13] "GET /testCases/28/ HTTP/1.1" 200 435
[30/Jan/2026 20:28:13] "GET /testCases/29/ HTTP/1.1" 200 413
[30/Jan/2026 20:28:13] "GET /testCases/30/ HTTP/1.1" 200 414
[30/Jan/2026 20:28:13] "GET /testCases/31/ HTTP/1.1" 200 398
[30/Jan/2026 20:28:13] "GET /testCases/32/ HTTP/1.1" 200 377
[30/Jan/2026 20:28:13] "GET /testCases/33/ HTTP/1.1" 200 390
[30/Jan/2026 20:28:13] "GET /testCases/35/ HTTP/1.1" 200 412
[30/Jan/2026 20:28:13] "GET /testCases/34/ HTTP/1.1" 200 412
[30/Jan/2026 20:28:13] "GET /testCases/36/ HTTP/1.1" 200 386
[30/Jan/2026 20:28:13] "GET /testCases/37/ HTTP/1.1" 200 385
[30/Jan/2026 20:28:13] "GET /testCases/38/ HTTP/1.1" 200 398
[30/Jan/2026 20:28:13] "GET /courses/32/aiSettings/ HTTP/1.1" 200 119
[30/Jan/2026 20:28:13] "GET /courses/32/aiSettings/ HTTP/1.1" 200 119
[30/Jan/2026 20:28:14] "OPTIONS /submissions/111/testResults/ HTTP/1.1" 200 0
[30/Jan/2026 20:28:14] "OPTIONS /autograder/execute/file/cache/check/?file_id=637 HTTP/1.1" 200 0
[30/Jan/2026 20:28:14] "OPTIONS /commentTemplates/?assignment=46 HTTP/1.1" 200 0
[30/Jan/2026 20:28:14] "OPTIONS /assignments/46/comments/ HTTP/1.1" 200 0
[30/Jan/2026 20:28:14] "OPTIONS /commentTemplates/?assignment=46 HTTP/1.1" 200 0
[30/Jan/2026 20:28:14] "OPTIONS /autograder/execute/file/cache/check/?file_id=637 HTTP/1.1" 200 0
[30/Jan/2026 20:28:14] "OPTIONS /assignments/46/comments/ HTTP/1.1" 200 0
INFO 2026-01-30 20:28:14 [CheckExecutionCache] Request from user: admin, authenticated: True
INFO 2026-01-30 20:28:14 [CheckExecutionCache] Checking cache for file_id: 637
[30/Jan/2026 20:28:14] "GET /submissions/111/checkPermission/ HTTP/1.1" 200 44
[30/Jan/2026 20:28:14] "GET /assignments/46/rubric/ HTTP/1.1" 200 2805
INFO 2026-01-30 20:28:14 [CachedExecutionResult.get] Checking cache for file 637
INFO 2026-01-30 20:28:14 [CachedExecutionResult.get] File 637 current hash: a57576e41c2228ad...
INFO 2026-01-30 20:28:14 [CachedExecutionResult.get] Cache HIT for file 637, cache ID: 475
INFO 2026-01-30 20:28:14 [CheckExecutionCache] Cache found for file 637
[30/Jan/2026 20:28:14] "GET /submissions/111/testResults/ HTTP/1.1" 200 10814
[30/Jan/2026 20:28:14] "GET /autograder/execute/file/cache/check/?file_id=637 HTTP/1.1" 200 131
[30/Jan/2026 20:28:14] "GET /assignments/46/comments/ HTTP/1.1" 200 9455
[30/Jan/2026 20:28:14] "GET /commentTemplates/?assignment=46 HTTP/1.1" 200 2279
[30/Jan/2026 20:28:14] "GET /assignments/46/rubric/ HTTP/1.1" 200 2805
INFO 2026-01-30 20:28:14 [CheckExecutionCache] Request from user: admin, authenticated: True
INFO 2026-01-30 20:28:14 [CheckExecutionCache] Checking cache for file_id: 637
INFO 2026-01-30 20:28:14 [CachedExecutionResult.get] Checking cache for file 637
INFO 2026-01-30 20:28:14 [CachedExecutionResult.get] File 637 current hash: a57576e41c2228ad...
INFO 2026-01-30 20:28:14 [CachedExecutionResult.get] Cache HIT for file 637, cache ID: 475
INFO 2026-01-30 20:28:14 [CheckExecutionCache] Cache found for file 637
[30/Jan/2026 20:28:14] "GET /autograder/execute/file/cache/check/?file_id=637 HTTP/1.1" 200 131
[30/Jan/2026 20:28:14] "GET /submissions/111/testResults/ HTTP/1.1" 200 10814
[30/Jan/2026 20:28:14] "GET /commentTemplates/?assignment=46 HTTP/1.1" 200 2279
[30/Jan/2026 20:28:14] "GET /assignments/46/rubric/ HTTP/1.1" 200 2805
[30/Jan/2026 20:28:14] "GET /assignments/46/comments/ HTTP/1.1" 200 9455
[30/Jan/2026 20:28:14] "GET /submissions/111/ HTTP/1.1" 200 54123
[30/Jan/2026 20:28:14] "GET /assignments/46/rubric/ HTTP/1.1" 200 2805
[30/Jan/2026 20:28:14] "GET /comments/270/ HTTP/1.1" 200 394
[30/Jan/2026 20:28:14] "GET /comments/271/ HTTP/1.1" 200 195
[30/Jan/2026 20:28:14] "GET /comments/268/ HTTP/1.1" 200 478
[30/Jan/2026 20:28:14] "GET /assignments/46/rubric/ HTTP/1.1" 200 2805
[30/Jan/2026 20:28:14] "GET /assignments/46/ HTTP/1.1" 200 1160
[30/Jan/2026 20:28:14] "GET /courses/32/ HTTP/1.1" 200 622
{"event": "FilePermissions: Checking permissions for File object (207) of type <class 'core.models.AssignmentFile'>", "timestamp": "2026-01-30T20:28:14.635189Z"}
{"event": "FilePermissions: Checking permissions for File object (687) of type <class 'core.models.AssignmentFile'>", "timestamp": "2026-01-30T20:28:14.635742Z"}
{"event": "FilePermissions: Checking permissions for File object (209) of type <class 'core.models.AssignmentFile'>", "timestamp": "2026-01-30T20:28:14.637984Z"}
{"event": "FilePermissions: Checking permissions for File object (686) of type <class 'core.models.AssignmentFile'>", "timestamp": "2026-01-30T20:28:14.638733Z"}
{"event": "FilePermissions: Delegating to AssignmentPermissions for assignment 46", "timestamp": "2026-01-30T20:28:14.639826Z"}
{"event": "FilePermissions: Checking permissions for File object (211) of type <class 'core.models.AssignmentFile'>", "timestamp": "2026-01-30T20:28:14.640384Z"}
{"event": "FilePermissions: Delegating to AssignmentPermissions for assignment 46", "timestamp": "2026-01-30T20:28:14.640549Z"}
{"event": "FilePermissions: Checking permissions for File object (208) of type <class 'core.models.AssignmentFile'>", "timestamp": "2026-01-30T20:28:14.642907Z"}
{"event": "FilePermissions: Delegating to AssignmentPermissions for assignment 46", "timestamp": "2026-01-30T20:28:14.644695Z"}
{"event": "FilePermissions: Delegating to AssignmentPermissions for assignment 46", "timestamp": "2026-01-30T20:28:14.644857Z"}
{"event": "FilePermissions: Delegating to AssignmentPermissions for assignment 46", "timestamp": "2026-01-30T20:28:14.646802Z"}
[30/Jan/2026 20:28:14] "GET /assignmentFiles/687/ HTTP/1.1" 200 6097
[30/Jan/2026 20:28:14] "GET /assignmentFiles/207/ HTTP/1.1" 200 41043
{"event": "FilePermissions: Delegating to AssignmentPermissions for assignment 46", "timestamp": "2026-01-30T20:28:14.648717Z"}
[30/Jan/2026 20:28:14] "GET /assignmentFiles/686/ HTTP/1.1" 200 6097
[30/Jan/2026 20:28:14] "GET /assignmentFiles/211/ HTTP/1.1" 200 5378
[30/Jan/2026 20:28:14] "GET /assignmentFiles/209/ HTTP/1.1" 200 497
[30/Jan/2026 20:28:14] "GET /assignmentFiles/208/ HTTP/1.1" 200 6697
{"event": "FilePermissions: Checking permissions for File object (688) of type <class 'core.models.AssignmentFile'>", "timestamp": "2026-01-30T20:28:14.657043Z"}
{"event": "FilePermissions: Delegating to AssignmentPermissions for assignment 46", "timestamp": "2026-01-30T20:28:14.658085Z"}
[30/Jan/2026 20:28:14] "GET /assignmentFiles/688/ HTTP/1.1" 200 6097
{"event": "FilePermissions: Checking permissions for File object (689) of type <class 'core.models.AssignmentFile'>", "timestamp": "2026-01-30T20:28:14.662358Z"}
{"event": "FilePermissions: Delegating to AssignmentPermissions for assignment 46", "timestamp": "2026-01-30T20:28:14.664384Z"}
[30/Jan/2026 20:28:14] "GET /assignmentFiles/689/ HTTP/1.1" 200 6097
[30/Jan/2026 20:28:14] "GET /courses/32/roster/ HTTP/1.1" 200 4492
[30/Jan/2026 20:28:14] "GET /submissionTests/18/ HTTP/1.1" 200 572
[30/Jan/2026 20:28:14] "GET /submissionTests/19/ HTTP/1.1" 200 564
[30/Jan/2026 20:28:14] "GET /submissionTests/20/ HTTP/1.1" 200 539
[30/Jan/2026 20:28:14] "GET /submissionTests/21/ HTTP/1.1" 200 603
[30/Jan/2026 20:28:14] "GET /submissionTests/16/ HTTP/1.1" 200 507
[30/Jan/2026 20:28:14] "GET /submissionTests/17/ HTTP/1.1" 200 545
[30/Jan/2026 20:28:14] "GET /submissionTests/22/ HTTP/1.1" 200 549
[30/Jan/2026 20:28:14] "GET /submissionTests/23/ HTTP/1.1" 200 1220
[30/Jan/2026 20:28:14] "GET /submissionTests/25/ HTTP/1.1" 200 1012
[30/Jan/2026 20:28:14] "GET /submissionTests/26/ HTTP/1.1" 200 545
[30/Jan/2026 20:28:14] "GET /submissionTests/24/ HTTP/1.1" 200 631
[30/Jan/2026 20:28:14] "GET /submissionTests/27/ HTTP/1.1" 200 456
[30/Jan/2026 20:28:14] "GET /submissionTests/28/ HTTP/1.1" 200 396
[30/Jan/2026 20:28:14] "GET /submissionTests/29/ HTTP/1.1" 200 416
[30/Jan/2026 20:28:14] "GET /submissionTests/31/ HTTP/1.1" 200 448
[30/Jan/2026 20:28:14] "GET /submissionTests/32/ HTTP/1.1" 200 437
[30/Jan/2026 20:28:14] "GET /submissionTests/30/ HTTP/1.1" 200 461
[30/Jan/2026 20:28:14] "GET /submissionTests/33/ HTTP/1.1" 200 433
[30/Jan/2026 20:28:14] "GET /submissionTests/34/ HTTP/1.1" 200 430
[30/Jan/2026 20:28:15] "GET /assignments/46/ HTTP/1.1" 200 1160
[30/Jan/2026 20:28:15] "GET /testCategories/26/ HTTP/1.1" 200 1630
[30/Jan/2026 20:28:15] "GET /testCategories/25/ HTTP/1.1" 200 13948
[30/Jan/2026 20:28:15] "GET /testCategories/27/ HTTP/1.1" 200 4807
[30/Jan/2026 20:28:15] "GET /testCases/24/ HTTP/1.1" 200 417
[30/Jan/2026 20:28:15] "GET /testCases/20/ HTTP/1.1" 200 403
[30/Jan/2026 20:28:15] "GET /testCases/22/ HTTP/1.1" 200 419
[30/Jan/2026 20:28:15] "GET /testCases/21/ HTTP/1.1" 200 410
[30/Jan/2026 20:28:15] "GET /testCases/23/ HTTP/1.1" 200 414
[30/Jan/2026 20:28:15] "GET /testCases/25/ HTTP/1.1" 200 431
[30/Jan/2026 20:28:15] "GET /testCases/26/ HTTP/1.1" 200 410
[30/Jan/2026 20:28:15] "GET /testCases/27/ HTTP/1.1" 200 418
[30/Jan/2026 20:28:15] "GET /testCases/28/ HTTP/1.1" 200 435
[30/Jan/2026 20:28:15] "GET /testCases/30/ HTTP/1.1" 200 414
[30/Jan/2026 20:28:15] "GET /testCases/29/ HTTP/1.1" 200 413
[30/Jan/2026 20:28:15] "GET /testCases/31/ HTTP/1.1" 200 398
[30/Jan/2026 20:28:15] "GET /testCases/32/ HTTP/1.1" 200 377
[30/Jan/2026 20:28:15] "GET /testCases/33/ HTTP/1.1" 200 390
[30/Jan/2026 20:28:15] "GET /testCases/34/ HTTP/1.1" 200 412
[30/Jan/2026 20:28:15] "GET /testCases/35/ HTTP/1.1" 200 412
[30/Jan/2026 20:28:15] "GET /testCases/36/ HTTP/1.1" 200 386
[30/Jan/2026 20:28:15] "GET /testCases/37/ HTTP/1.1" 200 385
[30/Jan/2026 20:28:15] "GET /testCases/38/ HTTP/1.1" 200 398
[30/Jan/2026 20:28:15] "GET /courses/32/aiSettings/ HTTP/1.1" 200 119
INFO 2026-01-30 20:28:15 [CheckExecutionCache] Request from user: admin, authenticated: True
INFO 2026-01-30 20:28:15 [CheckExecutionCache] Checking cache for file_id: 637
INFO 2026-01-30 20:28:15 [CachedExecutionResult.get] Checking cache for file 637
INFO 2026-01-30 20:28:15 [CachedExecutionResult.get] File 637 current hash: a57576e41c2228ad...
INFO 2026-01-30 20:28:15 [CachedExecutionResult.get] Cache HIT for file 637, cache ID: 475
INFO 2026-01-30 20:28:15 [CheckExecutionCache] Cache found for file 637
[30/Jan/2026 20:28:15] "GET /autograder/execute/file/cache/check/?file_id=637 HTTP/1.1" 200 131
[30/Jan/2026 20:28:19] "GET /assignments/46/rubric/ HTTP/1.1" 200 2805
[30/Jan/2026 20:28:25] "POST /token-refresh/ HTTP/1.1" 200 339
[30/Jan/2026 20:28:27] "POST /token-refresh/ HTTP/1.1" 200 339
[30/Jan/2026 20:28:31] "GET /assignments/46/rubric/ HTTP/1.1" 200 2805
[30/Jan/2026 20:28:34] "GET /assignments/46/rubric/ HTTP/1.1" 200 2805
[30/Jan/2026 20:28:46] "GET /assignments/46/rubric/ HTTP/1.1" 200 2805
[30/Jan/2026 20:28:49] "GET /assignments/46/rubric/ HTTP/1.1" 200 2805
[30/Jan/2026 20:29:01] "GET /assignments/46/rubric/ HTTP/1.1" 200 2805
[30/Jan/2026 20:29:05] "GET /assignments/46/rubric/ HTTP/1.1" 200 2805
[30/Jan/2026 20:29:12] "POST /token-refresh/ HTTP/1.1" 200 339
[30/Jan/2026 20:29:16] "GET /assignments/46/rubric/ HTTP/1.1" 200 2805
[30/Jan/2026 20:29:20] "GET /assignments/46/rubric/ HTTP/1.1" 200 2805
[30/Jan/2026 20:29:31] "GET /assignments/46/rubric/ HTTP/1.1" 200 2805
[30/Jan/2026 20:29:35] "GET /assignments/46/rubric/ HTTP/1.1" 200 2805
[30/Jan/2026 20:29:46] "GET /assignments/46/rubric/ HTTP/1.1" 200 2805
[30/Jan/2026 20:29:51] "GET /assignments/46/rubric/ HTTP/1.1" 200 2805
[30/Jan/2026 20:30:01] "GET /assignments/46/rubric/ HTTP/1.1" 200 2805
[30/Jan/2026 20:30:06] "GET /assignments/46/rubric/ HTTP/1.1" 200 2805
[30/Jan/2026 20:30:09] "POST /token-refresh/ HTTP/1.1" 200 339
[30/Jan/2026 20:30:16] "GET /assignments/46/rubric/ HTTP/1.1" 200 2805
[30/Jan/2026 20:30:21] "GET /assignments/46/rubric/ HTTP/1.1" 200 2805
[30/Jan/2026 20:30:31] "GET /assignments/46/rubric/ HTTP/1.1" 200 2805
[30/Jan/2026 20:30:37] "GET /assignments/46/rubric/ HTTP/1.1" 200 2805
[30/Jan/2026 20:30:46] "GET /assignments/46/rubric/ HTTP/1.1" 200 2805
[30/Jan/2026 20:30:52] "GET /assignments/46/rubric/ HTTP/1.1" 200 2805
[30/Jan/2026 20:31:01] "GET /assignments/46/rubric/ HTTP/1.1" 200 2805
[30/Jan/2026 20:31:07] "GET /assignments/46/rubric/ HTTP/1.1" 200 2805
[30/Jan/2026 20:31:16] "GET /assignments/46/rubric/ HTTP/1.1" 200 2805
[30/Jan/2026 20:31:22] "GET /assignments/46/rubric/ HTTP/1.1" 200 2805
[30/Jan/2026 20:31:31] "GET /assignments/46/rubric/ HTTP/1.1" 200 2805
[30/Jan/2026 20:31:37] "GET /assignments/46/rubric/ HTTP/1.1" 200 2805
[30/Jan/2026 20:31:46] "GET /assignments/46/rubric/ HTTP/1.1" 200 2805
[30/Jan/2026 20:31:52] "GET /assignments/46/rubric/ HTTP/1.1" 200 2805
[30/Jan/2026 20:32:01] "GET /assignments/46/rubric/ HTTP/1.1" 200 2805
[30/Jan/2026 20:32:07] "GET /assignments/46/rubric/ HTTP/1.1" 200 2805
[30/Jan/2026 20:32:16] "GET /assignments/46/rubric/ HTTP/1.1" 200 2805
[30/Jan/2026 20:32:23] "GET /assignments/46/rubric/ HTTP/1.1" 200 2805
[30/Jan/2026 20:32:31] "GET /assignments/46/rubric/ HTTP/1.1" 200 2805
[30/Jan/2026 20:32:38] "GET /assignments/46/rubric/ HTTP/1.1" 200 2805
[30/Jan/2026 20:32:46] "GET /assignments/46/rubric/ HTTP/1.1" 200 2805
[30/Jan/2026 20:32:53] "GET /assignments/46/rubric/ HTTP/1.1" 200 2805
[30/Jan/2026 20:33:01] "GET /assignments/46/rubric/ HTTP/1.1" 200 2805
[30/Jan/2026 20:33:04] "POST /token-refresh/ HTTP/1.1" 200 339
[30/Jan/2026 20:33:08] "GET /assignments/46/rubric/ HTTP/1.1" 200 2805
[30/Jan/2026 20:33:10] "POST /token-refresh/ HTTP/1.1" 200 339
[30/Jan/2026 20:33:10] "POST /token-refresh/ HTTP/1.1" 200 339
[30/Jan/2026 20:33:16] "GET /assignments/46/rubric/ HTTP/1.1" 200 2805
[30/Jan/2026 20:33:23] "GET /assignments/46/rubric/ HTTP/1.1" 200 2805
[30/Jan/2026 20:33:24] "POST /token-refresh/ HTTP/1.1" 200 339
[30/Jan/2026 20:33:26] "POST /token-refresh/ HTTP/1.1" 200 339
[30/Jan/2026 20:33:31] "GET /assignments/46/rubric/ HTTP/1.1" 200 2805
[30/Jan/2026 20:33:38] "GET /assignments/46/rubric/ HTTP/1.1" 200 2805
[30/Jan/2026 20:33:46] "GET /assignments/46/rubric/ HTTP/1.1" 200 2805
[30/Jan/2026 20:33:53] "GET /assignments/46/rubric/ HTTP/1.1" 200 2805
[30/Jan/2026 20:34:01] "GET /assignments/46/rubric/ HTTP/1.1" 200 2805
[30/Jan/2026 20:34:09] "GET /assignments/46/rubric/ HTTP/1.1" 200 2805
[30/Jan/2026 20:34:11] "POST /token-refresh/ HTTP/1.1" 200 339
[30/Jan/2026 20:34:16] "GET /assignments/46/rubric/ HTTP/1.1" 200 2805
[30/Jan/2026 20:34:24] "GET /assignments/46/rubric/ HTTP/1.1" 200 2805
[30/Jan/2026 20:34:31] "GET /assignments/46/rubric/ HTTP/1.1" 200 2805
[30/Jan/2026 20:34:39] "GET /assignments/46/rubric/ HTTP/1.1" 200 2805
[30/Jan/2026 20:34:46] "GET /assignments/46/rubric/ HTTP/1.1" 200 2805
[30/Jan/2026 20:34:54] "GET /assignments/46/rubric/ HTTP/1.1" 200 2805
[30/Jan/2026 20:35:01] "GET /assignments/46/rubric/ HTTP/1.1" 200 2805
[30/Jan/2026 20:35:08] "POST /token-refresh/ HTTP/1.1" 200 339
[30/Jan/2026 20:35:09] "GET /assignments/46/rubric/ HTTP/1.1" 200 2805
[30/Jan/2026 20:35:16] "GET /assignments/46/rubric/ HTTP/1.1" 200 2805
[30/Jan/2026 20:35:24] "GET /assignments/46/rubric/ HTTP/1.1" 200 2805
[30/Jan/2026 20:35:31] "GET /assignments/46/rubric/ HTTP/1.1" 200 2805
[30/Jan/2026 20:35:39] "GET /assignments/46/rubric/ HTTP/1.1" 200 2805
[30/Jan/2026 20:35:46] "GET /assignments/46/rubric/ HTTP/1.1" 200 2805
[30/Jan/2026 20:35:55] "GET /assignments/46/rubric/ HTTP/1.1" 200 2805
[30/Jan/2026 20:36:01] "GET /assignments/46/rubric/ HTTP/1.1" 200 2805
[30/Jan/2026 20:36:10] "GET /assignments/46/rubric/ HTTP/1.1" 200 2805
[30/Jan/2026 20:36:16] "GET /assignments/46/rubric/ HTTP/1.1" 200 2805
[30/Jan/2026 20:36:25] "GET /assignments/46/rubric/ HTTP/1.1" 200 2805
[30/Jan/2026 20:36:31] "GET /assignments/46/rubric/ HTTP/1.1" 200 2805
[30/Jan/2026 20:36:40] "GET /assignments/46/rubric/ HTTP/1.1" 200 2805
[30/Jan/2026 20:36:46] "GET /assignments/46/rubric/ HTTP/1.1" 200 2805
[30/Jan/2026 20:36:55] "GET /assignments/46/rubric/ HTTP/1.1" 200 2805
[30/Jan/2026 20:37:01] "GET /assignments/46/rubric/ HTTP/1.1" 200 2805
[30/Jan/2026 20:37:10] "GET /assignments/46/rubric/ HTTP/1.1" 200 2805
[30/Jan/2026 20:37:16] "GET /assignments/46/rubric/ HTTP/1.1" 200 2805
[30/Jan/2026 20:37:26] "GET /assignments/46/rubric/ HTTP/1.1" 200 2805
[30/Jan/2026 20:37:31] "GET /assignments/46/rubric/ HTTP/1.1" 200 2805
[30/Jan/2026 20:37:41] "GET /assignments/46/rubric/ HTTP/1.1" 200 2805
[30/Jan/2026 20:37:46] "GET /assignments/46/rubric/ HTTP/1.1" 200 2805
[30/Jan/2026 20:37:56] "GET /assignments/46/rubric/ HTTP/1.1" 200 2805
[30/Jan/2026 20:38:01] "GET /assignments/46/rubric/ HTTP/1.1" 200 2805
[30/Jan/2026 20:38:03] "POST /token-refresh/ HTTP/1.1" 200 339
[30/Jan/2026 20:38:09] "POST /token-refresh/ HTTP/1.1" 200 339
[30/Jan/2026 20:38:09] "POST /token-refresh/ HTTP/1.1" 200 339
[30/Jan/2026 20:38:11] "GET /assignments/46/rubric/ HTTP/1.1" 200 2805
[30/Jan/2026 20:38:16] "GET /assignments/46/rubric/ HTTP/1.1" 200 2805
[30/Jan/2026 20:38:23] "POST /token-refresh/ HTTP/1.1" 200 339
[30/Jan/2026 20:38:25] "POST /token-refresh/ HTTP/1.1" 200 339
[30/Jan/2026 20:38:26] "GET /assignments/46/rubric/ HTTP/1.1" 200 2805
[30/Jan/2026 20:38:31] "GET /assignments/46/rubric/ HTTP/1.1" 200 2805
[30/Jan/2026 20:38:41] "GET /assignments/46/rubric/ HTTP/1.1" 200 2805
[30/Jan/2026 20:38:46] "GET /assignments/46/rubric/ HTTP/1.1" 200 2805
[30/Jan/2026 20:38:56] "GET /assignments/46/rubric/ HTTP/1.1" 200 2805
[30/Jan/2026 20:39:01] "GET /assignments/46/rubric/ HTTP/1.1" 200 2805
[30/Jan/2026 20:39:10] "POST /token-refresh/ HTTP/1.1" 200 339
[30/Jan/2026 20:39:12] "GET /assignments/46/rubric/ HTTP/1.1" 200 2805
[30/Jan/2026 20:39:16] "GET /assignments/46/rubric/ HTTP/1.1" 200 2805
[30/Jan/2026 20:39:27] "GET /assignments/46/rubric/ HTTP/1.1" 200 2805
[30/Jan/2026 20:39:42] "GET /assignments/46/rubric/ HTTP/1.1" 200 2805
[30/Jan/2026 20:39:57] "GET /assignments/46/rubric/ HTTP/1.1" 200 2805
[30/Jan/2026 20:40:05] "GET /assignments/46/rubric/ HTTP/1.1" 200 2805
[30/Jan/2026 20:40:07] "POST /token-refresh/ HTTP/1.1" 200 339
[30/Jan/2026 20:40:12] "GET /assignments/46/rubric/ HTTP/1.1" 200 2805
[30/Jan/2026 20:40:20] "GET /assignments/46/rubric/ HTTP/1.1" 200 2805
[30/Jan/2026 20:40:27] "GET /assignments/46/rubric/ HTTP/1.1" 200 2805
[30/Jan/2026 20:40:35] "GET /assignments/46/rubric/ HTTP/1.1" 200 2805
[30/Jan/2026 20:40:43] "GET /assignments/46/rubric/ HTTP/1.1" 200 2805
[30/Jan/2026 20:40:50] "GET /assignments/46/rubric/ HTTP/1.1" 200 2805
[30/Jan/2026 20:40:58] "GET /assignments/46/rubric/ HTTP/1.1" 200 2805
[30/Jan/2026 20:41:05] "GET /assignments/46/rubric/ HTTP/1.1" 200 2805
[30/Jan/2026 20:41:13] "GET /assignments/46/rubric/ HTTP/1.1" 200 2805
[30/Jan/2026 20:41:20] "GET /assignments/46/rubric/ HTTP/1.1" 200 2805
[30/Jan/2026 20:41:28] "GET /assignments/46/rubric/ HTTP/1.1" 200 2805
[30/Jan/2026 20:41:35] "GET /assignments/46/rubric/ HTTP/1.1" 200 2805
[30/Jan/2026 20:41:43] "GET /assignments/46/rubric/ HTTP/1.1" 200 2805
[30/Jan/2026 20:41:50] "GET /assignments/46/rubric/ HTTP/1.1" 200 2805
[30/Jan/2026 20:41:58] "GET /assignments/46/rubric/ HTTP/1.1" 200 2805
[30/Jan/2026 20:42:05] "GET /assignments/46/rubric/ HTTP/1.1" 200 2805
[30/Jan/2026 20:42:13] "GET /assignments/46/rubric/ HTTP/1.1" 200 2805
[30/Jan/2026 20:42:20] "GET /assignments/46/rubric/ HTTP/1.1" 200 2805
[30/Jan/2026 20:42:28] "GET /assignments/46/rubric/ HTTP/1.1" 200 2805
[30/Jan/2026 20:42:35] "GET /assignments/46/rubric/ HTTP/1.1" 200 2805
[30/Jan/2026 20:42:43] "GET /assignments/46/rubric/ HTTP/1.1" 200 2805
[30/Jan/2026 20:42:50] "GET /assignments/46/rubric/ HTTP/1.1" 200 2805
[30/Jan/2026 20:42:58] "GET /assignments/46/rubric/ HTTP/1.1" 200 2805
[30/Jan/2026 20:43:02] "POST /token-refresh/ HTTP/1.1" 200 339
[30/Jan/2026 20:43:05] "GET /assignments/46/rubric/ HTTP/1.1" 200 2805
[30/Jan/2026 20:43:08] "POST /token-refresh/ HTTP/1.1" 200 339
[30/Jan/2026 20:43:08] "POST /token-refresh/ HTTP/1.1" 200 339
[30/Jan/2026 20:43:13] "GET /assignments/46/rubric/ HTTP/1.1" 200 2805
[30/Jan/2026 20:43:20] "GET /assignments/46/rubric/ HTTP/1.1" 200 2805
[30/Jan/2026 20:43:22] "POST /token-refresh/ HTTP/1.1" 200 339
[30/Jan/2026 20:43:24] "POST /token-refresh/ HTTP/1.1" 200 339
[30/Jan/2026 20:43:28] "GET /assignments/46/rubric/ HTTP/1.1" 200 2805
[30/Jan/2026 20:43:35] "GET /assignments/46/rubric/ HTTP/1.1" 200 2805
[30/Jan/2026 20:43:38] "GET /assignments/46/ HTTP/1.1" 200 1160
{"event": "FilePermissions: Checking permissions for File object (207) of type <class 'core.models.AssignmentFile'>", "timestamp": "2026-01-30T20:43:38.878829Z"}
{"event": "FilePermissions: Delegating to AssignmentPermissions for assignment 46", "timestamp": "2026-01-30T20:43:38.882603Z"}
[30/Jan/2026 20:43:38] "GET /assignmentFiles/207/ HTTP/1.1" 200 41043
[30/Jan/2026 20:43:38] "GET /assignments/46/ HTTP/1.1" 200 1160
{"event": "FilePermissions: Checking permissions for File object (208) of type <class 'core.models.AssignmentFile'>", "timestamp": "2026-01-30T20:43:38.898970Z"}
{"event": "FilePermissions: Delegating to AssignmentPermissions for assignment 46", "timestamp": "2026-01-30T20:43:38.900676Z"}
[30/Jan/2026 20:43:38] "GET /assignmentFiles/208/ HTTP/1.1" 200 6697
{"event": "FilePermissions: Checking permissions for File object (207) of type <class 'core.models.AssignmentFile'>", "timestamp": "2026-01-30T20:43:38.940967Z"}
{"event": "FilePermissions: Delegating to AssignmentPermissions for assignment 46", "timestamp": "2026-01-30T20:43:38.942315Z"}
[30/Jan/2026 20:43:38] "GET /assignmentFiles/207/ HTTP/1.1" 200 41043
{"event": "FilePermissions: Checking permissions for File object (209) of type <class 'core.models.AssignmentFile'>", "timestamp": "2026-01-30T20:43:38.957539Z"}
{"event": "FilePermissions: Delegating to AssignmentPermissions for assignment 46", "timestamp": "2026-01-30T20:43:38.959211Z"}
[30/Jan/2026 20:43:38] "GET /assignmentFiles/209/ HTTP/1.1" 200 497
{"event": "FilePermissions: Checking permissions for File object (208) of type <class 'core.models.AssignmentFile'>", "timestamp": "2026-01-30T20:43:39.004596Z"}
{"event": "FilePermissions: Delegating to AssignmentPermissions for assignment 46", "timestamp": "2026-01-30T20:43:39.006070Z"}
[30/Jan/2026 20:43:39] "GET /assignmentFiles/208/ HTTP/1.1" 200 6697
{"event": "FilePermissions: Checking permissions for File object (211) of type <class 'core.models.AssignmentFile'>", "timestamp": "2026-01-30T20:43:39.021820Z"}
{"event": "FilePermissions: Delegating to AssignmentPermissions for assignment 46", "timestamp": "2026-01-30T20:43:39.023452Z"}
[30/Jan/2026 20:43:39] "GET /assignmentFiles/211/ HTTP/1.1" 200 5378
{"event": "FilePermissions: Checking permissions for File object (209) of type <class 'core.models.AssignmentFile'>", "timestamp": "2026-01-30T20:43:39.064570Z"}
{"event": "FilePermissions: Delegating to AssignmentPermissions for assignment 46", "timestamp": "2026-01-30T20:43:39.066099Z"}
[30/Jan/2026 20:43:39] "GET /assignmentFiles/209/ HTTP/1.1" 200 497
{"event": "FilePermissions: Checking permissions for File object (686) of type <class 'core.models.AssignmentFile'>", "timestamp": "2026-01-30T20:43:39.082987Z"}
{"event": "FilePermissions: Delegating to AssignmentPermissions for assignment 46", "timestamp": "2026-01-30T20:43:39.084700Z"}
[30/Jan/2026 20:43:39] "GET /assignmentFiles/686/ HTTP/1.1" 200 6097
{"event": "FilePermissions: Checking permissions for File object (211) of type <class 'core.models.AssignmentFile'>", "timestamp": "2026-01-30T20:43:39.121354Z"}
{"event": "FilePermissions: Delegating to AssignmentPermissions for assignment 46", "timestamp": "2026-01-30T20:43:39.122908Z"}
[30/Jan/2026 20:43:39] "GET /assignmentFiles/211/ HTTP/1.1" 200 5378
{"event": "FilePermissions: Checking permissions for File object (687) of type <class 'core.models.AssignmentFile'>", "timestamp": "2026-01-30T20:43:39.140788Z"}
{"event": "FilePermissions: Delegating to AssignmentPermissions for assignment 46", "timestamp": "2026-01-30T20:43:39.142365Z"}
[30/Jan/2026 20:43:39] "GET /assignmentFiles/687/ HTTP/1.1" 200 6097
{"event": "FilePermissions: Checking permissions for File object (686) of type <class 'core.models.AssignmentFile'>", "timestamp": "2026-01-30T20:43:39.180568Z"}
{"event": "FilePermissions: Delegating to AssignmentPermissions for assignment 46", "timestamp": "2026-01-30T20:43:39.181951Z"}
[30/Jan/2026 20:43:39] "GET /assignmentFiles/686/ HTTP/1.1" 200 6097
{"event": "FilePermissions: Checking permissions for File object (688) of type <class 'core.models.AssignmentFile'>", "timestamp": "2026-01-30T20:43:39.213897Z"}
{"event": "FilePermissions: Delegating to AssignmentPermissions for assignment 46", "timestamp": "2026-01-30T20:43:39.215536Z"}
[30/Jan/2026 20:43:39] "GET /assignmentFiles/688/ HTTP/1.1" 200 6097
{"event": "FilePermissions: Checking permissions for File object (687) of type <class 'core.models.AssignmentFile'>", "timestamp": "2026-01-30T20:43:39.240532Z"}
{"event": "FilePermissions: Delegating to AssignmentPermissions for assignment 46", "timestamp": "2026-01-30T20:43:39.241978Z"}
[30/Jan/2026 20:43:39] "GET /assignmentFiles/687/ HTTP/1.1" 200 6097
{"event": "FilePermissions: Checking permissions for File object (689) of type <class 'core.models.AssignmentFile'>", "timestamp": "2026-01-30T20:43:39.273193Z"}
{"event": "FilePermissions: Delegating to AssignmentPermissions for assignment 46", "timestamp": "2026-01-30T20:43:39.274839Z"}
[30/Jan/2026 20:43:39] "GET /assignmentFiles/689/ HTTP/1.1" 200 6097
[30/Jan/2026 20:43:39] "GET /assignments/46/ HTTP/1.1" 200 1160
{"event": "FilePermissions: Checking permissions for File object (688) of type <class 'core.models.AssignmentFile'>", "timestamp": "2026-01-30T20:43:39.337539Z"}
{"event": "FilePermissions: Delegating to AssignmentPermissions for assignment 46", "timestamp": "2026-01-30T20:43:39.338985Z"}
[30/Jan/2026 20:43:39] "GET /assignmentFiles/688/ HTTP/1.1" 200 6097
[30/Jan/2026 20:43:39] "GET /assignments/46/ HTTP/1.1" 200 1160
{"event": "FilePermissions: Checking permissions for File object (689) of type <class 'core.models.AssignmentFile'>", "timestamp": "2026-01-30T20:43:39.400948Z"}
{"event": "FilePermissions: Delegating to AssignmentPermissions for assignment 46", "timestamp": "2026-01-30T20:43:39.402315Z"}
[30/Jan/2026 20:43:39] "GET /assignmentFiles/689/ HTTP/1.1" 200 6097
{"event": "FilePermissions: Checking permissions for File object (207) of type <class 'core.models.AssignmentFile'>", "timestamp": "2026-01-30T20:43:39.458334Z"}
{"event": "FilePermissions: Delegating to AssignmentPermissions for assignment 46", "timestamp": "2026-01-30T20:43:39.459755Z"}
[30/Jan/2026 20:43:39] "GET /assignmentFiles/207/ HTTP/1.1" 200 41043
{"event": "FilePermissions: Checking permissions for File object (207) of type <class 'core.models.AssignmentFile'>", "timestamp": "2026-01-30T20:43:39.473678Z"}
{"event": "FilePermissions: Checking permissions for File object (208) of type <class 'core.models.AssignmentFile'>", "timestamp": "2026-01-30T20:43:39.475473Z"}
{"event": "FilePermissions: Delegating to AssignmentPermissions for assignment 46", "timestamp": "2026-01-30T20:43:39.475673Z"}
{"event": "FilePermissions: Delegating to AssignmentPermissions for assignment 46", "timestamp": "2026-01-30T20:43:39.478295Z"}
[30/Jan/2026 20:43:39] "GET /assignmentFiles/207/ HTTP/1.1" 200 41043
[30/Jan/2026 20:43:39] "GET /assignmentFiles/208/ HTTP/1.1" 200 6697
{"event": "FilePermissions: Checking permissions for File object (209) of type <class 'core.models.AssignmentFile'>", "timestamp": "2026-01-30T20:43:39.536538Z"}
{"event": "FilePermissions: Checking permissions for File object (208) of type <class 'core.models.AssignmentFile'>", "timestamp": "2026-01-30T20:43:39.536698Z"}
{"event": "FilePermissions: Delegating to AssignmentPermissions for assignment 46", "timestamp": "2026-01-30T20:43:39.538356Z"}
{"event": "FilePermissions: Delegating to AssignmentPermissions for assignment 46", "timestamp": "2026-01-30T20:43:39.539307Z"}
[30/Jan/2026 20:43:39] "GET /assignmentFiles/209/ HTTP/1.1" 200 497
[30/Jan/2026 20:43:39] "GET /assignmentFiles/208/ HTTP/1.1" 200 6697
{"event": "FilePermissions: Checking permissions for File object (211) of type <class 'core.models.AssignmentFile'>", "timestamp": "2026-01-30T20:43:39.599450Z"}
{"event": "FilePermissions: Checking permissions for File object (209) of type <class 'core.models.AssignmentFile'>", "timestamp": "2026-01-30T20:43:39.599643Z"}
{"event": "FilePermissions: Delegating to AssignmentPermissions for assignment 46", "timestamp": "2026-01-30T20:43:39.601158Z"}
{"event": "FilePermissions: Delegating to AssignmentPermissions for assignment 46", "timestamp": "2026-01-30T20:43:39.602132Z"}
[30/Jan/2026 20:43:39] "GET /assignmentFiles/211/ HTTP/1.1" 200 5378
[30/Jan/2026 20:43:39] "GET /assignmentFiles/209/ HTTP/1.1" 200 497
{"event": "FilePermissions: Checking permissions for File object (686) of type <class 'core.models.AssignmentFile'>", "timestamp": "2026-01-30T20:43:39.661974Z"}
{"event": "FilePermissions: Checking permissions for File object (211) of type <class 'core.models.AssignmentFile'>", "timestamp": "2026-01-30T20:43:39.662151Z"}
{"event": "FilePermissions: Delegating to AssignmentPermissions for assignment 46", "timestamp": "2026-01-30T20:43:39.664337Z"}
{"event": "FilePermissions: Delegating to AssignmentPermissions for assignment 46", "timestamp": "2026-01-30T20:43:39.664545Z"}
[30/Jan/2026 20:43:39] "GET /assignmentFiles/686/ HTTP/1.1" 200 6097
[30/Jan/2026 20:43:39] "GET /assignmentFiles/211/ HTTP/1.1" 200 5378
{"event": "FilePermissions: Checking permissions for File object (687) of type <class 'core.models.AssignmentFile'>", "timestamp": "2026-01-30T20:43:39.723738Z"}
{"event": "FilePermissions: Checking permissions for File object (686) of type <class 'core.models.AssignmentFile'>", "timestamp": "2026-01-30T20:43:39.723888Z"}
{"event": "FilePermissions: Delegating to AssignmentPermissions for assignment 46", "timestamp": "2026-01-30T20:43:39.725497Z"}
{"event": "FilePermissions: Delegating to AssignmentPermissions for assignment 46", "timestamp": "2026-01-30T20:43:39.726471Z"}
[30/Jan/2026 20:43:39] "GET /assignmentFiles/687/ HTTP/1.1" 200 6097
[30/Jan/2026 20:43:39] "GET /assignmentFiles/686/ HTTP/1.1" 200 6097
{"event": "FilePermissions: Checking permissions for File object (688) of type <class 'core.models.AssignmentFile'>", "timestamp": "2026-01-30T20:43:39.781244Z"}
{"event": "FilePermissions: Delegating to AssignmentPermissions for assignment 46", "timestamp": "2026-01-30T20:43:39.783834Z"}
{"event": "FilePermissions: Checking permissions for File object (687) of type <class 'core.models.AssignmentFile'>", "timestamp": "2026-01-30T20:43:39.784836Z"}
[30/Jan/2026 20:43:39] "GET /assignmentFiles/688/ HTTP/1.1" 200 6097
{"event": "FilePermissions: Delegating to AssignmentPermissions for assignment 46", "timestamp": "2026-01-30T20:43:39.786904Z"}
[30/Jan/2026 20:43:39] "GET /assignmentFiles/687/ HTTP/1.1" 200 6097
{"event": "FilePermissions: Checking permissions for File object (689) of type <class 'core.models.AssignmentFile'>", "timestamp": "2026-01-30T20:43:39.842752Z"}
{"event": "FilePermissions: Checking permissions for File object (688) of type <class 'core.models.AssignmentFile'>", "timestamp": "2026-01-30T20:43:39.844545Z"}
{"event": "FilePermissions: Delegating to AssignmentPermissions for assignment 46", "timestamp": "2026-01-30T20:43:39.844723Z"}
{"event": "FilePermissions: Delegating to AssignmentPermissions for assignment 46", "timestamp": "2026-01-30T20:43:39.846209Z"}
[30/Jan/2026 20:43:39] "GET /assignmentFiles/689/ HTTP/1.1" 200 6097
[30/Jan/2026 20:43:39] "GET /assignmentFiles/688/ HTTP/1.1" 200 6097
{"event": "FilePermissions: Checking permissions for File object (689) of type <class 'core.models.AssignmentFile'>", "timestamp": "2026-01-30T20:43:39.918539Z"}
{"event": "FilePermissions: Delegating to AssignmentPermissions for assignment 46", "timestamp": "2026-01-30T20:43:39.919929Z"}
[30/Jan/2026 20:43:39] "GET /assignmentFiles/689/ HTTP/1.1" 200 6097
[30/Jan/2026 20:43:41] "GET /assignments/46/ HTTP/1.1" 200 1160
{"event": "FilePermissions: Checking permissions for File object (207) of type <class 'core.models.AssignmentFile'>", "timestamp": "2026-01-30T20:43:41.472180Z"}
{"event": "FilePermissions: Delegating to AssignmentPermissions for assignment 46", "timestamp": "2026-01-30T20:43:41.474294Z"}
{"event": "FilePermissions: Checking permissions for File object (208) of type <class 'core.models.AssignmentFile'>", "timestamp": "2026-01-30T20:43:41.475149Z"}
{"event": "FilePermissions: Checking permissions for File object (209) of type <class 'core.models.AssignmentFile'>", "timestamp": "2026-01-30T20:43:41.475318Z"}
[30/Jan/2026 20:43:41] "GET /assignmentFiles/207/ HTTP/1.1" 200 41043
{"event": "FilePermissions: Delegating to AssignmentPermissions for assignment 46", "timestamp": "2026-01-30T20:43:41.478174Z"}
{"event": "FilePermissions: Delegating to AssignmentPermissions for assignment 46", "timestamp": "2026-01-30T20:43:41.478419Z"}
[30/Jan/2026 20:43:41] "GET /assignmentFiles/208/ HTTP/1.1" 200 6697
[30/Jan/2026 20:43:41] "GET /assignmentFiles/209/ HTTP/1.1" 200 497
{"event": "FilePermissions: Checking permissions for File object (688) of type <class 'core.models.AssignmentFile'>", "timestamp": "2026-01-30T20:43:41.495583Z"}
{"event": "FilePermissions: Checking permissions for File object (689) of type <class 'core.models.AssignmentFile'>", "timestamp": "2026-01-30T20:43:41.495710Z"}
{"event": "FilePermissions: Delegating to AssignmentPermissions for assignment 46", "timestamp": "2026-01-30T20:43:41.497556Z"}
{"event": "FilePermissions: Delegating to AssignmentPermissions for assignment 46", "timestamp": "2026-01-30T20:43:41.497763Z"}
[30/Jan/2026 20:43:41] "GET /assignmentFiles/688/ HTTP/1.1" 200 6097
[30/Jan/2026 20:43:41] "GET /assignmentFiles/689/ HTTP/1.1" 200 6097
{"event": "FilePermissions: Checking permissions for File object (211) of type <class 'core.models.AssignmentFile'>", "timestamp": "2026-01-30T20:43:41.542579Z"}
{"event": "FilePermissions: Delegating to AssignmentPermissions for assignment 46", "timestamp": "2026-01-30T20:43:41.543851Z"}
[30/Jan/2026 20:43:41] "GET /assignmentFiles/211/ HTTP/1.1" 200 5378
{"event": "FilePermissions: Checking permissions for File object (687) of type <class 'core.models.AssignmentFile'>", "timestamp": "2026-01-30T20:43:41.552397Z"}
{"event": "FilePermissions: Checking permissions for File object (686) of type <class 'core.models.AssignmentFile'>", "timestamp": "2026-01-30T20:43:41.552563Z"}
{"event": "FilePermissions: Delegating to AssignmentPermissions for assignment 46", "timestamp": "2026-01-30T20:43:41.554579Z"}
{"event": "FilePermissions: Delegating to AssignmentPermissions for assignment 46", "timestamp": "2026-01-30T20:43:41.554827Z"}
[30/Jan/2026 20:43:41] "GET /assignmentFiles/687/ HTTP/1.1" 200 6097
[30/Jan/2026 20:43:41] "GET /assignmentFiles/686/ HTTP/1.1" 200 6097
[30/Jan/2026 20:43:41] "OPTIONS /assignments/46/datasets/ HTTP/1.1" 200 0
[30/Jan/2026 20:43:41] "GET /assignments/46/datasets/ HTTP/1.1" 200 1142
[30/Jan/2026 20:43:43] "GET /assignments/46/rubric/ HTTP/1.1" 200 2805
[30/Jan/2026 20:43:50] "GET /assignments/46/rubric/ HTTP/1.1" 200 2805
[30/Jan/2026 20:43:59] "GET /assignments/46/rubric/ HTTP/1.1" 200 2805
[30/Jan/2026 20:44:05] "GET /assignments/46/rubric/ HTTP/1.1" 200 2805
[30/Jan/2026 20:44:09] "POST /token-refresh/ HTTP/1.1" 200 339
[30/Jan/2026 20:44:14] "GET /assignments/46/rubric/ HTTP/1.1" 200 2805
[30/Jan/2026 20:44:20] "GET /assignments/46/rubric/ HTTP/1.1" 200 2805
[30/Jan/2026 20:44:29] "GET /assignments/46/rubric/ HTTP/1.1" 200 2805
[30/Jan/2026 20:44:44] "GET /assignments/46/rubric/ HTTP/1.1" 200 2805
[30/Jan/2026 20:44:59] "GET /assignments/46/rubric/ HTTP/1.1" 200 2805
[30/Jan/2026 20:45:06] "POST /token-refresh/ HTTP/1.1" 200 339
[30/Jan/2026 20:45:15] "GET /assignments/46/rubric/ HTTP/1.1" 200 2805
[30/Jan/2026 20:45:21] "GET /assignments/46/rubric/ HTTP/1.1" 200 2805
[30/Jan/2026 20:45:30] "GET /assignments/46/rubric/ HTTP/1.1" 200 2805
[30/Jan/2026 20:45:45] "GET /assignments/46/rubric/ HTTP/1.1" 200 2805
[30/Jan/2026 20:46:00] "GET /assignments/46/rubric/ HTTP/1.1" 200 2805
[30/Jan/2026 20:46:10] "GET /assignments/46/ HTTP/1.1" 200 1160
{"event": "FilePermissions: Checking permissions for File object (686) of type <class 'core.models.AssignmentFile'>", "timestamp": "2026-01-30T20:46:10.569854Z"}
{"event": "FilePermissions: Checking permissions for File object (207) of type <class 'core.models.AssignmentFile'>", "timestamp": "2026-01-30T20:46:10.571289Z"}
{"event": "FilePermissions: Checking permissions for File object (211) of type <class 'core.models.AssignmentFile'>", "timestamp": "2026-01-30T20:46:10.572612Z"}
{"event": "FilePermissions: Checking permissions for File object (687) of type <class 'core.models.AssignmentFile'>", "timestamp": "2026-01-30T20:46:10.573466Z"}
{"event": "FilePermissions: Checking permissions for File object (209) of type <class 'core.models.AssignmentFile'>", "timestamp": "2026-01-30T20:46:10.574023Z"}
{"event": "FilePermissions: Checking permissions for File object (208) of type <class 'core.models.AssignmentFile'>", "timestamp": "2026-01-30T20:46:10.574152Z"}
{"event": "FilePermissions: Delegating to AssignmentPermissions for assignment 46", "timestamp": "2026-01-30T20:46:10.575514Z"}
{"event": "FilePermissions: Delegating to AssignmentPermissions for assignment 46", "timestamp": "2026-01-30T20:46:10.578074Z"}
{"event": "FilePermissions: Delegating to AssignmentPermissions for assignment 46", "timestamp": "2026-01-30T20:46:10.578467Z"}
{"event": "FilePermissions: Delegating to AssignmentPermissions for assignment 46", "timestamp": "2026-01-30T20:46:10.579037Z"}
{"event": "FilePermissions: Delegating to AssignmentPermissions for assignment 46", "timestamp": "2026-01-30T20:46:10.579620Z"}
[30/Jan/2026 20:46:10] "GET /assignmentFiles/207/ HTTP/1.1" 200 41043
{"event": "FilePermissions: Delegating to AssignmentPermissions for assignment 46", "timestamp": "2026-01-30T20:46:10.580865Z"}
[30/Jan/2026 20:46:10] "GET /assignmentFiles/686/ HTTP/1.1" 200 6097
[30/Jan/2026 20:46:10] "GET /assignmentFiles/687/ HTTP/1.1" 200 6097
[30/Jan/2026 20:46:10] "GET /assignmentFiles/209/ HTTP/1.1" 200 497
[30/Jan/2026 20:46:10] "GET /assignmentFiles/208/ HTTP/1.1" 200 6697
[30/Jan/2026 20:46:10] "GET /assignmentFiles/211/ HTTP/1.1" 200 5378
{"event": "FilePermissions: Checking permissions for File object (688) of type <class 'core.models.AssignmentFile'>", "timestamp": "2026-01-30T20:46:10.600783Z"}
{"event": "FilePermissions: Checking permissions for File object (689) of type <class 'core.models.AssignmentFile'>", "timestamp": "2026-01-30T20:46:10.600927Z"}
{"event": "FilePermissions: Delegating to AssignmentPermissions for assignment 46", "timestamp": "2026-01-30T20:46:10.602422Z"}
{"event": "FilePermissions: Delegating to AssignmentPermissions for assignment 46", "timestamp": "2026-01-30T20:46:10.603347Z"}
[30/Jan/2026 20:46:10] "GET /assignmentFiles/688/ HTTP/1.1" 200 6097
[30/Jan/2026 20:46:10] "GET /assignmentFiles/689/ HTTP/1.1" 200 6097
[30/Jan/2026 20:46:10] "GET /assignments/46/datasets/ HTTP/1.1" 200 1142
[30/Jan/2026 20:46:15] "GET /assignments/46/rubric/ HTTP/1.1" 200 2805
[30/Jan/2026 20:46:22] "GET /assignments/46/rubric/ HTTP/1.1" 200 2805
[30/Jan/2026 20:46:30] "GET /assignments/46/rubric/ HTTP/1.1" 200 2805
[30/Jan/2026 20:46:45] "GET /assignments/46/rubric/ HTTP/1.1" 200 2805
[30/Jan/2026 20:47:00] "GET /assignments/46/rubric/ HTTP/1.1" 200 2805
[30/Jan/2026 20:47:14] "OPTIONS /assignmentDataSets/ HTTP/1.1" 200 0
Bad Request: /assignmentDataSets/
WARNING 2026-01-30 20:47:14 Bad Request: /assignmentDataSets/
[30/Jan/2026 20:47:14] "POST /assignmentDataSets/ HTTP/1.1" 400 76
[30/Jan/2026 20:47:15] "GET /assignments/46/rubric/ HTTP/1.1" 200 2805
Bad Request: /assignmentDataSets/
WARNING 2026-01-30 20:47:16 Bad Request: /assignmentDataSets/
[30/Jan/2026 20:47:16] "POST /assignmentDataSets/ HTTP/1.1" 400 76
Bad Request: /assignmentDataSets/
WARNING 2026-01-30 20:47:17 Bad Request: /assignmentDataSets/
[30/Jan/2026 20:47:17] "POST /assignmentDataSets/ HTTP/1.1" 400 76
[30/Jan/2026 20:47:23] "GET /assignments/46/rubric/ HTTP/1.1" 200 2805
[30/Jan/2026 20:47:30] "GET /assignments/46/rubric/ HTTP/1.1" 200 2805
[30/Jan/2026 20:47:46] "GET /assignments/46/rubric/ HTTP/1.1" 200 2805
[30/Jan/2026 20:47:55] "GET /assignments/46/ HTTP/1.1" 200 1160
{"event": "FilePermissions: Checking permissions for File object (211) of type <class 'core.models.AssignmentFile'>", "timestamp": "2026-01-30T20:47:55.080109Z"}
{"event": "FilePermissions: Checking permissions for File object (687) of type <class 'core.models.AssignmentFile'>", "timestamp": "2026-01-30T20:47:55.080787Z"}
{"event": "FilePermissions: Checking permissions for File object (208) of type <class 'core.models.AssignmentFile'>", "timestamp": "2026-01-30T20:47:55.081468Z"}
{"event": "FilePermissions: Checking permissions for File object (686) of type <class 'core.models.AssignmentFile'>", "timestamp": "2026-01-30T20:47:55.082986Z"}
{"event": "FilePermissions: Delegating to AssignmentPermissions for assignment 46", "timestamp": "2026-01-30T20:47:55.084626Z"}
{"event": "FilePermissions: Checking permissions for File object (207) of type <class 'core.models.AssignmentFile'>", "timestamp": "2026-01-30T20:47:55.085764Z"}
{"event": "FilePermissions: Delegating to AssignmentPermissions for assignment 46", "timestamp": "2026-01-30T20:47:55.085922Z"}
{"event": "FilePermissions: Checking permissions for File object (209) of type <class 'core.models.AssignmentFile'>", "timestamp": "2026-01-30T20:47:55.086022Z"}
{"event": "FilePermissions: Delegating to AssignmentPermissions for assignment 46", "timestamp": "2026-01-30T20:47:55.086518Z"}
{"event": "FilePermissions: Delegating to AssignmentPermissions for assignment 46", "timestamp": "2026-01-30T20:47:55.087061Z"}
[30/Jan/2026 20:47:55] "GET /assignmentFiles/687/ HTTP/1.1" 200 6097
{"event": "FilePermissions: Delegating to AssignmentPermissions for assignment 46", "timestamp": "2026-01-30T20:47:55.091510Z"}
{"event": "FilePermissions: Delegating to AssignmentPermissions for assignment 46", "timestamp": "2026-01-30T20:47:55.091713Z"}
[30/Jan/2026 20:47:55] "GET /assignmentFiles/211/ HTTP/1.1" 200 5378
[30/Jan/2026 20:47:55] "GET /assignmentFiles/686/ HTTP/1.1" 200 6097
[30/Jan/2026 20:47:55] "GET /assignmentFiles/208/ HTTP/1.1" 200 6697
[30/Jan/2026 20:47:55] "GET /assignmentFiles/209/ HTTP/1.1" 200 497
[30/Jan/2026 20:47:55] "GET /assignmentFiles/207/ HTTP/1.1" 200 41043
{"event": "FilePermissions: Checking permissions for File object (688) of type <class 'core.models.AssignmentFile'>", "timestamp": "2026-01-30T20:47:55.099946Z"}
{"event": "FilePermissions: Delegating to AssignmentPermissions for assignment 46", "timestamp": "2026-01-30T20:47:55.100914Z"}
[30/Jan/2026 20:47:55] "GET /assignmentFiles/688/ HTTP/1.1" 200 6097
{"event": "FilePermissions: Checking permissions for File object (689) of type <class 'core.models.AssignmentFile'>", "timestamp": "2026-01-30T20:47:55.105929Z"}
{"event": "FilePermissions: Delegating to AssignmentPermissions for assignment 46", "timestamp": "2026-01-30T20:47:55.106941Z"}
[30/Jan/2026 20:47:55] "GET /assignmentFiles/689/ HTTP/1.1" 200 6097
[30/Jan/2026 20:47:55] "GET /assignments/46/datasets/ HTTP/1.1" 200 1142
Bad Request: /assignmentDataSets/
WARNING 2026-01-30 20:47:57 Bad Request: /assignmentDataSets/
[30/Jan/2026 20:47:57] "POST /assignmentDataSets/ HTTP/1.1" 400 76
Bad Request: /assignmentDataSets/
WARNING 2026-01-30 20:47:57 Bad Request: /assignmentDataSets/
[30/Jan/2026 20:47:57] "POST /assignmentDataSets/ HTTP/1.1" 400 76
Bad Request: /assignmentDataSets/
WARNING 2026-01-30 20:47:57 Bad Request: /assignmentDataSets/
[30/Jan/2026 20:47:57] "POST /assignmentDataSets/ HTTP/1.1" 400 76
Bad Request: /assignmentDataSets/
WARNING 2026-01-30 20:47:58 Bad Request: /assignmentDataSets/
[30/Jan/2026 20:47:58] "POST /assignmentDataSets/ HTTP/1.1" 400 76
[30/Jan/2026 20:48:01] "POST /token-refresh/ HTTP/1.1" 200 339
[30/Jan/2026 20:48:01] "GET /assignments/46/rubric/ HTTP/1.1" 200 2805
[30/Jan/2026 20:48:07] "POST /token-refresh/ HTTP/1.1" 200 339
[30/Jan/2026 20:48:07] "POST /token-refresh/ HTTP/1.1" 200 339
[30/Jan/2026 20:48:08] "OPTIONS /assignmentFiles/ HTTP/1.1" 200 0
{"event": "FilePermissions: Checking permissions for File object (None) of type <class 'core.models.AssignmentFile'>", "timestamp": "2026-01-30T20:48:08.837657Z"}
{"event": "FilePermissions: Delegating to AssignmentPermissions for assignment 46", "timestamp": "2026-01-30T20:48:08.837733Z"}
DEBUG 2026-01-30 20:48:08 
def AutoDetectEnvironment(assignment_id):
    return 1

INFO 2026-01-30 20:48:08 [AutoDetect] Scanning 9 assignment files for Env 37
INFO 2026-01-30 20:48:08 [AutoDetect] Detected language: python-3.12
INFO 2026-01-30 20:48:08 [AutoDetect] Requirements changed (New: 43 chars)
INFO 2026-01-30 20:48:08 [AutoDetect] Updating Environment to python-3.12 and building.
DEBUG 2026-01-30 20:48:08 
def BuildEnvironment(environmentID, rerun_submission_ids=0):
    return 1

INFO 2026-01-30 20:48:08 [BuildEnvironment] Triggering auto-detection for env 37
INFO 2026-01-30 20:48:08 [AutoDetect] Local modules identified: {'python', 'test_script_27', 'test_script_26', 'test_script_25'}
DEBUG 2026-01-30 20:48:08 Starting new HTTPS connection (1): pypi.org:443
DEBUG 2026-01-30 20:48:09 https://pypi.org:443 "HEAD /pypi/client/json HTTP/1.1" 404 0
INFO 2026-01-30 20:48:09 [AutoDetect] Package 'client' not found on PyPI (Status 404).
WARNING 2026-01-30 20:48:09 [AutoDetect] Package 'client' not found on PyPI. Assuming local/private module and skipping.
DEBUG 2026-01-30 20:48:09 Starting new HTTPS connection (1): pypi.org:443
DEBUG 2026-01-30 20:48:09 https://pypi.org:443 "HEAD /pypi/numpy/json HTTP/1.1" 200 0
INFO 2026-01-30 20:48:09 [AutoDetect] Package 'numpy' verified on PyPI.
DEBUG 2026-01-30 20:48:09 Starting new HTTPS connection (1): pypi.org:443
DEBUG 2026-01-30 20:48:09 https://pypi.org:443 "HEAD /pypi/matplotlib/json HTTP/1.1" 200 0
INFO 2026-01-30 20:48:09 [AutoDetect] Package 'matplotlib' verified on PyPI.
DEBUG 2026-01-30 20:48:09 Starting new HTTPS connection (1): pypi.org:443
DEBUG 2026-01-30 20:48:09 https://pypi.org:443 "HEAD /pypi/pandas/json HTTP/1.1" 200 0
INFO 2026-01-30 20:48:09 [AutoDetect] Package 'pandas' verified on PyPI.
DEBUG 2026-01-30 20:48:09 Starting new HTTPS connection (1): pypi.org:443
DEBUG 2026-01-30 20:48:09 https://pypi.org:443 "HEAD /pypi/scikit-learn/json HTTP/1.1" 200 0
INFO 2026-01-30 20:48:09 [AutoDetect] Package 'scikit-learn' verified on PyPI.
DEBUG 2026-01-30 20:48:09 Starting new HTTPS connection (1): pypi.org:443
DEBUG 2026-01-30 20:48:09 https://pypi.org:443 "HEAD /pypi/client/json HTTP/1.1" 404 0
INFO 2026-01-30 20:48:09 [AutoDetect] Package 'client' not found on PyPI (Status 404).
WARNING 2026-01-30 20:48:09 [AutoDetect] Package 'client' not found on PyPI. Assuming local/private module and skipping.
INFO 2026-01-30 20:48:09 Auto-detect: Updated requirements for Env 37 to 'matplotlib
numpy
pandas
scikit-learn'
DEBUG 2026-01-30 20:48:09 Trying paths: ['/staff/users/mk1800/.docker/config.json', '/staff/users/mk1800/.dockercfg']
DEBUG 2026-01-30 20:48:09 No config file found
DEBUG 2026-01-30 20:48:09 Trying paths: ['/staff/users/mk1800/.docker/config.json', '/staff/users/mk1800/.dockercfg']
DEBUG 2026-01-30 20:48:09 No config file found
DEBUG 2026-01-30 20:48:09 http://localhost:None "GET /version HTTP/1.1" 200 831
INFO 2026-01-30 20:48:09 [Builder] Starting build for env 37
DEBUG 2026-01-30 20:48:09 Looking for auth config
DEBUG 2026-01-30 20:48:09 No auth config in memory - loading from filesystem
DEBUG 2026-01-30 20:48:09 Trying paths: ['/staff/users/mk1800/.docker/config.json', '/staff/users/mk1800/.dockercfg']
DEBUG 2026-01-30 20:48:09 No config file found
DEBUG 2026-01-30 20:48:09 Sending auth config ()
DEBUG 2026-01-30 20:48:09 http://localhost:None "POST /v1.53/build?t=codepost-env-37%3A1769806089&q=False&nocache=False&rm=True&forcerm=False&pull=False HTTP/1.1" 200 None
INFO 2026-01-30 20:48:09 [Builder] Fixing cache permissions for codepost-env-37:1769806089
DEBUG 2026-01-30 20:48:09 http://localhost:None "POST /v1.53/containers/create HTTP/1.1" 201 88
DEBUG 2026-01-30 20:48:09 http://localhost:None "GET /v1.53/containers/43366d08e9629a5c5f684c801dbf58c71bfa1430a4328bbaf5f5a90a2d199ff5/json HTTP/1.1" 200 None
DEBUG 2026-01-30 20:48:09 http://localhost:None "POST /v1.53/containers/43366d08e9629a5c5f684c801dbf58c71bfa1430a4328bbaf5f5a90a2d199ff5/start HTTP/1.1" 204 0
DEBUG 2026-01-30 20:48:09 http://localhost:None "GET /v1.53/containers/43366d08e9629a5c5f684c801dbf58c71bfa1430a4328bbaf5f5a90a2d199ff5/logs?stderr=0&stdout=1&timestamps=0&follow=1&tail=all HTTP/1.1" 200 None
DEBUG 2026-01-30 20:48:09 http://localhost:None "GET /v1.53/containers/43366d08e9629a5c5f684c801dbf58c71bfa1430a4328bbaf5f5a90a2d199ff5/json HTTP/1.1" 200 None
DEBUG 2026-01-30 20:48:09 http://localhost:None "POST /v1.53/containers/43366d08e9629a5c5f684c801dbf58c71bfa1430a4328bbaf5f5a90a2d199ff5/wait HTTP/1.1" 200 None
DEBUG 2026-01-30 20:48:09 http://localhost:None "DELETE /v1.53/containers/43366d08e9629a5c5f684c801dbf58c71bfa1430a4328bbaf5f5a90a2d199ff5?v=False&link=False&force=False HTTP/1.1" 204 0
INFO 2026-01-30 20:48:09 [Builder] Successfully fixed permissions for: ['/tmp/pip-cache']
INFO 2026-01-30 20:48:09 [Builder] Verifying image codepost-env-37:1769806089...
DEBUG 2026-01-30 20:48:09 http://localhost:None "POST /v1.53/containers/create HTTP/1.1" 201 88
DEBUG 2026-01-30 20:48:09 http://localhost:None "GET /v1.53/containers/55bd0c181a793129c034162265b466edae910d3b01d9998ce3b26ad44bebb596/json HTTP/1.1" 200 None
DEBUG 2026-01-30 20:48:09 http://localhost:None "POST /v1.53/containers/55bd0c181a793129c034162265b466edae910d3b01d9998ce3b26ad44bebb596/start HTTP/1.1" 204 0
DEBUG 2026-01-30 20:48:09 http://localhost:None "GET /v1.53/containers/55bd0c181a793129c034162265b466edae910d3b01d9998ce3b26ad44bebb596/logs?stderr=1&stdout=1&timestamps=0&follow=1&tail=all HTTP/1.1" 200 None
DEBUG 2026-01-30 20:48:09 http://localhost:None "GET /v1.53/containers/55bd0c181a793129c034162265b466edae910d3b01d9998ce3b26ad44bebb596/json HTTP/1.1" 200 None
DEBUG 2026-01-30 20:48:09 http://localhost:None "POST /v1.53/containers/55bd0c181a793129c034162265b466edae910d3b01d9998ce3b26ad44bebb596/wait HTTP/1.1" 200 None
DEBUG 2026-01-30 20:48:10 http://localhost:None "DELETE /v1.53/containers/55bd0c181a793129c034162265b466edae910d3b01d9998ce3b26ad44bebb596?v=False&link=False&force=False HTTP/1.1" 204 0
INFO 2026-01-30 20:48:10 [Builder] Verification passed for codepost-env-37:1769806089
INFO 2026-01-30 20:48:10 Saved image version 1 for env 37
DEBUG 2026-01-30 20:48:10 Trying paths: ['/staff/users/mk1800/.docker/config.json', '/staff/users/mk1800/.dockercfg']
DEBUG 2026-01-30 20:48:10 No config file found
DEBUG 2026-01-30 20:48:10 Trying paths: ['/staff/users/mk1800/.docker/config.json', '/staff/users/mk1800/.dockercfg']
DEBUG 2026-01-30 20:48:10 No config file found
DEBUG 2026-01-30 20:48:10 http://localhost:None "GET /version HTTP/1.1" 200 831
DEBUG 2026-01-30 20:48:10 http://localhost:None "GET /v1.53/images/json?only_ids=0&all=0 HTTP/1.1" 200 None
DEBUG 2026-01-30 20:48:10 http://localhost:None "GET /v1.53/images/sha256:75f28becc59595e7e9c117239e9a8da73658045c41e19676249f4cdb27cd32be/json HTTP/1.1" 200 1961
DEBUG 2026-01-30 20:48:10 http://localhost:None "GET /v1.53/images/sha256:00d5ee293b90ba0353b3888667ebfcb7a8bc58fa3004c5c7c65c8dda669a16c8/json HTTP/1.1" 200 1983
DEBUG 2026-01-30 20:48:10 http://localhost:None "GET /v1.53/images/sha256:9b9b79653cc4d7ed8028470056a2de5642ed9e3ec23fdd639a9698b2058bad8a/json HTTP/1.1" 200 None
DEBUG 2026-01-30 20:48:10 http://localhost:None "GET /v1.53/images/sha256:8a8dc38075766490a9142cdd1a76f90411de7e445f0fd9254308c4d8d130ec2e/json HTTP/1.1" 200 None
DEBUG 2026-01-30 20:48:10 http://localhost:None "GET /v1.53/images/sha256:069d84515af0f5bfe0cbe50517b2cb130ca43f6d00889286190fd3d9b58e2689/json HTTP/1.1" 200 None
DEBUG 2026-01-30 20:48:10 http://localhost:None "GET /v1.53/images/sha256:3146f8dfbd5d2188481d4c7d04c5a1e9ffe4664c7aee0dd8bf8e9b7808b0cbd2/json HTTP/1.1" 200 None
DEBUG 2026-01-30 20:48:10 http://localhost:None "GET /v1.53/images/sha256:6f2b6bf7227855c0982ab91342e77f274cbd4b2c122fc023ba53acff5face0dd/json HTTP/1.1" 200 None
DEBUG 2026-01-30 20:48:10 http://localhost:None "GET /v1.53/images/sha256:0cba4e35327ba384221f8875a39ca9965ab491048e9dc2b1d1d936c8ba34a168/json HTTP/1.1" 200 None
DEBUG 2026-01-30 20:48:10 http://localhost:None "GET /v1.53/images/sha256:5232eee5d470b5ae3e424c6c72eb46e9cf53e854cf99b6199715baec424c84e0/json HTTP/1.1" 200 None
DEBUG 2026-01-30 20:48:10 http://localhost:None "GET /v1.53/images/sha256:0803ec6aeeff3daaa7ddc84ec96dc9928afdbaf02a2f9c27f6c65f24e0f7176b/json HTTP/1.1" 200 None
DEBUG 2026-01-30 20:48:10 http://localhost:None "GET /v1.53/images/sha256:7c525a7a2a6f0977afbdd0a3a252b5c9f7be333a7d180dd0b4f6604e0b1c5c17/json HTTP/1.1" 200 None
DEBUG 2026-01-30 20:48:10 http://localhost:None "GET /v1.53/images/sha256:e3f1cd0ec0bd95c7fe219d301a4af15081f19eace1c6d71268b15139b29608cc/json HTTP/1.1" 200 None
DEBUG 2026-01-30 20:48:10 http://localhost:None "GET /v1.53/images/sha256:8cf61f9698eae6b8e0163ebef2885482790fba25ae777c0f74cd86caaad011f7/json HTTP/1.1" 200 None
DEBUG 2026-01-30 20:48:10 http://localhost:None "GET /v1.53/images/sha256:af86d0f68e850da2160592328cd789a567038be9fa31636d621bd68bc764b020/json HTTP/1.1" 200 None
DEBUG 2026-01-30 20:48:10 http://localhost:None "GET /v1.53/images/sha256:31b08ca4c740501aca61790bc00df2f3002cf7ab5592cd07e14d088e7eca582c/json HTTP/1.1" 200 None
DEBUG 2026-01-30 20:48:10 http://localhost:None "GET /v1.53/images/sha256:fdade1556fb6709a014ffd71f1d5dfbf6f2a868c55619e0824b1cddb664c5ee4/json HTTP/1.1" 200 None
DEBUG 2026-01-30 20:48:10 http://localhost:None "GET /v1.53/images/sha256:8520c18331fb8d119b7e55f2795800a54ebb18b579a506f1fd8b3159fd5190ae/json HTTP/1.1" 200 None
DEBUG 2026-01-30 20:48:10 http://localhost:None "GET /v1.53/images/sha256:ea255ac0982bacb853e3f0ea07165efd25481837e5859b4769df14b22deb7c38/json HTTP/1.1" 200 None
DEBUG 2026-01-30 20:48:10 http://localhost:None "GET /v1.53/images/sha256:ab0e88649c10983d9ef0686ef3140b28b7b9f0e67fde6cca9726f9851c5de6a4/json HTTP/1.1" 200 None
DEBUG 2026-01-30 20:48:10 http://localhost:None "GET /v1.53/images/sha256:00b264a53a9447924b6b5c218a60dea1d4700e3d42ac71b4e70bc623bc296a90/json HTTP/1.1" 200 None
DEBUG 2026-01-30 20:48:10 http://localhost:None "GET /v1.53/images/sha256:bb885ad8bb03f271a17b1472841d5fe706de3043d164cc5fbd130002e41a8df4/json HTTP/1.1" 200 None
DEBUG 2026-01-30 20:48:10 http://localhost:None "GET /v1.53/images/sha256:9c128a997295ec5b29f9a0071460c4951cee56b56533367c3501231c4c717cbf/json HTTP/1.1" 200 None
DEBUG 2026-01-30 20:48:10 http://localhost:None "GET /v1.53/images/sha256:318c8c854d40907376af4285540619b28fa82669679d27235ce2b7b055b0cc42/json HTTP/1.1" 200 None
DEBUG 2026-01-30 20:48:10 http://localhost:None "GET /v1.53/images/sha256:1d7270537ee67640992b2da9d97393a2969938b98e67f84188f38906ce52869c/json HTTP/1.1" 200 None
DEBUG 2026-01-30 20:48:10 http://localhost:None "GET /v1.53/images/sha256:8bb22b5d83c92714f4927a1e6001851a46670952786c757a6ee20abce3d7ef9e/json HTTP/1.1" 200 None
DEBUG 2026-01-30 20:48:10 http://localhost:None "GET /v1.53/images/sha256:2206da8a81d32dffba7c0bfda0c7cc985abdf84b993a2bc87b91ab3ddaeb926b/json HTTP/1.1" 200 None
DEBUG 2026-01-30 20:48:10 http://localhost:None "GET /v1.53/images/sha256:a44aff0298e729faaad8c93853e16127fdfbe4e2056e49b8861a41cc8e2e45a4/json HTTP/1.1" 200 None
DEBUG 2026-01-30 20:48:10 http://localhost:None "GET /v1.53/images/sha256:a3a01cbec24a6a34e73f62f0d6501212947f52891b7a37d9c18a6e879b9adea0/json HTTP/1.1" 200 None
DEBUG 2026-01-30 20:48:10 http://localhost:None "GET /v1.53/images/sha256:86c8941557468b85691acaa8d4ba8bfe23737462a106ba1de85cb143493892ac/json HTTP/1.1" 200 None
DEBUG 2026-01-30 20:48:10 http://localhost:None "GET /v1.53/images/sha256:a4273b24581fc30cfbd704ef5ab866a9cd1b75fb535030da6f66344a35b163c5/json HTTP/1.1" 200 None
DEBUG 2026-01-30 20:48:10 http://localhost:None "GET /v1.53/images/sha256:b75e302f258920aff4d3f37429b67b5b058a98f428e47be12d6387e63cc581b4/json HTTP/1.1" 200 None
DEBUG 2026-01-30 20:48:10 http://localhost:None "GET /v1.53/images/sha256:cf0f2a5d9356d1e8774aad1a0b9c077e844c92e94da45358bb8185ad6d1b0f06/json HTTP/1.1" 200 None
DEBUG 2026-01-30 20:48:10 http://localhost:None "GET /v1.53/images/sha256:ef7df835fa71b3223a2ba70106d409ba824760ca96b467c07e1f5595a5275311/json HTTP/1.1" 200 None
DEBUG 2026-01-30 20:48:10 http://localhost:None "GET /v1.53/images/sha256:054dd89c915727260561a0447dc70c6ca1ad521bfc27b1f182962726d31db1ed/json HTTP/1.1" 200 None
DEBUG 2026-01-30 20:48:10 http://localhost:None "GET /v1.53/images/sha256:6782e4ce796720c5350e03b82ff3db0b2f940f6e80759f56bf66ca863fa9b5b7/json HTTP/1.1" 200 None
DEBUG 2026-01-30 20:48:10 http://localhost:None "GET /v1.53/images/sha256:c76878f13983bffb5e90fadbcd496cb9ad87ddd7e7d0486072855731fda9de22/json HTTP/1.1" 200 None
DEBUG 2026-01-30 20:48:10 http://localhost:None "GET /v1.53/images/sha256:a350197848e332df8511351b0463fc9f1079bfa9df7ae35a9475ce8f3e049ccb/json HTTP/1.1" 200 None
DEBUG 2026-01-30 20:48:10 http://localhost:None "GET /v1.53/images/sha256:cff84411e6fd563aac48973c65c792a7abf332140ad6e21da8bdfd2c2b202006/json HTTP/1.1" 200 None
DEBUG 2026-01-30 20:48:10 http://localhost:None "GET /v1.53/images/sha256:e73ecb9c6637a529d2e9c01611ef62df03985a1af51a405fe0bbf8079673a1da/json HTTP/1.1" 200 None
DEBUG 2026-01-30 20:48:10 http://localhost:None "GET /v1.53/images/sha256:917a33429a04e9fffdc34d3b93839267ad1eb2e4099593c2904100aa0d001932/json HTTP/1.1" 200 None
DEBUG 2026-01-30 20:48:10 http://localhost:None "GET /v1.53/images/sha256:790cea274a954d87b8f1abf4bf7272acf9f4bc44b737d5cc3bd1e9d28f952370/json HTTP/1.1" 200 None
DEBUG 2026-01-30 20:48:10 http://localhost:None "GET /v1.53/images/sha256:886ebc2926f447a11510f0a95c33550fb07aaae36dbdc9307c1023c2fe698cb9/json HTTP/1.1" 200 None
DEBUG 2026-01-30 20:48:10 http://localhost:None "GET /v1.53/images/sha256:38f2b0e7cf33ede552079a383d2bacfad9b0dc34eb19186bd18cf10e58857d8e/json HTTP/1.1" 200 None
DEBUG 2026-01-30 20:48:10 http://localhost:None "GET /v1.53/images/sha256:41e20010625e45996754ce86d2cb23f05f3d39ae04603443c8449aa8670a4aa5/json HTTP/1.1" 200 None
DEBUG 2026-01-30 20:48:10 http://localhost:None "GET /v1.53/images/sha256:265c9691ce569ee574d75a0561ecc65826b50cbab1ce0c9e3452b6de753f2e50/json HTTP/1.1" 200 None
DEBUG 2026-01-30 20:48:10 http://localhost:None "GET /v1.53/images/sha256:3f3defada426eeb25aab85b3c6f5f23b50690f5fb94feaba7bc07f3375428ea7/json HTTP/1.1" 200 None
DEBUG 2026-01-30 20:48:10 http://localhost:None "GET /v1.53/images/sha256:100a55b30bac9c43dcddb357cf1f0475a07c7025c5f764eb64eb74c5cf36c9a0/json HTTP/1.1" 200 None
DEBUG 2026-01-30 20:48:10 http://localhost:None "GET /v1.53/images/sha256:f01aa34e022f306c90d81587a4e36e3a7b9478ede15fa7f84d969124290cb483/json HTTP/1.1" 200 None
DEBUG 2026-01-30 20:48:10 http://localhost:None "GET /v1.53/images/sha256:47c520293824d381a7b8ca763fa2aa11a9b12c5cc6b8d451497450ce307cd422/json HTTP/1.1" 200 None
DEBUG 2026-01-30 20:48:10 http://localhost:None "GET /v1.53/images/sha256:9e110acd3e58916e75744ef57c5b26ed06f04dac64e5374ea1cdc3ca76475ac9/json HTTP/1.1" 200 None
DEBUG 2026-01-30 20:48:10 http://localhost:None "GET /v1.53/images/sha256:5317c055574c301786e61e8bb99373d904bc4a81142cd7ec0e8d626f0ad878ea/json HTTP/1.1" 200 None
DEBUG 2026-01-30 20:48:10 http://localhost:None "GET /v1.53/images/sha256:42d24a44fb2982d2a2058ad0544b3a2744e0b2e59deef6fa23520e234afc3901/json HTTP/1.1" 200 None
DEBUG 2026-01-30 20:48:10 http://localhost:None "GET /v1.53/images/sha256:41b82680ba716402a3986e1ee61bf65545b925f457a2f95177d12ce9d9af9cce/json HTTP/1.1" 200 None
DEBUG 2026-01-30 20:48:10 http://localhost:None "GET /v1.53/images/sha256:269d023d4dae33b2626edbf21a2ab77058304460e3996e8418819aafd5c75b93/json HTTP/1.1" 200 None
DEBUG 2026-01-30 20:48:10 http://localhost:None "GET /v1.53/images/sha256:caea687ba968d15ea1a6a7b6e175b624925d9aa60d001b68e75a09fa5526cf1d/json HTTP/1.1" 200 None
DEBUG 2026-01-30 20:48:10 http://localhost:None "GET /v1.53/images/sha256:26ccd9668673c535ee24d99c8908971a411458d63576c44ca5172cd64e222f49/json HTTP/1.1" 200 None
DEBUG 2026-01-30 20:48:10 http://localhost:None "GET /v1.53/images/sha256:589e7acade81a86a979d6cf2683b822b7f6a8978bb47a7cfeca1b3d5e7bb4efb/json HTTP/1.1" 200 None
DEBUG 2026-01-30 20:48:10 http://localhost:None "GET /v1.53/images/sha256:ed81778796802f5ac8e20015b5c331249d6000d3e53572e7771816999790dcf9/json HTTP/1.1" 200 None
DEBUG 2026-01-30 20:48:10 http://localhost:None "GET /v1.53/images/sha256:088f1290ee8e16f14d4ba9c42a1e02531f3427827f8e72562c998bd51f5d831a/json HTTP/1.1" 200 None
DEBUG 2026-01-30 20:48:10 http://localhost:None "GET /v1.53/images/sha256:f1df85aea69d6178c6463a9ad7e981cb749e0210f42ab2c016708e21e9e1ed35/json HTTP/1.1" 200 None
DEBUG 2026-01-30 20:48:10 http://localhost:None "GET /v1.53/images/sha256:4d881f73f0a551786d0c4fcc8de8260e695c255f8307351d1ffe2a6a80840998/json HTTP/1.1" 200 None
DEBUG 2026-01-30 20:48:10 http://localhost:None "GET /v1.53/images/sha256:43525abb513e2a550da26180f24246f579f11953f1082ec2253f982c379e39d8/json HTTP/1.1" 200 None
DEBUG 2026-01-30 20:48:10 http://localhost:None "GET /v1.53/images/sha256:6a3f5cc4e848a7111d1d271f276809992f506647ae65e2ca3b71c444b09f1980/json HTTP/1.1" 200 None
DEBUG 2026-01-30 20:48:10 http://localhost:None "GET /v1.53/images/sha256:c17328f7d217f52a4d7938c91cd82de7b8217dc6a42e4044b54393b4a66b8377/json HTTP/1.1" 200 None
DEBUG 2026-01-30 20:48:10 http://localhost:None "GET /v1.53/images/sha256:9b8fa828000184251b7db7c86632bad6fb806e1762c66ec5354d4eed73b18b93/json HTTP/1.1" 200 None
DEBUG 2026-01-30 20:48:10 http://localhost:None "GET /v1.53/images/sha256:ada42f94071c962169b85d20199d172144aa0acd9a8696b86ac2a5c9967ce48c/json HTTP/1.1" 200 None
DEBUG 2026-01-30 20:48:10 http://localhost:None "GET /v1.53/images/sha256:b0e31122575931feff5b17758d70e8d778a36b17ef84a99d0aedca2f075cfc9f/json HTTP/1.1" 200 None
DEBUG 2026-01-30 20:48:10 http://localhost:None "GET /v1.53/images/sha256:804a24a0a3896ca8b42ce61264f9c0b4cba2d1d4af1f35a9c3933246f7fedf4b/json HTTP/1.1" 200 None
DEBUG 2026-01-30 20:48:10 http://localhost:None "GET /v1.53/images/sha256:b98455d76ca5b4de03ffacfbaf854c0b0cd86052fd94d7878d749a5c73b531af/json HTTP/1.1" 200 None
DEBUG 2026-01-30 20:48:10 http://localhost:None "GET /v1.53/images/sha256:6897c714b339b5efe2d1660fd1ffcdf1cfd9fa233a01176ae66a0e01b43a6f4e/json HTTP/1.1" 200 None
DEBUG 2026-01-30 20:48:10 http://localhost:None "GET /v1.53/images/sha256:a276dcb49c802621ec38b2a637073cd9d06c1f3d91ca06e08df41be5b8f28855/json HTTP/1.1" 200 None
DEBUG 2026-01-30 20:48:11 http://localhost:None "GET /v1.53/images/sha256:a4488fa8e155e470970d08fcacaf172c8100e1f4db25a87828bf8b771b038fbf/json HTTP/1.1" 200 None
DEBUG 2026-01-30 20:48:11 http://localhost:None "GET /v1.53/images/sha256:c571bb4612d373ef7782dca8ebd977d949de0d27b314cf89d8ff116e5a801750/json HTTP/1.1" 200 None
DEBUG 2026-01-30 20:48:11 http://localhost:None "GET /v1.53/images/sha256:ee00ec42549c1ad10891689379cd476b6ebb659748dc37e2815398e21a363886/json HTTP/1.1" 200 None
DEBUG 2026-01-30 20:48:11 http://localhost:None "GET /v1.53/images/sha256:3feeae32ffb0f5bb8dda4380ddde06ddc2e679a37a2b21266a2f2ddd952e2850/json HTTP/1.1" 200 None
DEBUG 2026-01-30 20:48:11 http://localhost:None "GET /v1.53/images/sha256:a192761a05e231df756e81cc2bf7160f424c851ec1c52256c78fe39ce97c62f8/json HTTP/1.1" 200 None
DEBUG 2026-01-30 20:48:11 http://localhost:None "GET /v1.53/images/sha256:62c586014cb9357a7482e6edb4eb2d5265d20e2439520dea95be9023a1bf5d50/json HTTP/1.1" 200 None
DEBUG 2026-01-30 20:48:11 http://localhost:None "GET /v1.53/images/sha256:fcfee58c28b4c1c63c7f2e546313aa6e31f5f347dbc4eabf26b669b944f26b5d/json HTTP/1.1" 200 None
DEBUG 2026-01-30 20:48:11 http://localhost:None "GET /v1.53/images/sha256:378ea62be68390a2660a9ae74a45414bf6c5f99bc165242fb761947af7e48c62/json HTTP/1.1" 200 None
DEBUG 2026-01-30 20:48:11 http://localhost:None "GET /v1.53/images/sha256:7b3877118b51946e52fd1ac3db58446dcee09be292174b6afe5eac749c7d8858/json HTTP/1.1" 200 None
DEBUG 2026-01-30 20:48:11 http://localhost:None "GET /v1.53/images/sha256:0fa170430545405cd22fe8d72250a36b6b81b99d1e4274abf58c48c53114b46b/json HTTP/1.1" 200 None
DEBUG 2026-01-30 20:48:11 http://localhost:None "GET /v1.53/images/sha256:33aab2b664f5ef6f1e917a59289e1d56bcb78dae759e44806f464a914462add7/json HTTP/1.1" 200 None
DEBUG 2026-01-30 20:48:11 http://localhost:None "GET /v1.53/images/sha256:dcba73cb5cb1aea394b424cacf8898d19c1b6641e76f4bd4903dd32d5194a729/json HTTP/1.1" 200 None
DEBUG 2026-01-30 20:48:11 http://localhost:None "GET /v1.53/images/sha256:1bc0851a2690ea5524970328d92ee77db7c07d638eb73b796092872fea3ce89f/json HTTP/1.1" 200 None
DEBUG 2026-01-30 20:48:11 http://localhost:None "GET /v1.53/images/sha256:466a1d4593dd1932f1129204e821fde12d1e1c446a19cceb3c35d18c7f9fdf52/json HTTP/1.1" 200 None
DEBUG 2026-01-30 20:48:11 http://localhost:None "GET /v1.53/images/sha256:c7f547f14e6deeae6d10417a16e7d505b1ddf8dd213780798e46c0e85d19ae24/json HTTP/1.1" 200 None
DEBUG 2026-01-30 20:48:11 http://localhost:None "GET /v1.53/images/sha256:4ebe955245bb1067cc308f203603ca6617b17e21c3ac657b7c6378cda8810861/json HTTP/1.1" 200 None
DEBUG 2026-01-30 20:48:11 http://localhost:None "GET /v1.53/images/sha256:e4839a5a32ee64758eef8d23a13255f647071977ceb4030c42625f35ad2b39a2/json HTTP/1.1" 200 None
DEBUG 2026-01-30 20:48:11 http://localhost:None "GET /v1.53/images/sha256:c1351c51487f2a6df5a5f1fb49ebb1729c91e7276b6c2d231efff74c28db5863/json HTTP/1.1" 200 None
DEBUG 2026-01-30 20:48:11 http://localhost:None "GET /v1.53/images/sha256:bb179261237ca829fa8f5652549255a30fc28d619a7b51ebfb25bd8e6ed50b09/json HTTP/1.1" 200 None
DEBUG 2026-01-30 20:48:11 http://localhost:None "GET /v1.53/images/sha256:42f1b6053ffca61995b72d2a3a1d9a7930fe7e483f250e8f12010aabb24cd0b3/json HTTP/1.1" 200 None
DEBUG 2026-01-30 20:48:11 http://localhost:None "GET /v1.53/images/sha256:af8d80685513b35f38ae2972a4bc5376fd6b86928b19a74a1b87390de5ece5c0/json HTTP/1.1" 200 None
DEBUG 2026-01-30 20:48:11 http://localhost:None "GET /v1.53/images/sha256:e87e163f5b3ed6b033ce51491c147b11b9fe055aa403630de387886cca4f6172/json HTTP/1.1" 200 None
DEBUG 2026-01-30 20:48:11 http://localhost:None "GET /v1.53/images/sha256:35b894ddeb2fc54663dee533b259a61d175e2eec5ac166ad1520a9c0239424c2/json HTTP/1.1" 200 None
DEBUG 2026-01-30 20:48:11 http://localhost:None "GET /v1.53/images/sha256:3aa5de724481f10190e823c170328fefcf59bb593c550c4cd11e91b93fa10884/json HTTP/1.1" 200 None
DEBUG 2026-01-30 20:48:11 http://localhost:None "GET /v1.53/images/sha256:94b60ac614d6861528dfb3101c5647986618a9f0a0e06f225df791fcaba70c0a/json HTTP/1.1" 200 None
DEBUG 2026-01-30 20:48:11 http://localhost:None "GET /v1.53/images/sha256:9b22442c8f9adae221cedb093db563794ab53fe185e0ca9f10c380a18c04e8df/json HTTP/1.1" 200 None
DEBUG 2026-01-30 20:48:11 http://localhost:None "GET /v1.53/images/sha256:4ad558171b68fc9266b79fea13b74b88a0a2b74223d7a3b4463b0fecc2052850/json HTTP/1.1" 200 None
DEBUG 2026-01-30 20:48:11 http://localhost:None "GET /v1.53/images/sha256:29ac680f66eb23a0ae003ecf98bbedd2a71eaebe035b24c69e9d17227194b05e/json HTTP/1.1" 200 None
DEBUG 2026-01-30 20:48:11 http://localhost:None "GET /v1.53/images/sha256:0c87be4eae3108663b18bea481d152393c9ff288170c226818cb277390f21447/json HTTP/1.1" 200 None
DEBUG 2026-01-30 20:48:11 http://localhost:None "GET /v1.53/images/sha256:7dfd68b1e3fa7996e97fc46c1cf3c51ef948f0fd4e298f36df43506191604d45/json HTTP/1.1" 200 None
DEBUG 2026-01-30 20:48:11 http://localhost:None "GET /v1.53/images/sha256:fe003b0970420aa8c861295e254366ac53d35e1fcda29264c76c7682f58b6349/json HTTP/1.1" 200 None
DEBUG 2026-01-30 20:48:11 http://localhost:None "GET /v1.53/images/sha256:461c7f134b8d5274c217c7823b6a3dc1a669503db424a499f4b5dfe3f1a6ff69/json HTTP/1.1" 200 None
DEBUG 2026-01-30 20:48:11 http://localhost:None "GET /v1.53/images/sha256:21980f01ab9667c7d2309255555b93b6bc6d1c4c1d0144723bf8ee1faba0ec0f/json HTTP/1.1" 200 None
DEBUG 2026-01-30 20:48:11 http://localhost:None "GET /v1.53/images/sha256:d333a4730e8186437bce3ecb5aa93d05206767400dfb2352628fccf45931ddc3/json HTTP/1.1" 200 None
DEBUG 2026-01-30 20:48:11 http://localhost:None "GET /v1.53/images/sha256:fa826b6f8287476cecebd199d1976a1cf131a0ee0d43b44d335dde3b3a399dd3/json HTTP/1.1" 200 None
DEBUG 2026-01-30 20:48:11 http://localhost:None "GET /v1.53/images/sha256:62fde55f8a3d7b7b221361b88369936623e5bb2b4ab071a0469d1e499469f67c/json HTTP/1.1" 200 None
DEBUG 2026-01-30 20:48:11 http://localhost:None "GET /v1.53/images/sha256:544f31e8015aa66dd8ff3af0441527cac0c6ed24bbd6ad9133bf7c8caecc5e04/json HTTP/1.1" 200 None
DEBUG 2026-01-30 20:48:11 http://localhost:None "GET /v1.53/images/sha256:1269ef81d57ea6ae2ec23f91bb0b3e89e7846dbc20f83ba0c2f5a97294a77cdf/json HTTP/1.1" 200 None
DEBUG 2026-01-30 20:48:11 http://localhost:None "GET /v1.53/images/sha256:dccc1d91b516b4c6f0dd8d53b8f28c1035b530a676b800ec7b33fa1e071ae245/json HTTP/1.1" 200 None
DEBUG 2026-01-30 20:48:11 http://localhost:None "GET /v1.53/images/sha256:1463b037bb3b370b1cd2e6b5f3c5e6a23650c20c541b0f5f004e50e0b2132913/json HTTP/1.1" 200 None
DEBUG 2026-01-30 20:48:11 http://localhost:None "GET /v1.53/images/sha256:57792cad9eddc0dfe69d01168ae6f092386dc6405780eded17bffd0f7ca9e989/json HTTP/1.1" 200 None
DEBUG 2026-01-30 20:48:11 http://localhost:None "GET /v1.53/images/sha256:e042d9bf38b6f15829808fae9f23b4b5126804a1f041d1f5df480ee988205aa4/json HTTP/1.1" 200 None
DEBUG 2026-01-30 20:48:11 http://localhost:None "GET /v1.53/images/sha256:3decb39578c4422532fea22a2dc41191cd3e92244acc95c95e2a94cc4549c602/json HTTP/1.1" 200 None
DEBUG 2026-01-30 20:48:11 http://localhost:None "GET /v1.53/images/sha256:7b91f13a6e7d2600e1bd69276271cee19e9aede902235863204a28cccae8d413/json HTTP/1.1" 200 None
DEBUG 2026-01-30 20:48:11 http://localhost:None "GET /v1.53/images/sha256:9425c557e957bd9c426a52e07cccccf383e09d253b402a29298dbebd92194bac/json HTTP/1.1" 200 None
DEBUG 2026-01-30 20:48:11 http://localhost:None "GET /v1.53/images/sha256:f30e1ad6756ffe0239547b44f4061c14716aa7c64d2dd7e6966e841a144b85c4/json HTTP/1.1" 200 None
DEBUG 2026-01-30 20:48:11 http://localhost:None "GET /v1.53/images/sha256:6bab055204cf8800c09a999744ba17c6c9208f528c7d30f5906e9d343cee1df2/json HTTP/1.1" 200 1548
DEBUG 2026-01-30 20:48:11 http://localhost:None "GET /v1.53/images/sha256:1d4d92a8cb2a9ec6eebd8e8c39886d7267c8608654a9969e0627f24875c70d27/json HTTP/1.1" 200 1845
DEBUG 2026-01-30 20:48:11 http://localhost:None "GET /v1.53/images/sha256:7b6b298bf068c79bfb0c8a5cac5df81528da1c565f7c6d5cb1f7ea3223265071/json HTTP/1.1" 200 1853
DEBUG 2026-01-30 20:48:11 http://localhost:None "GET /v1.53/images/sha256:12c4526cf0b1b79646964b83058be0d13c5d5fdee52c95d4fab0ec5be3e52e35/json HTTP/1.1" 200 None
DEBUG 2026-01-30 20:48:11 http://localhost:None "GET /v1.53/images/sha256:841ecde3f502255d90fb19aa3fb0dc37c9655dc58d7e8f307cb276b6a89ff0c7/json HTTP/1.1" 200 None
DEBUG 2026-01-30 20:48:11 http://localhost:None "GET /v1.53/images/sha256:fd886c540a4a7c9593472e335384d76aeb43e52dfe5a17c96cdf3a8689187f81/json HTTP/1.1" 200 1962
DEBUG 2026-01-30 20:48:11 http://localhost:None "GET /v1.53/images/sha256:f88649c36faf909b52722bb2e25c3d743839192eccb7ebd7f1fcec8acdc32d5a/json HTTP/1.1" 200 None
DEBUG 2026-01-30 20:48:11 http://localhost:None "GET /v1.53/images/sha256:213b6b26f8c6c45cca5d17d9d7ab2e0a98cced7f585ec57ef6bc572d20ac36f9/json HTTP/1.1" 200 1683
DEBUG 2026-01-30 20:48:11 http://localhost:None "GET /v1.53/images/sha256:26ef4fe66ef23f401facd721c2794a8eb9b0f97b1c44c9ac98052e6c441a580d/json HTTP/1.1" 200 1674
DEBUG 2026-01-30 20:48:11 http://localhost:None "GET /v1.53/images/sha256:706db57fb2063f39f69632c5b5c9c439633fda35110e65587c5d85553fd1cc38/json HTTP/1.1" 200 979
DEBUG 2026-01-30 20:48:11 http://localhost:None "GET /v1.53/images/sha256:466e5b1da2ef27f8c769875a8b17a50edcb0731ac9207b47b0e22306d95362bd/json HTTP/1.1" 200 None
DEBUG 2026-01-30 20:48:11 http://localhost:None "GET /v1.53/images/sha256:22e8fc0c55f4cd2af9e640d8a58f3acba86981634ba56ad7dec7bc693c740425/json HTTP/1.1" 200 None
DEBUG 2026-01-30 20:48:11 http://localhost:None "GET /v1.53/images/sha256:068a0004c667653902d7716fd4353fa1842a02ad2bff3d5028eedb85243c61c3/json HTTP/1.1" 200 None
DEBUG 2026-01-30 20:48:11 http://localhost:None "GET /v1.53/images/sha256:31c9ef1ed3c1db5dbef4cd97f263943ef7724b743f69525481b1e583b0ce194c/json HTTP/1.1" 200 None
DEBUG 2026-01-30 20:48:11 http://localhost:None "GET /v1.53/images/sha256:c7f066e66b2cf0d4e4b0c7b6f9e63f9472f27222ce5e0175bbce4ff3cd956665/json HTTP/1.1" 200 None
DEBUG 2026-01-30 20:48:11 http://localhost:None "GET /v1.53/images/sha256:96f0eb102aaea2830a263a78df83da820ea6922e3f2edf64661b9dc950621391/json HTTP/1.1" 200 None
DEBUG 2026-01-30 20:48:11 http://localhost:None "GET /v1.53/images/sha256:4395bc725d56bb471ce9f8d52e3fea1724b5d09ad25e4214bb93f02c8e7bad49/json HTTP/1.1" 200 None
DEBUG 2026-01-30 20:48:11 http://localhost:None "GET /v1.53/images/sha256:38c88e4a72b5539544fad78d5459fb98966ab8c3fda954462c31b5b31ed8fe09/json HTTP/1.1" 200 None
DEBUG 2026-01-30 20:48:11 http://localhost:None "GET /v1.53/images/sha256:842f6ba74e6a810b8b2d5af5727bd064313cff56cd0530ad1f631b6e327e6615/json HTTP/1.1" 200 None
DEBUG 2026-01-30 20:48:11 http://localhost:None "GET /v1.53/images/sha256:f72348ce3757367572f0ca69b7ac1131e1b24163e4867fb411855456cf1e8fd7/json HTTP/1.1" 200 None
DEBUG 2026-01-30 20:48:11 http://localhost:None "GET /v1.53/images/sha256:66044c209f920a59bc0cbbaa42f67e80ef5c9df0c88cfef7bf877c508f0a58f2/json HTTP/1.1" 200 1731
DEBUG 2026-01-30 20:48:11 http://localhost:None "GET /v1.53/images/sha256:41f689c209100e6cadf3ce7fdd02035e90dbd1d586716bf8fc6ea55c365b2d81/json HTTP/1.1" 200 None
DEBUG 2026-01-30 20:48:11 http://localhost:None "GET /v1.53/images/sha256:3ccf43d36f1dd3e4a345d7d9844067f85b095098812b9ac2199ebc41df7be4c8/json HTTP/1.1" 200 None
DEBUG 2026-01-30 20:48:11 http://localhost:None "GET /v1.53/images/sha256:2bce4057858129ecd9243bf9bd07cc10d0b0ef81460d6798af85d6c518c5f607/json HTTP/1.1" 200 None
DEBUG 2026-01-30 20:48:11 http://localhost:None "GET /v1.53/images/sha256:07bb7d6acc265e404ebd132b4784081803892c6f7b67d76324ddac74e07c83f4/json HTTP/1.1" 200 None
DEBUG 2026-01-30 20:48:11 http://localhost:None "GET /v1.53/images/sha256:e64c713b3583c7003979857f85f2403af438d778f02022cf780e6f380ca1abcf/json HTTP/1.1" 200 None
DEBUG 2026-01-30 20:48:11 http://localhost:None "GET /v1.53/images/sha256:099f4583c7016ad65b83beeeb71690eea37b09ee361eab516e0ac9fd3ceb09e1/json HTTP/1.1" 200 None
DEBUG 2026-01-30 20:48:11 http://localhost:None "GET /v1.53/images/sha256:f9a80a55f492e823bf5d51f1bd5f87ea3eed1cb31788686aa99a2fb61a27af6a/json HTTP/1.1" 200 1065
DEBUG 2026-01-30 20:48:11 http://localhost:None "GET /v1.53/images/sha256:f9337e3a560fe3434c052fd813f80f71a57087e833889900a9265fecde82bbd1/json HTTP/1.1" 200 1590
DEBUG 2026-01-30 20:48:11 Trying paths: ['/staff/users/mk1800/.docker/config.json', '/staff/users/mk1800/.dockercfg']
DEBUG 2026-01-30 20:48:11 No config file found
DEBUG 2026-01-30 20:48:11 Trying paths: ['/staff/users/mk1800/.docker/config.json', '/staff/users/mk1800/.dockercfg']
DEBUG 2026-01-30 20:48:11 No config file found
DEBUG 2026-01-30 20:48:11 http://localhost:None "GET /version HTTP/1.1" 200 831
DEBUG 2026-01-30 20:48:11 http://localhost:None "GET /v1.53/containers/json?limit=-1&all=1&size=0&trunc_cmd=0&filters=%7B%22ancestor%22%3A+%5B%22codepost-env-37%3A1769729251%22%5D%7D HTTP/1.1" 200 3
DEBUG 2026-01-30 20:48:11 http://localhost:None "DELETE /v1.53/images/codepost-env-37:1769729251?force=True&noprune=False HTTP/1.1" 200 44
INFO 2026-01-30 20:48:11 Deleted Docker image: codepost-env-37:1769729251
INFO 2026-01-30 20:48:11 Cleaned up 1 old images for env 37
INFO 2026-01-30 20:48:11 Build successful for env 37
INFO 2026-01-30 20:48:11 Task autograder.run.BuildEnvironment[80555256-ea33-4f6a-bf7a-6a22f5553716] succeeded in 2.2581980300019495s: {'success': True, 'image': 'codepost-env-37:1769806089', 'logs': 'Starting build...
Timestamp: 2026-01-30 20:48:09
Using manifest: 
matplotlib
numpy
pandas
scikit-learn

Using build directories: 
[]

Building image codepost-env-37:1769806089...
Step 1/13 : FROM python:3.12-slim
 ---> 26ef4fe66ef2
Step 2/13 : RUN apt-get update && apt-get install -y bash make build-essential python3
 ---> Using cache
 ---> 1c3ab18d8658
Step 3/13 : RUN mkdir -m 777 /work
 ---> Using cache
 ---> ad86630d41dd
Step 4/13 : RUN useradd -m -d /home/codepost -s /bin/bash codepost
 ---> Using cache
 ---> d6a23b57b8f5
Step 5/13 : ENV HOME=/home/codepost
 ---> Using cache
 ---> fa6d7de21817
Step 6/13 : RUN mkdir -p /home/codepost && chown -R codepost:codepost /home/codepost
 ---> Using cache
 ---> 3fab3d2b4a81
Step 7/13 : RUN mkdir -p /shared && chmod 555 /shared
 ---> Using cache
 ---> 6fd5fd86a220
Step 8/13 : RUN ln -s /shared /home/codepost/shared
 ---> Using cache
 ---> 906130c7241a
Step 9/13 : RUN ln -s /shared /work/shared
 --->...', ...
INFO 2026-01-30 20:48:11 Task autograder.run.AutoDetectEnvironment[252dc4c7-9128-42bc-b9b3-5311191c8ae8] succeeded in 2.289712026991765s: None
INFO 2026-01-30 20:48:11 [AutoDetect] Scanning 9 assignment files for Env 37
INFO 2026-01-30 20:48:11 [AutoDetect] Detected language: python-3.12
INFO 2026-01-30 20:48:11 [AutoDetect] Requirements changed (New: 43 chars)
INFO 2026-01-30 20:48:11 [AutoDetect] Updating Environment to python-3.12 and building.
INFO 2026-01-30 20:48:11 [BuildEnvironment] Triggering auto-detection for env 37
INFO 2026-01-30 20:48:11 [AutoDetect] Local modules identified: {'python', 'test_script_27', 'test_script_26', 'test_script_25'}
DEBUG 2026-01-30 20:48:11 Starting new HTTPS connection (1): pypi.org:443
DEBUG 2026-01-30 20:48:11 https://pypi.org:443 "HEAD /pypi/client/json HTTP/1.1" 404 0
INFO 2026-01-30 20:48:11 [AutoDetect] Package 'client' not found on PyPI (Status 404).
WARNING 2026-01-30 20:48:11 [AutoDetect] Package 'client' not found on PyPI. Assuming local/private module and skipping.
DEBUG 2026-01-30 20:48:11 Starting new HTTPS connection (1): pypi.org:443
DEBUG 2026-01-30 20:48:11 https://pypi.org:443 "HEAD /pypi/numpy/json HTTP/1.1" 200 0
INFO 2026-01-30 20:48:11 [AutoDetect] Package 'numpy' verified on PyPI.
DEBUG 2026-01-30 20:48:11 Starting new HTTPS connection (1): pypi.org:443
DEBUG 2026-01-30 20:48:11 https://pypi.org:443 "HEAD /pypi/matplotlib/json HTTP/1.1" 200 0
INFO 2026-01-30 20:48:11 [AutoDetect] Package 'matplotlib' verified on PyPI.
DEBUG 2026-01-30 20:48:11 Starting new HTTPS connection (1): pypi.org:443
DEBUG 2026-01-30 20:48:11 https://pypi.org:443 "HEAD /pypi/pandas/json HTTP/1.1" 200 0
INFO 2026-01-30 20:48:11 [AutoDetect] Package 'pandas' verified on PyPI.
DEBUG 2026-01-30 20:48:11 Starting new HTTPS connection (1): pypi.org:443
DEBUG 2026-01-30 20:48:11 https://pypi.org:443 "HEAD /pypi/scikit-learn/json HTTP/1.1" 200 0
INFO 2026-01-30 20:48:11 [AutoDetect] Package 'scikit-learn' verified on PyPI.
DEBUG 2026-01-30 20:48:11 Starting new HTTPS connection (1): pypi.org:443
DEBUG 2026-01-30 20:48:11 https://pypi.org:443 "HEAD /pypi/client/json HTTP/1.1" 404 0
INFO 2026-01-30 20:48:11 [AutoDetect] Package 'client' not found on PyPI (Status 404).
WARNING 2026-01-30 20:48:11 [AutoDetect] Package 'client' not found on PyPI. Assuming local/private module and skipping.
INFO 2026-01-30 20:48:11 Auto-detect: Updated requirements for Env 37 to 'matplotlib
numpy
pandas
scikit-learn'
DEBUG 2026-01-30 20:48:11 Trying paths: ['/staff/users/mk1800/.docker/config.json', '/staff/users/mk1800/.dockercfg']
DEBUG 2026-01-30 20:48:11 No config file found
DEBUG 2026-01-30 20:48:11 Trying paths: ['/staff/users/mk1800/.docker/config.json', '/staff/users/mk1800/.dockercfg']
DEBUG 2026-01-30 20:48:11 No config file found
DEBUG 2026-01-30 20:48:11 http://localhost:None "GET /version HTTP/1.1" 200 831
INFO 2026-01-30 20:48:11 [Builder] Starting build for env 37
DEBUG 2026-01-30 20:48:11 Looking for auth config
DEBUG 2026-01-30 20:48:11 No auth config in memory - loading from filesystem
DEBUG 2026-01-30 20:48:11 Trying paths: ['/staff/users/mk1800/.docker/config.json', '/staff/users/mk1800/.dockercfg']
DEBUG 2026-01-30 20:48:11 No config file found
DEBUG 2026-01-30 20:48:11 Sending auth config ()
DEBUG 2026-01-30 20:48:11 http://localhost:None "POST /v1.53/build?t=codepost-env-37%3A1769806091&q=False&nocache=False&rm=True&forcerm=False&pull=False HTTP/1.1" 200 None
INFO 2026-01-30 20:48:11 [Builder] Fixing cache permissions for codepost-env-37:1769806091
DEBUG 2026-01-30 20:48:11 http://localhost:None "POST /v1.53/containers/create HTTP/1.1" 201 88
DEBUG 2026-01-30 20:48:11 http://localhost:None "GET /v1.53/containers/c6211ca8c18d76e3df7a7ca58fe623e96b8f8c5337a47f8a80ec6f6dc561de02/json HTTP/1.1" 200 None
DEBUG 2026-01-30 20:48:11 http://localhost:None "POST /v1.53/containers/c6211ca8c18d76e3df7a7ca58fe623e96b8f8c5337a47f8a80ec6f6dc561de02/start HTTP/1.1" 204 0
DEBUG 2026-01-30 20:48:11 http://localhost:None "GET /v1.53/containers/c6211ca8c18d76e3df7a7ca58fe623e96b8f8c5337a47f8a80ec6f6dc561de02/logs?stderr=0&stdout=1&timestamps=0&follow=1&tail=all HTTP/1.1" 200 None
DEBUG 2026-01-30 20:48:11 http://localhost:None "GET /v1.53/containers/c6211ca8c18d76e3df7a7ca58fe623e96b8f8c5337a47f8a80ec6f6dc561de02/json HTTP/1.1" 200 None
DEBUG 2026-01-30 20:48:11 http://localhost:None "POST /v1.53/containers/c6211ca8c18d76e3df7a7ca58fe623e96b8f8c5337a47f8a80ec6f6dc561de02/wait HTTP/1.1" 200 None
DEBUG 2026-01-30 20:48:11 http://localhost:None "DELETE /v1.53/containers/c6211ca8c18d76e3df7a7ca58fe623e96b8f8c5337a47f8a80ec6f6dc561de02?v=False&link=False&force=False HTTP/1.1" 204 0
INFO 2026-01-30 20:48:11 [Builder] Successfully fixed permissions for: ['/tmp/pip-cache']
INFO 2026-01-30 20:48:11 [Builder] Verifying image codepost-env-37:1769806091...
DEBUG 2026-01-30 20:48:11 http://localhost:None "POST /v1.53/containers/create HTTP/1.1" 201 88
DEBUG 2026-01-30 20:48:11 http://localhost:None "GET /v1.53/containers/96560ed07d2e7918e6e81f559e0f92a773373866f8ec74fd65ef5cc03313f2d0/json HTTP/1.1" 200 None
DEBUG 2026-01-30 20:48:11 http://localhost:None "POST /v1.53/containers/96560ed07d2e7918e6e81f559e0f92a773373866f8ec74fd65ef5cc03313f2d0/start HTTP/1.1" 204 0
DEBUG 2026-01-30 20:48:11 http://localhost:None "GET /v1.53/containers/96560ed07d2e7918e6e81f559e0f92a773373866f8ec74fd65ef5cc03313f2d0/logs?stderr=1&stdout=1&timestamps=0&follow=1&tail=all HTTP/1.1" 200 None
DEBUG 2026-01-30 20:48:11 http://localhost:None "GET /v1.53/containers/96560ed07d2e7918e6e81f559e0f92a773373866f8ec74fd65ef5cc03313f2d0/json HTTP/1.1" 200 None
DEBUG 2026-01-30 20:48:11 http://localhost:None "POST /v1.53/containers/96560ed07d2e7918e6e81f559e0f92a773373866f8ec74fd65ef5cc03313f2d0/wait HTTP/1.1" 200 None
DEBUG 2026-01-30 20:48:13 http://localhost:None "DELETE /v1.53/containers/96560ed07d2e7918e6e81f559e0f92a773373866f8ec74fd65ef5cc03313f2d0?v=False&link=False&force=False HTTP/1.1" 204 0
INFO 2026-01-30 20:48:13 [Builder] Verification passed for codepost-env-37:1769806091
INFO 2026-01-30 20:48:13 Saved image version 1 for env 37
DEBUG 2026-01-30 20:48:13 Trying paths: ['/staff/users/mk1800/.docker/config.json', '/staff/users/mk1800/.dockercfg']
DEBUG 2026-01-30 20:48:13 No config file found
DEBUG 2026-01-30 20:48:13 Trying paths: ['/staff/users/mk1800/.docker/config.json', '/staff/users/mk1800/.dockercfg']
DEBUG 2026-01-30 20:48:13 No config file found
DEBUG 2026-01-30 20:48:13 http://localhost:None "GET /version HTTP/1.1" 200 831
DEBUG 2026-01-30 20:48:13 http://localhost:None "GET /v1.53/images/json?only_ids=0&all=0 HTTP/1.1" 200 None
DEBUG 2026-01-30 20:48:13 http://localhost:None "GET /v1.53/images/sha256:75f28becc59595e7e9c117239e9a8da73658045c41e19676249f4cdb27cd32be/json HTTP/1.1" 200 1961
DEBUG 2026-01-30 20:48:13 http://localhost:None "GET /v1.53/images/sha256:00d5ee293b90ba0353b3888667ebfcb7a8bc58fa3004c5c7c65c8dda669a16c8/json HTTP/1.1" 200 1983
DEBUG 2026-01-30 20:48:13 http://localhost:None "GET /v1.53/images/sha256:9b9b79653cc4d7ed8028470056a2de5642ed9e3ec23fdd639a9698b2058bad8a/json HTTP/1.1" 200 None
DEBUG 2026-01-30 20:48:13 http://localhost:None "GET /v1.53/images/sha256:8a8dc38075766490a9142cdd1a76f90411de7e445f0fd9254308c4d8d130ec2e/json HTTP/1.1" 200 None
DEBUG 2026-01-30 20:48:13 http://localhost:None "GET /v1.53/images/sha256:069d84515af0f5bfe0cbe50517b2cb130ca43f6d00889286190fd3d9b58e2689/json HTTP/1.1" 200 None
DEBUG 2026-01-30 20:48:13 http://localhost:None "GET /v1.53/images/sha256:3146f8dfbd5d2188481d4c7d04c5a1e9ffe4664c7aee0dd8bf8e9b7808b0cbd2/json HTTP/1.1" 200 None
DEBUG 2026-01-30 20:48:13 http://localhost:None "GET /v1.53/images/sha256:0cba4e35327ba384221f8875a39ca9965ab491048e9dc2b1d1d936c8ba34a168/json HTTP/1.1" 200 None
DEBUG 2026-01-30 20:48:13 http://localhost:None "GET /v1.53/images/sha256:6f2b6bf7227855c0982ab91342e77f274cbd4b2c122fc023ba53acff5face0dd/json HTTP/1.1" 200 None
DEBUG 2026-01-30 20:48:13 http://localhost:None "GET /v1.53/images/sha256:5232eee5d470b5ae3e424c6c72eb46e9cf53e854cf99b6199715baec424c84e0/json HTTP/1.1" 200 None
DEBUG 2026-01-30 20:48:13 http://localhost:None "GET /v1.53/images/sha256:0803ec6aeeff3daaa7ddc84ec96dc9928afdbaf02a2f9c27f6c65f24e0f7176b/json HTTP/1.1" 200 None
DEBUG 2026-01-30 20:48:13 http://localhost:None "GET /v1.53/images/sha256:7c525a7a2a6f0977afbdd0a3a252b5c9f7be333a7d180dd0b4f6604e0b1c5c17/json HTTP/1.1" 200 None
DEBUG 2026-01-30 20:48:13 http://localhost:None "GET /v1.53/images/sha256:e3f1cd0ec0bd95c7fe219d301a4af15081f19eace1c6d71268b15139b29608cc/json HTTP/1.1" 200 None
DEBUG 2026-01-30 20:48:13 http://localhost:None "GET /v1.53/images/sha256:8cf61f9698eae6b8e0163ebef2885482790fba25ae777c0f74cd86caaad011f7/json HTTP/1.1" 200 None
DEBUG 2026-01-30 20:48:13 http://localhost:None "GET /v1.53/images/sha256:af86d0f68e850da2160592328cd789a567038be9fa31636d621bd68bc764b020/json HTTP/1.1" 200 None
DEBUG 2026-01-30 20:48:13 http://localhost:None "GET /v1.53/images/sha256:31b08ca4c740501aca61790bc00df2f3002cf7ab5592cd07e14d088e7eca582c/json HTTP/1.1" 200 None
DEBUG 2026-01-30 20:48:13 http://localhost:None "GET /v1.53/images/sha256:fdade1556fb6709a014ffd71f1d5dfbf6f2a868c55619e0824b1cddb664c5ee4/json HTTP/1.1" 200 None
DEBUG 2026-01-30 20:48:13 http://localhost:None "GET /v1.53/images/sha256:8520c18331fb8d119b7e55f2795800a54ebb18b579a506f1fd8b3159fd5190ae/json HTTP/1.1" 200 None
DEBUG 2026-01-30 20:48:13 http://localhost:None "GET /v1.53/images/sha256:ea255ac0982bacb853e3f0ea07165efd25481837e5859b4769df14b22deb7c38/json HTTP/1.1" 200 None
DEBUG 2026-01-30 20:48:13 http://localhost:None "GET /v1.53/images/sha256:ab0e88649c10983d9ef0686ef3140b28b7b9f0e67fde6cca9726f9851c5de6a4/json HTTP/1.1" 200 None
DEBUG 2026-01-30 20:48:13 http://localhost:None "GET /v1.53/images/sha256:00b264a53a9447924b6b5c218a60dea1d4700e3d42ac71b4e70bc623bc296a90/json HTTP/1.1" 200 None
DEBUG 2026-01-30 20:48:13 http://localhost:None "GET /v1.53/images/sha256:bb885ad8bb03f271a17b1472841d5fe706de3043d164cc5fbd130002e41a8df4/json HTTP/1.1" 200 None
DEBUG 2026-01-30 20:48:13 http://localhost:None "GET /v1.53/images/sha256:9c128a997295ec5b29f9a0071460c4951cee56b56533367c3501231c4c717cbf/json HTTP/1.1" 200 None
DEBUG 2026-01-30 20:48:13 http://localhost:None "GET /v1.53/images/sha256:318c8c854d40907376af4285540619b28fa82669679d27235ce2b7b055b0cc42/json HTTP/1.1" 200 None
DEBUG 2026-01-30 20:48:13 http://localhost:None "GET /v1.53/images/sha256:1d7270537ee67640992b2da9d97393a2969938b98e67f84188f38906ce52869c/json HTTP/1.1" 200 None
DEBUG 2026-01-30 20:48:13 http://localhost:None "GET /v1.53/images/sha256:8bb22b5d83c92714f4927a1e6001851a46670952786c757a6ee20abce3d7ef9e/json HTTP/1.1" 200 None
DEBUG 2026-01-30 20:48:13 http://localhost:None "GET /v1.53/images/sha256:2206da8a81d32dffba7c0bfda0c7cc985abdf84b993a2bc87b91ab3ddaeb926b/json HTTP/1.1" 200 None
DEBUG 2026-01-30 20:48:13 http://localhost:None "GET /v1.53/images/sha256:a44aff0298e729faaad8c93853e16127fdfbe4e2056e49b8861a41cc8e2e45a4/json HTTP/1.1" 200 None
DEBUG 2026-01-30 20:48:13 http://localhost:None "GET /v1.53/images/sha256:a3a01cbec24a6a34e73f62f0d6501212947f52891b7a37d9c18a6e879b9adea0/json HTTP/1.1" 200 None
DEBUG 2026-01-30 20:48:13 http://localhost:None "GET /v1.53/images/sha256:a4273b24581fc30cfbd704ef5ab866a9cd1b75fb535030da6f66344a35b163c5/json HTTP/1.1" 200 None
DEBUG 2026-01-30 20:48:13 http://localhost:None "GET /v1.53/images/sha256:86c8941557468b85691acaa8d4ba8bfe23737462a106ba1de85cb143493892ac/json HTTP/1.1" 200 None
DEBUG 2026-01-30 20:48:13 http://localhost:None "GET /v1.53/images/sha256:b75e302f258920aff4d3f37429b67b5b058a98f428e47be12d6387e63cc581b4/json HTTP/1.1" 200 None
DEBUG 2026-01-30 20:48:13 http://localhost:None "GET /v1.53/images/sha256:cf0f2a5d9356d1e8774aad1a0b9c077e844c92e94da45358bb8185ad6d1b0f06/json HTTP/1.1" 200 None
DEBUG 2026-01-30 20:48:13 http://localhost:None "GET /v1.53/images/sha256:ef7df835fa71b3223a2ba70106d409ba824760ca96b467c07e1f5595a5275311/json HTTP/1.1" 200 None
DEBUG 2026-01-30 20:48:13 http://localhost:None "GET /v1.53/images/sha256:054dd89c915727260561a0447dc70c6ca1ad521bfc27b1f182962726d31db1ed/json HTTP/1.1" 200 None
DEBUG 2026-01-30 20:48:13 http://localhost:None "GET /v1.53/images/sha256:6782e4ce796720c5350e03b82ff3db0b2f940f6e80759f56bf66ca863fa9b5b7/json HTTP/1.1" 200 None
DEBUG 2026-01-30 20:48:13 http://localhost:None "GET /v1.53/images/sha256:c76878f13983bffb5e90fadbcd496cb9ad87ddd7e7d0486072855731fda9de22/json HTTP/1.1" 200 None
DEBUG 2026-01-30 20:48:13 http://localhost:None "GET /v1.53/images/sha256:a350197848e332df8511351b0463fc9f1079bfa9df7ae35a9475ce8f3e049ccb/json HTTP/1.1" 200 None
DEBUG 2026-01-30 20:48:13 http://localhost:None "GET /v1.53/images/sha256:cff84411e6fd563aac48973c65c792a7abf332140ad6e21da8bdfd2c2b202006/json HTTP/1.1" 200 None
DEBUG 2026-01-30 20:48:13 http://localhost:None "GET /v1.53/images/sha256:e73ecb9c6637a529d2e9c01611ef62df03985a1af51a405fe0bbf8079673a1da/json HTTP/1.1" 200 None
DEBUG 2026-01-30 20:48:13 http://localhost:None "GET /v1.53/images/sha256:917a33429a04e9fffdc34d3b93839267ad1eb2e4099593c2904100aa0d001932/json HTTP/1.1" 200 None
DEBUG 2026-01-30 20:48:13 http://localhost:None "GET /v1.53/images/sha256:790cea274a954d87b8f1abf4bf7272acf9f4bc44b737d5cc3bd1e9d28f952370/json HTTP/1.1" 200 None
DEBUG 2026-01-30 20:48:13 http://localhost:None "GET /v1.53/images/sha256:886ebc2926f447a11510f0a95c33550fb07aaae36dbdc9307c1023c2fe698cb9/json HTTP/1.1" 200 None
DEBUG 2026-01-30 20:48:13 http://localhost:None "GET /v1.53/images/sha256:38f2b0e7cf33ede552079a383d2bacfad9b0dc34eb19186bd18cf10e58857d8e/json HTTP/1.1" 200 None
DEBUG 2026-01-30 20:48:13 http://localhost:None "GET /v1.53/images/sha256:41e20010625e45996754ce86d2cb23f05f3d39ae04603443c8449aa8670a4aa5/json HTTP/1.1" 200 None
DEBUG 2026-01-30 20:48:13 http://localhost:None "GET /v1.53/images/sha256:265c9691ce569ee574d75a0561ecc65826b50cbab1ce0c9e3452b6de753f2e50/json HTTP/1.1" 200 None
DEBUG 2026-01-30 20:48:13 http://localhost:None "GET /v1.53/images/sha256:3f3defada426eeb25aab85b3c6f5f23b50690f5fb94feaba7bc07f3375428ea7/json HTTP/1.1" 200 None
DEBUG 2026-01-30 20:48:13 http://localhost:None "GET /v1.53/images/sha256:100a55b30bac9c43dcddb357cf1f0475a07c7025c5f764eb64eb74c5cf36c9a0/json HTTP/1.1" 200 None
DEBUG 2026-01-30 20:48:13 http://localhost:None "GET /v1.53/images/sha256:f01aa34e022f306c90d81587a4e36e3a7b9478ede15fa7f84d969124290cb483/json HTTP/1.1" 200 None
DEBUG 2026-01-30 20:48:13 http://localhost:None "GET /v1.53/images/sha256:47c520293824d381a7b8ca763fa2aa11a9b12c5cc6b8d451497450ce307cd422/json HTTP/1.1" 200 None
DEBUG 2026-01-30 20:48:13 http://localhost:None "GET /v1.53/images/sha256:5317c055574c301786e61e8bb99373d904bc4a81142cd7ec0e8d626f0ad878ea/json HTTP/1.1" 200 None
DEBUG 2026-01-30 20:48:13 http://localhost:None "GET /v1.53/images/sha256:9e110acd3e58916e75744ef57c5b26ed06f04dac64e5374ea1cdc3ca76475ac9/json HTTP/1.1" 200 None
DEBUG 2026-01-30 20:48:13 http://localhost:None "GET /v1.53/images/sha256:42d24a44fb2982d2a2058ad0544b3a2744e0b2e59deef6fa23520e234afc3901/json HTTP/1.1" 200 None
DEBUG 2026-01-30 20:48:13 http://localhost:None "GET /v1.53/images/sha256:41b82680ba716402a3986e1ee61bf65545b925f457a2f95177d12ce9d9af9cce/json HTTP/1.1" 200 None
DEBUG 2026-01-30 20:48:13 http://localhost:None "GET /v1.53/images/sha256:269d023d4dae33b2626edbf21a2ab77058304460e3996e8418819aafd5c75b93/json HTTP/1.1" 200 None
DEBUG 2026-01-30 20:48:13 http://localhost:None "GET /v1.53/images/sha256:caea687ba968d15ea1a6a7b6e175b624925d9aa60d001b68e75a09fa5526cf1d/json HTTP/1.1" 200 None
DEBUG 2026-01-30 20:48:13 http://localhost:None "GET /v1.53/images/sha256:26ccd9668673c535ee24d99c8908971a411458d63576c44ca5172cd64e222f49/json HTTP/1.1" 200 None
DEBUG 2026-01-30 20:48:13 http://localhost:None "GET /v1.53/images/sha256:ed81778796802f5ac8e20015b5c331249d6000d3e53572e7771816999790dcf9/json HTTP/1.1" 200 None
DEBUG 2026-01-30 20:48:13 http://localhost:None "GET /v1.53/images/sha256:589e7acade81a86a979d6cf2683b822b7f6a8978bb47a7cfeca1b3d5e7bb4efb/json HTTP/1.1" 200 None
DEBUG 2026-01-30 20:48:13 http://localhost:None "GET /v1.53/images/sha256:088f1290ee8e16f14d4ba9c42a1e02531f3427827f8e72562c998bd51f5d831a/json HTTP/1.1" 200 None
DEBUG 2026-01-30 20:48:13 http://localhost:None "GET /v1.53/images/sha256:f1df85aea69d6178c6463a9ad7e981cb749e0210f42ab2c016708e21e9e1ed35/json HTTP/1.1" 200 None
DEBUG 2026-01-30 20:48:13 http://localhost:None "GET /v1.53/images/sha256:4d881f73f0a551786d0c4fcc8de8260e695c255f8307351d1ffe2a6a80840998/json HTTP/1.1" 200 None
DEBUG 2026-01-30 20:48:13 http://localhost:None "GET /v1.53/images/sha256:43525abb513e2a550da26180f24246f579f11953f1082ec2253f982c379e39d8/json HTTP/1.1" 200 None
DEBUG 2026-01-30 20:48:13 http://localhost:None "GET /v1.53/images/sha256:6a3f5cc4e848a7111d1d271f276809992f506647ae65e2ca3b71c444b09f1980/json HTTP/1.1" 200 None
DEBUG 2026-01-30 20:48:13 http://localhost:None "GET /v1.53/images/sha256:c17328f7d217f52a4d7938c91cd82de7b8217dc6a42e4044b54393b4a66b8377/json HTTP/1.1" 200 None
DEBUG 2026-01-30 20:48:13 http://localhost:None "GET /v1.53/images/sha256:9b8fa828000184251b7db7c86632bad6fb806e1762c66ec5354d4eed73b18b93/json HTTP/1.1" 200 None
DEBUG 2026-01-30 20:48:13 http://localhost:None "GET /v1.53/images/sha256:ada42f94071c962169b85d20199d172144aa0acd9a8696b86ac2a5c9967ce48c/json HTTP/1.1" 200 None
DEBUG 2026-01-30 20:48:13 http://localhost:None "GET /v1.53/images/sha256:b0e31122575931feff5b17758d70e8d778a36b17ef84a99d0aedca2f075cfc9f/json HTTP/1.1" 200 None
DEBUG 2026-01-30 20:48:13 http://localhost:None "GET /v1.53/images/sha256:804a24a0a3896ca8b42ce61264f9c0b4cba2d1d4af1f35a9c3933246f7fedf4b/json HTTP/1.1" 200 None
DEBUG 2026-01-30 20:48:13 http://localhost:None "GET /v1.53/images/sha256:b98455d76ca5b4de03ffacfbaf854c0b0cd86052fd94d7878d749a5c73b531af/json HTTP/1.1" 200 None
DEBUG 2026-01-30 20:48:13 http://localhost:None "GET /v1.53/images/sha256:6897c714b339b5efe2d1660fd1ffcdf1cfd9fa233a01176ae66a0e01b43a6f4e/json HTTP/1.1" 200 None
DEBUG 2026-01-30 20:48:13 http://localhost:None "GET /v1.53/images/sha256:a276dcb49c802621ec38b2a637073cd9d06c1f3d91ca06e08df41be5b8f28855/json HTTP/1.1" 200 None
DEBUG 2026-01-30 20:48:13 http://localhost:None "GET /v1.53/images/sha256:a4488fa8e155e470970d08fcacaf172c8100e1f4db25a87828bf8b771b038fbf/json HTTP/1.1" 200 None
DEBUG 2026-01-30 20:48:13 http://localhost:None "GET /v1.53/images/sha256:c571bb4612d373ef7782dca8ebd977d949de0d27b314cf89d8ff116e5a801750/json HTTP/1.1" 200 None
DEBUG 2026-01-30 20:48:13 http://localhost:None "GET /v1.53/images/sha256:ee00ec42549c1ad10891689379cd476b6ebb659748dc37e2815398e21a363886/json HTTP/1.1" 200 None
DEBUG 2026-01-30 20:48:13 http://localhost:None "GET /v1.53/images/sha256:3feeae32ffb0f5bb8dda4380ddde06ddc2e679a37a2b21266a2f2ddd952e2850/json HTTP/1.1" 200 None
DEBUG 2026-01-30 20:48:13 http://localhost:None "GET /v1.53/images/sha256:a192761a05e231df756e81cc2bf7160f424c851ec1c52256c78fe39ce97c62f8/json HTTP/1.1" 200 None
DEBUG 2026-01-30 20:48:13 http://localhost:None "GET /v1.53/images/sha256:62c586014cb9357a7482e6edb4eb2d5265d20e2439520dea95be9023a1bf5d50/json HTTP/1.1" 200 None
DEBUG 2026-01-30 20:48:13 http://localhost:None "GET /v1.53/images/sha256:fcfee58c28b4c1c63c7f2e546313aa6e31f5f347dbc4eabf26b669b944f26b5d/json HTTP/1.1" 200 None
DEBUG 2026-01-30 20:48:13 http://localhost:None "GET /v1.53/images/sha256:378ea62be68390a2660a9ae74a45414bf6c5f99bc165242fb761947af7e48c62/json HTTP/1.1" 200 None
DEBUG 2026-01-30 20:48:13 http://localhost:None "GET /v1.53/images/sha256:7b3877118b51946e52fd1ac3db58446dcee09be292174b6afe5eac749c7d8858/json HTTP/1.1" 200 None
DEBUG 2026-01-30 20:48:13 http://localhost:None "GET /v1.53/images/sha256:0fa170430545405cd22fe8d72250a36b6b81b99d1e4274abf58c48c53114b46b/json HTTP/1.1" 200 None
DEBUG 2026-01-30 20:48:13 http://localhost:None "GET /v1.53/images/sha256:33aab2b664f5ef6f1e917a59289e1d56bcb78dae759e44806f464a914462add7/json HTTP/1.1" 200 None
DEBUG 2026-01-30 20:48:13 http://localhost:None "GET /v1.53/images/sha256:dcba73cb5cb1aea394b424cacf8898d19c1b6641e76f4bd4903dd32d5194a729/json HTTP/1.1" 200 None
DEBUG 2026-01-30 20:48:13 http://localhost:None "GET /v1.53/images/sha256:1bc0851a2690ea5524970328d92ee77db7c07d638eb73b796092872fea3ce89f/json HTTP/1.1" 200 None
DEBUG 2026-01-30 20:48:13 http://localhost:None "GET /v1.53/images/sha256:466a1d4593dd1932f1129204e821fde12d1e1c446a19cceb3c35d18c7f9fdf52/json HTTP/1.1" 200 None
DEBUG 2026-01-30 20:48:13 http://localhost:None "GET /v1.53/images/sha256:c7f547f14e6deeae6d10417a16e7d505b1ddf8dd213780798e46c0e85d19ae24/json HTTP/1.1" 200 None
DEBUG 2026-01-30 20:48:13 http://localhost:None "GET /v1.53/images/sha256:4ebe955245bb1067cc308f203603ca6617b17e21c3ac657b7c6378cda8810861/json HTTP/1.1" 200 None
DEBUG 2026-01-30 20:48:13 http://localhost:None "GET /v1.53/images/sha256:e4839a5a32ee64758eef8d23a13255f647071977ceb4030c42625f35ad2b39a2/json HTTP/1.1" 200 None
DEBUG 2026-01-30 20:48:13 http://localhost:None "GET /v1.53/images/sha256:c1351c51487f2a6df5a5f1fb49ebb1729c91e7276b6c2d231efff74c28db5863/json HTTP/1.1" 200 None
DEBUG 2026-01-30 20:48:13 http://localhost:None "GET /v1.53/images/sha256:bb179261237ca829fa8f5652549255a30fc28d619a7b51ebfb25bd8e6ed50b09/json HTTP/1.1" 200 None
DEBUG 2026-01-30 20:48:13 http://localhost:None "GET /v1.53/images/sha256:42f1b6053ffca61995b72d2a3a1d9a7930fe7e483f250e8f12010aabb24cd0b3/json HTTP/1.1" 200 None
DEBUG 2026-01-30 20:48:13 http://localhost:None "GET /v1.53/images/sha256:af8d80685513b35f38ae2972a4bc5376fd6b86928b19a74a1b87390de5ece5c0/json HTTP/1.1" 200 None
DEBUG 2026-01-30 20:48:13 http://localhost:None "GET /v1.53/images/sha256:e87e163f5b3ed6b033ce51491c147b11b9fe055aa403630de387886cca4f6172/json HTTP/1.1" 200 None
DEBUG 2026-01-30 20:48:13 http://localhost:None "GET /v1.53/images/sha256:35b894ddeb2fc54663dee533b259a61d175e2eec5ac166ad1520a9c0239424c2/json HTTP/1.1" 200 None
DEBUG 2026-01-30 20:48:13 http://localhost:None "GET /v1.53/images/sha256:3aa5de724481f10190e823c170328fefcf59bb593c550c4cd11e91b93fa10884/json HTTP/1.1" 200 None
DEBUG 2026-01-30 20:48:13 http://localhost:None "GET /v1.53/images/sha256:94b60ac614d6861528dfb3101c5647986618a9f0a0e06f225df791fcaba70c0a/json HTTP/1.1" 200 None
DEBUG 2026-01-30 20:48:13 http://localhost:None "GET /v1.53/images/sha256:9b22442c8f9adae221cedb093db563794ab53fe185e0ca9f10c380a18c04e8df/json HTTP/1.1" 200 None
DEBUG 2026-01-30 20:48:13 http://localhost:None "GET /v1.53/images/sha256:4ad558171b68fc9266b79fea13b74b88a0a2b74223d7a3b4463b0fecc2052850/json HTTP/1.1" 200 None
DEBUG 2026-01-30 20:48:13 http://localhost:None "GET /v1.53/images/sha256:29ac680f66eb23a0ae003ecf98bbedd2a71eaebe035b24c69e9d17227194b05e/json HTTP/1.1" 200 None
DEBUG 2026-01-30 20:48:13 http://localhost:None "GET /v1.53/images/sha256:0c87be4eae3108663b18bea481d152393c9ff288170c226818cb277390f21447/json HTTP/1.1" 200 None
DEBUG 2026-01-30 20:48:13 http://localhost:None "GET /v1.53/images/sha256:7dfd68b1e3fa7996e97fc46c1cf3c51ef948f0fd4e298f36df43506191604d45/json HTTP/1.1" 200 None
DEBUG 2026-01-30 20:48:13 http://localhost:None "GET /v1.53/images/sha256:fe003b0970420aa8c861295e254366ac53d35e1fcda29264c76c7682f58b6349/json HTTP/1.1" 200 None
DEBUG 2026-01-30 20:48:13 http://localhost:None "GET /v1.53/images/sha256:461c7f134b8d5274c217c7823b6a3dc1a669503db424a499f4b5dfe3f1a6ff69/json HTTP/1.1" 200 None
DEBUG 2026-01-30 20:48:13 http://localhost:None "GET /v1.53/images/sha256:21980f01ab9667c7d2309255555b93b6bc6d1c4c1d0144723bf8ee1faba0ec0f/json HTTP/1.1" 200 None
DEBUG 2026-01-30 20:48:13 http://localhost:None "GET /v1.53/images/sha256:d333a4730e8186437bce3ecb5aa93d05206767400dfb2352628fccf45931ddc3/json HTTP/1.1" 200 None
DEBUG 2026-01-30 20:48:13 http://localhost:None "GET /v1.53/images/sha256:fa826b6f8287476cecebd199d1976a1cf131a0ee0d43b44d335dde3b3a399dd3/json HTTP/1.1" 200 None
DEBUG 2026-01-30 20:48:13 http://localhost:None "GET /v1.53/images/sha256:1269ef81d57ea6ae2ec23f91bb0b3e89e7846dbc20f83ba0c2f5a97294a77cdf/json HTTP/1.1" 200 None
DEBUG 2026-01-30 20:48:13 http://localhost:None "GET /v1.53/images/sha256:544f31e8015aa66dd8ff3af0441527cac0c6ed24bbd6ad9133bf7c8caecc5e04/json HTTP/1.1" 200 None
DEBUG 2026-01-30 20:48:13 http://localhost:None "GET /v1.53/images/sha256:62fde55f8a3d7b7b221361b88369936623e5bb2b4ab071a0469d1e499469f67c/json HTTP/1.1" 200 None
DEBUG 2026-01-30 20:48:13 http://localhost:None "GET /v1.53/images/sha256:dccc1d91b516b4c6f0dd8d53b8f28c1035b530a676b800ec7b33fa1e071ae245/json HTTP/1.1" 200 None
DEBUG 2026-01-30 20:48:13 http://localhost:None "GET /v1.53/images/sha256:1463b037bb3b370b1cd2e6b5f3c5e6a23650c20c541b0f5f004e50e0b2132913/json HTTP/1.1" 200 None
DEBUG 2026-01-30 20:48:13 http://localhost:None "GET /v1.53/images/sha256:57792cad9eddc0dfe69d01168ae6f092386dc6405780eded17bffd0f7ca9e989/json HTTP/1.1" 200 None
DEBUG 2026-01-30 20:48:13 http://localhost:None "GET /v1.53/images/sha256:e042d9bf38b6f15829808fae9f23b4b5126804a1f041d1f5df480ee988205aa4/json HTTP/1.1" 200 None
DEBUG 2026-01-30 20:48:13 http://localhost:None "GET /v1.53/images/sha256:3decb39578c4422532fea22a2dc41191cd3e92244acc95c95e2a94cc4549c602/json HTTP/1.1" 200 None
DEBUG 2026-01-30 20:48:13 http://localhost:None "GET /v1.53/images/sha256:7b91f13a6e7d2600e1bd69276271cee19e9aede902235863204a28cccae8d413/json HTTP/1.1" 200 None
DEBUG 2026-01-30 20:48:13 http://localhost:None "GET /v1.53/images/sha256:9425c557e957bd9c426a52e07cccccf383e09d253b402a29298dbebd92194bac/json HTTP/1.1" 200 None
DEBUG 2026-01-30 20:48:13 http://localhost:None "GET /v1.53/images/sha256:f30e1ad6756ffe0239547b44f4061c14716aa7c64d2dd7e6966e841a144b85c4/json HTTP/1.1" 200 None
DEBUG 2026-01-30 20:48:13 http://localhost:None "GET /v1.53/images/sha256:6bab055204cf8800c09a999744ba17c6c9208f528c7d30f5906e9d343cee1df2/json HTTP/1.1" 200 1548
DEBUG 2026-01-30 20:48:13 http://localhost:None "GET /v1.53/images/sha256:1d4d92a8cb2a9ec6eebd8e8c39886d7267c8608654a9969e0627f24875c70d27/json HTTP/1.1" 200 1845
DEBUG 2026-01-30 20:48:13 http://localhost:None "GET /v1.53/images/sha256:7b6b298bf068c79bfb0c8a5cac5df81528da1c565f7c6d5cb1f7ea3223265071/json HTTP/1.1" 200 1853
DEBUG 2026-01-30 20:48:13 http://localhost:None "GET /v1.53/images/sha256:12c4526cf0b1b79646964b83058be0d13c5d5fdee52c95d4fab0ec5be3e52e35/json HTTP/1.1" 200 None
DEBUG 2026-01-30 20:48:13 http://localhost:None "GET /v1.53/images/sha256:841ecde3f502255d90fb19aa3fb0dc37c9655dc58d7e8f307cb276b6a89ff0c7/json HTTP/1.1" 200 None
DEBUG 2026-01-30 20:48:13 http://localhost:None "GET /v1.53/images/sha256:fd886c540a4a7c9593472e335384d76aeb43e52dfe5a17c96cdf3a8689187f81/json HTTP/1.1" 200 1962
DEBUG 2026-01-30 20:48:13 http://localhost:None "GET /v1.53/images/sha256:f88649c36faf909b52722bb2e25c3d743839192eccb7ebd7f1fcec8acdc32d5a/json HTTP/1.1" 200 None
DEBUG 2026-01-30 20:48:13 http://localhost:None "GET /v1.53/images/sha256:26ef4fe66ef23f401facd721c2794a8eb9b0f97b1c44c9ac98052e6c441a580d/json HTTP/1.1" 200 1674
DEBUG 2026-01-30 20:48:13 http://localhost:None "GET /v1.53/images/sha256:213b6b26f8c6c45cca5d17d9d7ab2e0a98cced7f585ec57ef6bc572d20ac36f9/json HTTP/1.1" 200 1683
DEBUG 2026-01-30 20:48:13 http://localhost:None "GET /v1.53/images/sha256:706db57fb2063f39f69632c5b5c9c439633fda35110e65587c5d85553fd1cc38/json HTTP/1.1" 200 979
DEBUG 2026-01-30 20:48:13 http://localhost:None "GET /v1.53/images/sha256:466e5b1da2ef27f8c769875a8b17a50edcb0731ac9207b47b0e22306d95362bd/json HTTP/1.1" 200 None
DEBUG 2026-01-30 20:48:13 http://localhost:None "GET /v1.53/images/sha256:22e8fc0c55f4cd2af9e640d8a58f3acba86981634ba56ad7dec7bc693c740425/json HTTP/1.1" 200 None
DEBUG 2026-01-30 20:48:13 http://localhost:None "GET /v1.53/images/sha256:068a0004c667653902d7716fd4353fa1842a02ad2bff3d5028eedb85243c61c3/json HTTP/1.1" 200 None
DEBUG 2026-01-30 20:48:13 http://localhost:None "GET /v1.53/images/sha256:31c9ef1ed3c1db5dbef4cd97f263943ef7724b743f69525481b1e583b0ce194c/json HTTP/1.1" 200 None
DEBUG 2026-01-30 20:48:13 http://localhost:None "GET /v1.53/images/sha256:c7f066e66b2cf0d4e4b0c7b6f9e63f9472f27222ce5e0175bbce4ff3cd956665/json HTTP/1.1" 200 None
DEBUG 2026-01-30 20:48:13 http://localhost:None "GET /v1.53/images/sha256:96f0eb102aaea2830a263a78df83da820ea6922e3f2edf64661b9dc950621391/json HTTP/1.1" 200 None
DEBUG 2026-01-30 20:48:13 http://localhost:None "GET /v1.53/images/sha256:4395bc725d56bb471ce9f8d52e3fea1724b5d09ad25e4214bb93f02c8e7bad49/json HTTP/1.1" 200 None
DEBUG 2026-01-30 20:48:13 http://localhost:None "GET /v1.53/images/sha256:38c88e4a72b5539544fad78d5459fb98966ab8c3fda954462c31b5b31ed8fe09/json HTTP/1.1" 200 None
DEBUG 2026-01-30 20:48:13 http://localhost:None "GET /v1.53/images/sha256:842f6ba74e6a810b8b2d5af5727bd064313cff56cd0530ad1f631b6e327e6615/json HTTP/1.1" 200 None
DEBUG 2026-01-30 20:48:13 http://localhost:None "GET /v1.53/images/sha256:f72348ce3757367572f0ca69b7ac1131e1b24163e4867fb411855456cf1e8fd7/json HTTP/1.1" 200 None
DEBUG 2026-01-30 20:48:13 http://localhost:None "GET /v1.53/images/sha256:66044c209f920a59bc0cbbaa42f67e80ef5c9df0c88cfef7bf877c508f0a58f2/json HTTP/1.1" 200 1731
DEBUG 2026-01-30 20:48:13 http://localhost:None "GET /v1.53/images/sha256:41f689c209100e6cadf3ce7fdd02035e90dbd1d586716bf8fc6ea55c365b2d81/json HTTP/1.1" 200 None
DEBUG 2026-01-30 20:48:13 http://localhost:None "GET /v1.53/images/sha256:3ccf43d36f1dd3e4a345d7d9844067f85b095098812b9ac2199ebc41df7be4c8/json HTTP/1.1" 200 None
DEBUG 2026-01-30 20:48:13 http://localhost:None "GET /v1.53/images/sha256:2bce4057858129ecd9243bf9bd07cc10d0b0ef81460d6798af85d6c518c5f607/json HTTP/1.1" 200 None
DEBUG 2026-01-30 20:48:13 http://localhost:None "GET /v1.53/images/sha256:07bb7d6acc265e404ebd132b4784081803892c6f7b67d76324ddac74e07c83f4/json HTTP/1.1" 200 None
DEBUG 2026-01-30 20:48:13 http://localhost:None "GET /v1.53/images/sha256:e64c713b3583c7003979857f85f2403af438d778f02022cf780e6f380ca1abcf/json HTTP/1.1" 200 None
DEBUG 2026-01-30 20:48:13 http://localhost:None "GET /v1.53/images/sha256:099f4583c7016ad65b83beeeb71690eea37b09ee361eab516e0ac9fd3ceb09e1/json HTTP/1.1" 200 None
DEBUG 2026-01-30 20:48:13 http://localhost:None "GET /v1.53/images/sha256:f9a80a55f492e823bf5d51f1bd5f87ea3eed1cb31788686aa99a2fb61a27af6a/json HTTP/1.1" 200 1065
DEBUG 2026-01-30 20:48:13 http://localhost:None "GET /v1.53/images/sha256:f9337e3a560fe3434c052fd813f80f71a57087e833889900a9265fecde82bbd1/json HTTP/1.1" 200 1590
DEBUG 2026-01-30 20:48:13 Trying paths: ['/staff/users/mk1800/.docker/config.json', '/staff/users/mk1800/.dockercfg']
DEBUG 2026-01-30 20:48:13 No config file found
DEBUG 2026-01-30 20:48:13 Trying paths: ['/staff/users/mk1800/.docker/config.json', '/staff/users/mk1800/.dockercfg']
DEBUG 2026-01-30 20:48:13 No config file found
DEBUG 2026-01-30 20:48:13 http://localhost:None "GET /version HTTP/1.1" 200 831
DEBUG 2026-01-30 20:48:13 http://localhost:None "GET /v1.53/containers/json?limit=-1&all=1&size=0&trunc_cmd=0&filters=%7B%22ancestor%22%3A+%5B%22codepost-env-37%3A1769794550%22%5D%7D HTTP/1.1" 200 3
DEBUG 2026-01-30 20:48:13 http://localhost:None "DELETE /v1.53/images/codepost-env-37:1769794550?force=True&noprune=False HTTP/1.1" 200 44
INFO 2026-01-30 20:48:13 Deleted Docker image: codepost-env-37:1769794550
INFO 2026-01-30 20:48:13 Cleaned up 1 old images for env 37
INFO 2026-01-30 20:48:13 Build successful for env 37
INFO 2026-01-30 20:48:13 Task autograder.run.BuildEnvironment[780afc8b-eece-4817-8797-287626a5e71c] succeeded in 2.104035347001627s: {'success': True, 'image': 'codepost-env-37:1769806091', 'logs': 'Starting build...
Timestamp: 2026-01-30 20:48:11
Using manifest: 
matplotlib
numpy
pandas
scikit-learn

Using build directories: 
[]

Building image codepost-env-37:1769806091...
Step 1/13 : FROM python:3.12-slim
 ---> 26ef4fe66ef2
Step 2/13 : RUN apt-get update && apt-get install -y bash make build-essential python3
 ---> Using cache
 ---> 1c3ab18d8658
Step 3/13 : RUN mkdir -m 777 /work
 ---> Using cache
 ---> ad86630d41dd
Step 4/13 : RUN useradd -m -d /home/codepost -s /bin/bash codepost
 ---> Using cache
 ---> d6a23b57b8f5
Step 5/13 : ENV HOME=/home/codepost
 ---> Using cache
 ---> fa6d7de21817
Step 6/13 : RUN mkdir -p /home/codepost && chown -R codepost:codepost /home/codepost
 ---> Using cache
 ---> 3fab3d2b4a81
Step 7/13 : RUN mkdir -p /shared && chmod 555 /shared
 ---> Using cache
 ---> 6fd5fd86a220
Step 8/13 : RUN ln -s /shared /home/codepost/shared
 ---> Using cache
 ---> 906130c7241a
Step 9/13 : RUN ln -s /shared /work/shared
 --->...', ...
INFO 2026-01-30 20:48:13 Task autograder.run.AutoDetectEnvironment[3dcb6de0-f9b1-4ede-9058-3e4da8f405b6] succeeded in 2.128547192987753s: None
[30/Jan/2026 20:48:13] "POST /assignmentFiles/ HTTP/1.1" 201 39251
[30/Jan/2026 20:48:13] "OPTIONS /testCategoryResources/ HTTP/1.1" 200 0
[30/Jan/2026 20:48:13] "POST /testCategoryResources/ HTTP/1.1" 201 39373
[30/Jan/2026 20:48:13] "GET /testCategories/27/ HTTP/1.1" 200 44180
[30/Jan/2026 20:48:16] "GET /assignments/46/rubric/ HTTP/1.1" 200 2805
[30/Jan/2026 20:48:21] "POST /token-refresh/ HTTP/1.1" 200 339
[30/Jan/2026 20:48:23] "POST /token-refresh/ HTTP/1.1" 200 339
[30/Jan/2026 20:48:24] "GET /assignments/46/rubric/ HTTP/1.1" 200 2805
[30/Jan/2026 20:48:31] "GET /assignments/46/rubric/ HTTP/1.1" 200 2805
[30/Jan/2026 20:48:46] "GET /assignments/46/rubric/ HTTP/1.1" 200 2805
[30/Jan/2026 20:49:01] "GET /assignments/46/rubric/ HTTP/1.1" 200 2805
[30/Jan/2026 20:49:08] "POST /token-refresh/ HTTP/1.1" 200 339
[30/Jan/2026 20:49:16] "GET /assignments/46/rubric/ HTTP/1.1" 200 2805
[30/Jan/2026 20:49:25] "GET /assignments/46/rubric/ HTTP/1.1" 200 2805
[30/Jan/2026 20:49:31] "GET /assignments/46/rubric/ HTTP/1.1" 200 2805
[30/Jan/2026 20:49:46] "GET /assignments/46/rubric/ HTTP/1.1" 200 2805
[30/Jan/2026 20:50:01] "GET /assignments/46/rubric/ HTTP/1.1" 200 2805
[30/Jan/2026 20:50:05] "POST /token-refresh/ HTTP/1.1" 200 339
[30/Jan/2026 20:50:16] "GET /assignments/46/rubric/ HTTP/1.1" 200 2805
[30/Jan/2026 20:50:25] "GET /assignments/46/rubric/ HTTP/1.1" 200 2805
[30/Jan/2026 20:50:31] "GET /assignments/46/rubric/ HTTP/1.1" 200 2805
[30/Jan/2026 20:50:46] "GET /assignments/46/rubric/ HTTP/1.1" 200 2805
[30/Jan/2026 20:51:02] "GET /assignments/46/rubric/ HTTP/1.1" 200 2805
[30/Jan/2026 20:51:17] "GET /assignments/46/rubric/ HTTP/1.1" 200 2805
[30/Jan/2026 20:51:25] "GET /assignments/46/rubric/ HTTP/1.1" 200 2805
[30/Jan/2026 20:51:32] "GET /assignments/46/rubric/ HTTP/1.1" 200 2805
[30/Jan/2026 20:51:47] "GET /assignments/46/rubric/ HTTP/1.1" 200 2805
[30/Jan/2026 20:52:02] "GET /assignments/46/rubric/ HTTP/1.1" 200 2805
[30/Jan/2026 20:52:17] "GET /assignments/46/rubric/ HTTP/1.1" 200 2805
[30/Jan/2026 20:52:25] "GET /assignments/46/rubric/ HTTP/1.1" 200 2805
[30/Jan/2026 20:52:33] "GET /assignments/46/rubric/ HTTP/1.1" 200 2805
[30/Jan/2026 20:52:48] "GET /assignments/46/rubric/ HTTP/1.1" 200 2805
[30/Jan/2026 20:53:00] "POST /token-refresh/ HTTP/1.1" 200 339
[30/Jan/2026 20:53:03] "GET /assignments/46/rubric/ HTTP/1.1" 200 2805
[30/Jan/2026 20:53:06] "POST /token-refresh/ HTTP/1.1" 200 339
[30/Jan/2026 20:53:06] "POST /token-refresh/ HTTP/1.1" 200 339
[30/Jan/2026 20:53:18] "GET /assignments/46/rubric/ HTTP/1.1" 200 2805
[30/Jan/2026 20:53:20] "POST /token-refresh/ HTTP/1.1" 200 339
[30/Jan/2026 20:53:22] "POST /token-refresh/ HTTP/1.1" 200 339
[30/Jan/2026 20:53:25] "GET /assignments/46/rubric/ HTTP/1.1" 200 2805
[30/Jan/2026 20:53:33] "GET /assignments/46/rubric/ HTTP/1.1" 200 2805
[30/Jan/2026 20:53:48] "GET /assignments/46/rubric/ HTTP/1.1" 200 2805
[30/Jan/2026 20:54:04] "GET /assignments/46/rubric/ HTTP/1.1" 200 2805
[30/Jan/2026 20:54:07] "POST /token-refresh/ HTTP/1.1" 200 339
[30/Jan/2026 20:54:19] "GET /assignments/46/rubric/ HTTP/1.1" 200 2805
[30/Jan/2026 20:54:25] "GET /assignments/46/rubric/ HTTP/1.1" 200 2805
[30/Jan/2026 20:54:27] "GET /assignments/46/ HTTP/1.1" 200 1164
{"event": "FilePermissions: Checking permissions for File object (207) of type <class 'core.models.AssignmentFile'>", "timestamp": "2026-01-30T20:54:27.829527Z"}
{"event": "FilePermissions: Delegating to AssignmentPermissions for assignment 46", "timestamp": "2026-01-30T20:54:27.831052Z"}
[30/Jan/2026 20:54:27] "GET /assignmentFiles/207/ HTTP/1.1" 200 41043
{"event": "FilePermissions: Checking permissions for File object (211) of type <class 'core.models.AssignmentFile'>", "timestamp": "2026-01-30T20:54:27.863186Z"}
{"event": "FilePermissions: Checking permissions for File object (686) of type <class 'core.models.AssignmentFile'>", "timestamp": "2026-01-30T20:54:27.863416Z"}
{"event": "FilePermissions: Checking permissions for File object (209) of type <class 'core.models.AssignmentFile'>", "timestamp": "2026-01-30T20:54:27.863518Z"}
{"event": "FilePermissions: Delegating to AssignmentPermissions for assignment 46", "timestamp": "2026-01-30T20:54:27.867528Z"}
{"event": "FilePermissions: Delegating to AssignmentPermissions for assignment 46", "timestamp": "2026-01-30T20:54:27.867680Z"}
{"event": "FilePermissions: Delegating to AssignmentPermissions for assignment 46", "timestamp": "2026-01-30T20:54:27.867827Z"}
{"event": "FilePermissions: Checking permissions for File object (687) of type <class 'core.models.AssignmentFile'>", "timestamp": "2026-01-30T20:54:27.871352Z"}
[30/Jan/2026 20:54:27] "GET /assignmentFiles/686/ HTTP/1.1" 200 6097
[30/Jan/2026 20:54:27] "GET /assignmentFiles/209/ HTTP/1.1" 200 497
[30/Jan/2026 20:54:27] "GET /assignmentFiles/211/ HTTP/1.1" 200 5378
{"event": "FilePermissions: Delegating to AssignmentPermissions for assignment 46", "timestamp": "2026-01-30T20:54:27.873629Z"}
[30/Jan/2026 20:54:27] "GET /assignmentFiles/687/ HTTP/1.1" 200 6097
{"event": "FilePermissions: Checking permissions for File object (688) of type <class 'core.models.AssignmentFile'>", "timestamp": "2026-01-30T20:54:27.889597Z"}
{"event": "FilePermissions: Delegating to AssignmentPermissions for assignment 46", "timestamp": "2026-01-30T20:54:27.890876Z"}
[30/Jan/2026 20:54:27] "GET /assignmentFiles/688/ HTTP/1.1" 200 6097
{"event": "FilePermissions: Checking permissions for File object (208) of type <class 'core.models.AssignmentFile'>", "timestamp": "2026-01-30T20:54:27.898551Z"}
{"event": "FilePermissions: Delegating to AssignmentPermissions for assignment 46", "timestamp": "2026-01-30T20:54:27.899894Z"}
[30/Jan/2026 20:54:27] "GET /assignmentFiles/208/ HTTP/1.1" 200 6697
{"event": "FilePermissions: Checking permissions for File object (689) of type <class 'core.models.AssignmentFile'>", "timestamp": "2026-01-30T20:54:27.913263Z"}
{"event": "FilePermissions: Delegating to AssignmentPermissions for assignment 46", "timestamp": "2026-01-30T20:54:27.914606Z"}
[30/Jan/2026 20:54:27] "GET /assignmentFiles/689/ HTTP/1.1" 200 6097
[30/Jan/2026 20:54:27] "OPTIONS /assignmentFiles/690/ HTTP/1.1" 200 0
{"event": "FilePermissions: Checking permissions for File object (690) of type <class 'core.models.AssignmentFile'>", "timestamp": "2026-01-30T20:54:27.934035Z"}
{"event": "FilePermissions: Delegating to AssignmentPermissions for assignment 46", "timestamp": "2026-01-30T20:54:27.935392Z"}
[30/Jan/2026 20:54:27] "GET /assignmentFiles/690/ HTTP/1.1" 200 39251
[30/Jan/2026 20:54:27] "GET /assignments/46/datasets/ HTTP/1.1" 200 1142
[30/Jan/2026 20:54:34] "GET /assignments/46/rubric/ HTTP/1.1" 200 2805
Bad Request: /assignmentDataSets/
WARNING 2026-01-30 20:54:35 Bad Request: /assignmentDataSets/
[30/Jan/2026 20:54:35] "POST /assignmentDataSets/ HTTP/1.1" 400 76
[30/Jan/2026 20:54:49] "GET /assignments/46/rubric/ HTTP/1.1" 200 2805
[30/Jan/2026 20:55:04] "POST /token-refresh/ HTTP/1.1" 200 339
[30/Jan/2026 20:55:04] "GET /assignments/46/rubric/ HTTP/1.1" 200 2805
[30/Jan/2026 20:55:19] "GET /assignments/46/rubric/ HTTP/1.1" 200 2805
[30/Jan/2026 20:55:25] "GET /assignments/46/rubric/ HTTP/1.1" 200 2805
[30/Jan/2026 20:55:34] "GET /assignments/46/rubric/ HTTP/1.1" 200 2805
[30/Jan/2026 20:55:50] "GET /assignments/46/rubric/ HTTP/1.1" 200 2805
[30/Jan/2026 20:56:05] "GET /assignments/46/rubric/ HTTP/1.1" 200 2805
[30/Jan/2026 20:56:20] "GET /assignments/46/rubric/ HTTP/1.1" 200 2805
[30/Jan/2026 20:56:25] "GET /assignments/46/rubric/ HTTP/1.1" 200 2805
[30/Jan/2026 20:56:35] "GET /assignments/46/rubric/ HTTP/1.1" 200 2805
[30/Jan/2026 20:56:47] "GET /assignments/46/ HTTP/1.1" 200 1164
{"event": "FilePermissions: Checking permissions for File object (686) of type <class 'core.models.AssignmentFile'>", "timestamp": "2026-01-30T20:56:47.029087Z"}
{"event": "FilePermissions: Checking permissions for File object (208) of type <class 'core.models.AssignmentFile'>", "timestamp": "2026-01-30T20:56:47.032098Z"}
{"event": "FilePermissions: Checking permissions for File object (211) of type <class 'core.models.AssignmentFile'>", "timestamp": "2026-01-30T20:56:47.033163Z"}
{"event": "FilePermissions: Delegating to AssignmentPermissions for assignment 46", "timestamp": "2026-01-30T20:56:47.033540Z"}
{"event": "FilePermissions: Checking permissions for File object (207) of type <class 'core.models.AssignmentFile'>", "timestamp": "2026-01-30T20:56:47.033655Z"}
{"event": "FilePermissions: Checking permissions for File object (687) of type <class 'core.models.AssignmentFile'>", "timestamp": "2026-01-30T20:56:47.033765Z"}
{"event": "FilePermissions: Checking permissions for File object (209) of type <class 'core.models.AssignmentFile'>", "timestamp": "2026-01-30T20:56:47.034590Z"}
{"event": "FilePermissions: Delegating to AssignmentPermissions for assignment 46", "timestamp": "2026-01-30T20:56:47.035295Z"}
[30/Jan/2026 20:56:47] "GET /assignmentFiles/686/ HTTP/1.1" 200 6097
{"event": "FilePermissions: Delegating to AssignmentPermissions for assignment 46", "timestamp": "2026-01-30T20:56:47.038289Z"}
{"event": "FilePermissions: Delegating to AssignmentPermissions for assignment 46", "timestamp": "2026-01-30T20:56:47.040487Z"}
{"event": "FilePermissions: Delegating to AssignmentPermissions for assignment 46", "timestamp": "2026-01-30T20:56:47.040783Z"}
{"event": "FilePermissions: Delegating to AssignmentPermissions for assignment 46", "timestamp": "2026-01-30T20:56:47.041509Z"}
[30/Jan/2026 20:56:47] "GET /assignmentFiles/208/ HTTP/1.1" 200 6697
[30/Jan/2026 20:56:47] "GET /assignmentFiles/211/ HTTP/1.1" 200 5378
[30/Jan/2026 20:56:47] "GET /assignmentFiles/207/ HTTP/1.1" 200 41043
[30/Jan/2026 20:56:47] "GET /assignmentFiles/687/ HTTP/1.1" 200 6097
[30/Jan/2026 20:56:47] "GET /assignmentFiles/209/ HTTP/1.1" 200 497
{"event": "FilePermissions: Checking permissions for File object (688) of type <class 'core.models.AssignmentFile'>", "timestamp": "2026-01-30T20:56:47.050654Z"}
{"event": "FilePermissions: Delegating to AssignmentPermissions for assignment 46", "timestamp": "2026-01-30T20:56:47.051898Z"}
[30/Jan/2026 20:56:47] "GET /assignmentFiles/688/ HTTP/1.1" 200 6097
{"event": "FilePermissions: Checking permissions for File object (689) of type <class 'core.models.AssignmentFile'>", "timestamp": "2026-01-30T20:56:47.058462Z"}
{"event": "FilePermissions: Checking permissions for File object (690) of type <class 'core.models.AssignmentFile'>", "timestamp": "2026-01-30T20:56:47.058619Z"}
{"event": "FilePermissions: Delegating to AssignmentPermissions for assignment 46", "timestamp": "2026-01-30T20:56:47.060400Z"}
{"event": "FilePermissions: Delegating to AssignmentPermissions for assignment 46", "timestamp": "2026-01-30T20:56:47.060611Z"}
[30/Jan/2026 20:56:47] "GET /assignmentFiles/689/ HTTP/1.1" 200 6097
[30/Jan/2026 20:56:47] "GET /assignmentFiles/690/ HTTP/1.1" 200 39251
[30/Jan/2026 20:56:47] "GET /assignments/46/datasets/ HTTP/1.1" 200 1142
[30/Jan/2026 20:56:50] "GET /assignments/46/rubric/ HTTP/1.1" 200 2805
[30/Jan/2026 20:56:51] "GET /assignments/46/ HTTP/1.1" 200 1164
{"event": "FilePermissions: Checking permissions for File object (207) of type <class 'core.models.AssignmentFile'>", "timestamp": "2026-01-30T20:56:51.210564Z"}
{"event": "FilePermissions: Checking permissions for File object (208) of type <class 'core.models.AssignmentFile'>", "timestamp": "2026-01-30T20:56:51.212343Z"}
{"event": "FilePermissions: Checking permissions for File object (687) of type <class 'core.models.AssignmentFile'>", "timestamp": "2026-01-30T20:56:51.212980Z"}
{"event": "FilePermissions: Checking permissions for File object (211) of type <class 'core.models.AssignmentFile'>", "timestamp": "2026-01-30T20:56:51.213528Z"}
{"event": "FilePermissions: Checking permissions for File object (209) of type <class 'core.models.AssignmentFile'>", "timestamp": "2026-01-30T20:56:51.213999Z"}
{"event": "FilePermissions: Delegating to AssignmentPermissions for assignment 46", "timestamp": "2026-01-30T20:56:51.214236Z"}
{"event": "FilePermissions: Checking permissions for File object (686) of type <class 'core.models.AssignmentFile'>", "timestamp": "2026-01-30T20:56:51.214337Z"}
{"event": "FilePermissions: Delegating to AssignmentPermissions for assignment 46", "timestamp": "2026-01-30T20:56:51.217537Z"}
{"event": "FilePermissions: Delegating to AssignmentPermissions for assignment 46", "timestamp": "2026-01-30T20:56:51.220079Z"}
[30/Jan/2026 20:56:51] "GET /assignmentFiles/207/ HTTP/1.1" 200 41043
{"event": "FilePermissions: Delegating to AssignmentPermissions for assignment 46", "timestamp": "2026-01-30T20:56:51.220344Z"}
{"event": "FilePermissions: Delegating to AssignmentPermissions for assignment 46", "timestamp": "2026-01-30T20:56:51.220516Z"}
[30/Jan/2026 20:56:51] "GET /assignmentFiles/211/ HTTP/1.1" 200 5378
{"event": "FilePermissions: Delegating to AssignmentPermissions for assignment 46", "timestamp": "2026-01-30T20:56:51.222638Z"}
[30/Jan/2026 20:56:51] "GET /assignmentFiles/687/ HTTP/1.1" 200 6097
[30/Jan/2026 20:56:51] "GET /assignmentFiles/209/ HTTP/1.1" 200 497
[30/Jan/2026 20:56:51] "GET /assignmentFiles/208/ HTTP/1.1" 200 6697
[30/Jan/2026 20:56:51] "GET /assignmentFiles/686/ HTTP/1.1" 200 6097
{"event": "FilePermissions: Checking permissions for File object (688) of type <class 'core.models.AssignmentFile'>", "timestamp": "2026-01-30T20:56:51.235776Z"}
{"event": "FilePermissions: Checking permissions for File object (689) of type <class 'core.models.AssignmentFile'>", "timestamp": "2026-01-30T20:56:51.235934Z"}
{"event": "FilePermissions: Delegating to AssignmentPermissions for assignment 46", "timestamp": "2026-01-30T20:56:51.238282Z"}
{"event": "FilePermissions: Delegating to AssignmentPermissions for assignment 46", "timestamp": "2026-01-30T20:56:51.240657Z"}
[30/Jan/2026 20:56:51] "GET /assignmentFiles/688/ HTTP/1.1" 200 6097
{"event": "FilePermissions: Checking permissions for File object (690) of type <class 'core.models.AssignmentFile'>", "timestamp": "2026-01-30T20:56:51.240838Z"}
[30/Jan/2026 20:56:51] "GET /assignmentFiles/689/ HTTP/1.1" 200 6097
{"event": "FilePermissions: Delegating to AssignmentPermissions for assignment 46", "timestamp": "2026-01-30T20:56:51.243443Z"}
[30/Jan/2026 20:56:51] "GET /assignmentFiles/690/ HTTP/1.1" 200 39251
[30/Jan/2026 20:56:51] "GET /assignments/46/datasets/ HTTP/1.1" 200 1142
[30/Jan/2026 20:56:57] "GET /assignments/46/datasets/ HTTP/1.1" 200 1142
INFO 2026-01-30 20:56:57 [AssignmentDataSet] Created dataset 'data_1769806617407.csv' for assignment 46 by user admin
[30/Jan/2026 20:56:57] "POST /assignmentDataSets/ HTTP/1.1" 201 417
[30/Jan/2026 20:56:57] "POST /testCategoryResources/ HTTP/1.1" 201 528
[30/Jan/2026 20:56:57] "GET /testCategories/27/ HTTP/1.1" 200 44709
[30/Jan/2026 20:57:05] "GET /assignments/46/rubric/ HTTP/1.1" 200 2805
[30/Jan/2026 20:57:20] "GET /assignments/46/rubric/ HTTP/1.1" 200 2805
[30/Jan/2026 20:57:25] "GET /assignments/46/rubric/ HTTP/1.1" 200 2805
[30/Jan/2026 20:57:35] "GET /assignments/46/rubric/ HTTP/1.1" 200 2805
[30/Jan/2026 20:57:51] "GET /assignments/46/rubric/ HTTP/1.1" 200 2805
[30/Jan/2026 20:57:59] "POST /token-refresh/ HTTP/1.1" 200 339
[30/Jan/2026 20:58:05] "POST /token-refresh/ HTTP/1.1" 200 339
[30/Jan/2026 20:58:05] "POST /token-refresh/ HTTP/1.1" 200 339
[30/Jan/2026 20:58:06] "GET /assignments/46/rubric/ HTTP/1.1" 200 2805
[30/Jan/2026 20:58:09] "OPTIONS /testCategoryResources/5/ HTTP/1.1" 200 0
[30/Jan/2026 20:58:09] "DELETE /testCategoryResources/5/ HTTP/1.1" 204 0
[30/Jan/2026 20:58:09] "GET /testCategories/27/ HTTP/1.1" 200 44180
[30/Jan/2026 20:58:19] "POST /token-refresh/ HTTP/1.1" 200 339
[30/Jan/2026 20:58:21] "POST /token-refresh/ HTTP/1.1" 200 339
[30/Jan/2026 20:58:21] "GET /assignments/46/rubric/ HTTP/1.1" 200 2805
[30/Jan/2026 20:58:25] "GET /assignments/46/rubric/ HTTP/1.1" 200 2805
[30/Jan/2026 20:58:36] "GET /assignments/46/rubric/ HTTP/1.1" 200 2805
{"event": "FilePermissions: Checking permissions for File object (209) of type <class 'core.models.AssignmentFile'>", "timestamp": "2026-01-30T20:58:38.372083Z"}
{"event": "FilePermissions: Checking permissions for File object (208) of type <class 'core.models.AssignmentFile'>", "timestamp": "2026-01-30T20:58:38.373758Z"}
{"event": "FilePermissions: Checking permissions for File object (207) of type <class 'core.models.AssignmentFile'>", "timestamp": "2026-01-30T20:58:38.374644Z"}
{"event": "FilePermissions: Delegating to AssignmentPermissions for assignment 46", "timestamp": "2026-01-30T20:58:38.375480Z"}
{"event": "FilePermissions: Checking permissions for File object (211) of type <class 'core.models.AssignmentFile'>", "timestamp": "2026-01-30T20:58:38.375686Z"}
{"event": "FilePermissions: Delegating to AssignmentPermissions for assignment 46", "timestamp": "2026-01-30T20:58:38.378541Z"}
{"event": "FilePermissions: Checking permissions for File object (686) of type <class 'core.models.AssignmentFile'>", "timestamp": "2026-01-30T20:58:38.380353Z"}
{"event": "FilePermissions: Checking permissions for File object (687) of type <class 'core.models.AssignmentFile'>", "timestamp": "2026-01-30T20:58:38.380769Z"}
[30/Jan/2026 20:58:38] "GET /assignmentFiles/209/ HTTP/1.1" 200 497
{"event": "FilePermissions: Delegating to AssignmentPermissions for assignment 46", "timestamp": "2026-01-30T20:58:38.382479Z"}
{"event": "FilePermissions: Delegating to AssignmentPermissions for assignment 46", "timestamp": "2026-01-30T20:58:38.383125Z"}
{"event": "FilePermissions: Delegating to AssignmentPermissions for assignment 46", "timestamp": "2026-01-30T20:58:38.384759Z"}
[30/Jan/2026 20:58:38] "GET /assignmentFiles/208/ HTTP/1.1" 200 6697
{"event": "FilePermissions: Delegating to AssignmentPermissions for assignment 46", "timestamp": "2026-01-30T20:58:38.385640Z"}
[30/Jan/2026 20:58:38] "GET /assignmentFiles/211/ HTTP/1.1" 200 5378
[30/Jan/2026 20:58:38] "GET /assignmentFiles/686/ HTTP/1.1" 200 6097
[30/Jan/2026 20:58:38] "GET /assignmentFiles/207/ HTTP/1.1" 200 41043
[30/Jan/2026 20:58:38] "GET /assignmentFiles/687/ HTTP/1.1" 200 6097
{"event": "FilePermissions: Checking permissions for File object (688) of type <class 'core.models.AssignmentFile'>", "timestamp": "2026-01-30T20:58:38.394667Z"}
{"event": "FilePermissions: Delegating to AssignmentPermissions for assignment 46", "timestamp": "2026-01-30T20:58:38.395831Z"}
{"event": "FilePermissions: Checking permissions for File object (689) of type <class 'core.models.AssignmentFile'>", "timestamp": "2026-01-30T20:58:38.396796Z"}
[30/Jan/2026 20:58:38] "GET /assignmentFiles/688/ HTTP/1.1" 200 6097
{"event": "FilePermissions: Delegating to AssignmentPermissions for assignment 46", "timestamp": "2026-01-30T20:58:38.399680Z"}
[30/Jan/2026 20:58:38] "GET /assignmentFiles/689/ HTTP/1.1" 200 6097
{"event": "FilePermissions: Checking permissions for File object (209) of type <class 'core.models.AssignmentFile'>", "timestamp": "2026-01-30T20:58:38.409174Z"}
{"event": "FilePermissions: Checking permissions for File object (207) of type <class 'core.models.AssignmentFile'>", "timestamp": "2026-01-30T20:58:38.410029Z"}
[30/Jan/2026 20:58:38] "GET /assignments/46/datasets/ HTTP/1.1" 200 1560
{"event": "FilePermissions: Checking permissions for File object (208) of type <class 'core.models.AssignmentFile'>", "timestamp": "2026-01-30T20:58:38.411058Z"}
{"event": "FilePermissions: Delegating to AssignmentPermissions for assignment 46", "timestamp": "2026-01-30T20:58:38.412627Z"}
{"event": "FilePermissions: Delegating to AssignmentPermissions for assignment 46", "timestamp": "2026-01-30T20:58:38.412780Z"}
{"event": "FilePermissions: Delegating to AssignmentPermissions for assignment 46", "timestamp": "2026-01-30T20:58:38.413710Z"}
[30/Jan/2026 20:58:38] "GET /assignmentFiles/207/ HTTP/1.1" 200 41043
[30/Jan/2026 20:58:38] "GET /assignmentFiles/209/ HTTP/1.1" 200 497
[30/Jan/2026 20:58:38] "GET /assignmentFiles/208/ HTTP/1.1" 200 6697
{"event": "FilePermissions: Checking permissions for File object (686) of type <class 'core.models.AssignmentFile'>", "timestamp": "2026-01-30T20:58:38.452153Z"}
{"event": "FilePermissions: Delegating to AssignmentPermissions for assignment 46", "timestamp": "2026-01-30T20:58:38.453265Z"}
[30/Jan/2026 20:58:38] "GET /assignmentFiles/686/ HTTP/1.1" 200 6097
{"event": "FilePermissions: Checking permissions for File object (211) of type <class 'core.models.AssignmentFile'>", "timestamp": "2026-01-30T20:58:38.466223Z"}
{"event": "FilePermissions: Checking permissions for File object (687) of type <class 'core.models.AssignmentFile'>", "timestamp": "2026-01-30T20:58:38.466710Z"}
{"event": "FilePermissions: Delegating to AssignmentPermissions for assignment 46", "timestamp": "2026-01-30T20:58:38.468140Z"}
{"event": "FilePermissions: Delegating to AssignmentPermissions for assignment 46", "timestamp": "2026-01-30T20:58:38.468656Z"}
[30/Jan/2026 20:58:38] "GET /assignmentFiles/211/ HTTP/1.1" 200 5378
[30/Jan/2026 20:58:38] "GET /assignmentFiles/687/ HTTP/1.1" 200 6097
{"event": "FilePermissions: Checking permissions for File object (688) of type <class 'core.models.AssignmentFile'>", "timestamp": "2026-01-30T20:58:38.476372Z"}
{"event": "FilePermissions: Checking permissions for File object (689) of type <class 'core.models.AssignmentFile'>", "timestamp": "2026-01-30T20:58:38.478163Z"}
{"event": "FilePermissions: Delegating to AssignmentPermissions for assignment 46", "timestamp": "2026-01-30T20:58:38.479203Z"}
{"event": "FilePermissions: Delegating to AssignmentPermissions for assignment 46", "timestamp": "2026-01-30T20:58:38.482168Z"}
[30/Jan/2026 20:58:38] "GET /assignmentFiles/688/ HTTP/1.1" 200 6097
[30/Jan/2026 20:58:38] "GET /assignments/46/datasets/ HTTP/1.1" 200 1560
[30/Jan/2026 20:58:38] "GET /assignmentFiles/689/ HTTP/1.1" 200 6097
{"event": "FilePermissions: Checking permissions for File object (207) of type <class 'core.models.AssignmentFile'>", "timestamp": "2026-01-30T20:58:38.508803Z"}
{"event": "FilePermissions: Delegating to AssignmentPermissions for assignment 46", "timestamp": "2026-01-30T20:58:38.510074Z"}
[30/Jan/2026 20:58:38] "GET /assignmentFiles/207/ HTTP/1.1" 200 41043
{"event": "FilePermissions: Checking permissions for File object (209) of type <class 'core.models.AssignmentFile'>", "timestamp": "2026-01-30T20:58:38.523694Z"}
{"event": "FilePermissions: Delegating to AssignmentPermissions for assignment 46", "timestamp": "2026-01-30T20:58:38.524696Z"}
[30/Jan/2026 20:58:38] "GET /assignmentFiles/209/ HTTP/1.1" 200 497
{"event": "FilePermissions: Checking permissions for File object (208) of type <class 'core.models.AssignmentFile'>", "timestamp": "2026-01-30T20:58:38.527827Z"}
{"event": "FilePermissions: Delegating to AssignmentPermissions for assignment 46", "timestamp": "2026-01-30T20:58:38.528905Z"}
[30/Jan/2026 20:58:38] "GET /assignmentFiles/208/ HTTP/1.1" 200 6697
{"event": "FilePermissions: Checking permissions for File object (686) of type <class 'core.models.AssignmentFile'>", "timestamp": "2026-01-30T20:58:38.541880Z"}
{"event": "FilePermissions: Checking permissions for File object (687) of type <class 'core.models.AssignmentFile'>", "timestamp": "2026-01-30T20:58:38.542347Z"}
{"event": "FilePermissions: Checking permissions for File object (211) of type <class 'core.models.AssignmentFile'>", "timestamp": "2026-01-30T20:58:38.543143Z"}
{"event": "FilePermissions: Delegating to AssignmentPermissions for assignment 46", "timestamp": "2026-01-30T20:58:38.544078Z"}
{"event": "FilePermissions: Delegating to AssignmentPermissions for assignment 46", "timestamp": "2026-01-30T20:58:38.545051Z"}
{"event": "FilePermissions: Delegating to AssignmentPermissions for assignment 46", "timestamp": "2026-01-30T20:58:38.546461Z"}
[30/Jan/2026 20:58:38] "GET /assignmentFiles/686/ HTTP/1.1" 200 6097
[30/Jan/2026 20:58:38] "GET /assignmentFiles/687/ HTTP/1.1" 200 6097
[30/Jan/2026 20:58:38] "GET /assignmentFiles/211/ HTTP/1.1" 200 5378
{"event": "FilePermissions: Checking permissions for File object (688) of type <class 'core.models.AssignmentFile'>", "timestamp": "2026-01-30T20:58:38.566630Z"}
{"event": "FilePermissions: Delegating to AssignmentPermissions for assignment 46", "timestamp": "2026-01-30T20:58:38.567710Z"}
[30/Jan/2026 20:58:38] "GET /assignmentFiles/688/ HTTP/1.1" 200 6097
[30/Jan/2026 20:58:38] "GET /assignments/46/datasets/ HTTP/1.1" 200 1560
{"event": "FilePermissions: Checking permissions for File object (689) of type <class 'core.models.AssignmentFile'>", "timestamp": "2026-01-30T20:58:38.588157Z"}
{"event": "FilePermissions: Delegating to AssignmentPermissions for assignment 46", "timestamp": "2026-01-30T20:58:38.589236Z"}
[30/Jan/2026 20:58:38] "GET /assignmentFiles/689/ HTTP/1.1" 200 6097
{"event": "FilePermissions: Checking permissions for File object (209) of type <class 'core.models.AssignmentFile'>", "timestamp": "2026-01-30T20:58:38.605754Z"}
{"event": "FilePermissions: Checking permissions for File object (208) of type <class 'core.models.AssignmentFile'>", "timestamp": "2026-01-30T20:58:38.606721Z"}
{"event": "FilePermissions: Delegating to AssignmentPermissions for assignment 46", "timestamp": "2026-01-30T20:58:38.608169Z"}
{"event": "FilePermissions: Delegating to AssignmentPermissions for assignment 46", "timestamp": "2026-01-30T20:58:38.608717Z"}
{"event": "FilePermissions: Checking permissions for File object (207) of type <class 'core.models.AssignmentFile'>", "timestamp": "2026-01-30T20:58:38.608857Z"}
[30/Jan/2026 20:58:38] "GET /assignmentFiles/209/ HTTP/1.1" 200 497
[30/Jan/2026 20:58:38] "GET /assignmentFiles/208/ HTTP/1.1" 200 6697
{"event": "FilePermissions: Delegating to AssignmentPermissions for assignment 46", "timestamp": "2026-01-30T20:58:38.612853Z"}
[30/Jan/2026 20:58:38] "GET /assignmentFiles/207/ HTTP/1.1" 200 41043
{"event": "FilePermissions: Checking permissions for File object (686) of type <class 'core.models.AssignmentFile'>", "timestamp": "2026-01-30T20:58:38.624941Z"}
{"event": "FilePermissions: Delegating to AssignmentPermissions for assignment 46", "timestamp": "2026-01-30T20:58:38.625954Z"}
[30/Jan/2026 20:58:38] "GET /assignmentFiles/686/ HTTP/1.1" 200 6097
{"event": "FilePermissions: Checking permissions for File object (687) of type <class 'core.models.AssignmentFile'>", "timestamp": "2026-01-30T20:58:38.635675Z"}
{"event": "FilePermissions: Delegating to AssignmentPermissions for assignment 46", "timestamp": "2026-01-30T20:58:38.636785Z"}
[30/Jan/2026 20:58:38] "GET /assignmentFiles/687/ HTTP/1.1" 200 6097
{"event": "FilePermissions: Checking permissions for File object (211) of type <class 'core.models.AssignmentFile'>", "timestamp": "2026-01-30T20:58:38.643781Z"}
{"event": "FilePermissions: Delegating to AssignmentPermissions for assignment 46", "timestamp": "2026-01-30T20:58:38.644763Z"}
[30/Jan/2026 20:58:38] "GET /assignmentFiles/211/ HTTP/1.1" 200 5378
{"event": "FilePermissions: Checking permissions for File object (688) of type <class 'core.models.AssignmentFile'>", "timestamp": "2026-01-30T20:58:38.667838Z"}
{"event": "FilePermissions: Delegating to AssignmentPermissions for assignment 46", "timestamp": "2026-01-30T20:58:38.670320Z"}
[30/Jan/2026 20:58:38] "GET /assignments/46/datasets/ HTTP/1.1" 200 1560
[30/Jan/2026 20:58:38] "GET /assignmentFiles/688/ HTTP/1.1" 200 6097
{"event": "FilePermissions: Checking permissions for File object (689) of type <class 'core.models.AssignmentFile'>", "timestamp": "2026-01-30T20:58:38.676380Z"}
{"event": "FilePermissions: Delegating to AssignmentPermissions for assignment 46", "timestamp": "2026-01-30T20:58:38.677438Z"}
[30/Jan/2026 20:58:38] "GET /assignmentFiles/689/ HTTP/1.1" 200 6097
[30/Jan/2026 20:58:48] "OPTIONS /assignmentDataSets/19/ HTTP/1.1" 200 0
INFO 2026-01-30 20:58:48 [AssignmentDataSet] Deleted dataset 19 ('data_1769806617407.csv') by user admin
[30/Jan/2026 20:58:48] "DELETE /assignmentDataSets/19/ HTTP/1.1" 204 0
[30/Jan/2026 20:58:48] "GET /assignments/46/datasets/ HTTP/1.1" 200 1142
/staff/users/mk1800/Development/codePost-api/core/models.py changed, reloading.
INFO 2026-01-30 20:58:51 /staff/users/mk1800/Development/codePost-api/core/models.py changed, reloading.
2026-01-30 20:58:52 [warning  ] insecure_secret_key            message='You are using the default secret key. This is insecure and should not be used in production.'
2026-01-30 20:58:52 [warning  ] insecure_allowed_hosts         message='You are using a wildcard ALLOWED_HOSTS. This is insecure and should not be used in production.'
Watching for file changes with StatReloader
INFO 2026-01-30 20:58:53 Watching for file changes with StatReloader
DEBUG 2026-01-30 20:58:54 Not in REPL -> leaving logger event level as is.
[30/Jan/2026 20:58:58] "OPTIONS /assignments/46/rubric/ HTTP/1.1" 200 0
[30/Jan/2026 20:58:58] "GET /assignments/46/rubric/ HTTP/1.1" 200 2805
[30/Jan/2026 20:59:06] "POST /token-refresh/ HTTP/1.1" 200 339
[30/Jan/2026 20:59:06] "GET /assignments/46/rubric/ HTTP/1.1" 200 2805
[30/Jan/2026 20:59:21] "GET /assignments/46/rubric/ HTTP/1.1" 200 2805
[30/Jan/2026 20:59:36] "GET /assignments/46/rubric/ HTTP/1.1" 200 2805
[30/Jan/2026 20:59:52] "GET /assignments/46/rubric/ HTTP/1.1" 200 2805
[30/Jan/2026 21:00:03] "POST /token-refresh/ HTTP/1.1" 200 339
[30/Jan/2026 21:00:07] "GET /assignments/46/rubric/ HTTP/1.1" 200 2805
[30/Jan/2026 21:00:22] "GET /assignments/46/rubric/ HTTP/1.1" 200 2805
[30/Jan/2026 21:00:37] "GET /assignments/46/rubric/ HTTP/1.1" 200 2805
[30/Jan/2026 21:00:52] "GET /assignments/46/rubric/ HTTP/1.1" 200 2805
[30/Jan/2026 21:01:07] "GET /assignments/46/rubric/ HTTP/1.1" 200 2805
[30/Jan/2026 21:01:22] "GET /assignments/46/rubric/ HTTP/1.1" 200 2805
[30/Jan/2026 21:01:37] "GET /assignments/46/rubric/ HTTP/1.1" 200 2805
[30/Jan/2026 21:01:52] "GET /assignments/46/rubric/ HTTP/1.1" 200 2805
[30/Jan/2026 21:02:07] "GET /assignments/46/rubric/ HTTP/1.1" 200 2805
[30/Jan/2026 21:02:23] "GET /assignments/46/rubric/ HTTP/1.1" 200 2805
[30/Jan/2026 21:02:38] "GET /assignments/46/rubric/ HTTP/1.1" 200 2805
[30/Jan/2026 21:02:53] "GET /assignments/46/rubric/ HTTP/1.1" 200 2805
[30/Jan/2026 21:02:58] "POST /token-refresh/ HTTP/1.1" 200 339
[30/Jan/2026 21:03:08] "GET /assignments/46/rubric/ HTTP/1.1" 200 2805
[30/Jan/2026 21:03:18] "POST /token-refresh/ HTTP/1.1" 200 339
[30/Jan/2026 21:03:20] "POST /token-refresh/ HTTP/1.1" 200 339
[30/Jan/2026 21:03:23] "GET /assignments/46/rubric/ HTTP/1.1" 200 2805
[30/Jan/2026 21:03:38] "GET /assignments/46/rubric/ HTTP/1.1" 200 2805
[30/Jan/2026 21:03:53] "GET /assignments/46/rubric/ HTTP/1.1" 200 2805
[30/Jan/2026 21:04:05] "POST /token-refresh/ HTTP/1.1" 200 339
[30/Jan/2026 21:04:09] "GET /assignments/46/rubric/ HTTP/1.1" 200 2805
[30/Jan/2026 21:04:24] "GET /assignments/46/rubric/ HTTP/1.1" 200 2805
[30/Jan/2026 21:04:39] "GET /assignments/46/rubric/ HTTP/1.1" 200 2805
[30/Jan/2026 21:04:54] "GET /assignments/46/rubric/ HTTP/1.1" 200 2805
[30/Jan/2026 21:05:02] "POST /token-refresh/ HTTP/1.1" 200 339
[30/Jan/2026 21:05:09] "GET /assignments/46/rubric/ HTTP/1.1" 200 2805
[30/Jan/2026 21:05:24] "GET /assignments/46/rubric/ HTTP/1.1" 200 2805
[30/Jan/2026 21:05:40] "GET /assignments/46/rubric/ HTTP/1.1" 200 2805
[30/Jan/2026 21:05:55] "GET /assignments/46/rubric/ HTTP/1.1" 200 2805
[30/Jan/2026 21:06:10] "GET /assignments/46/rubric/ HTTP/1.1" 200 2805
[30/Jan/2026 21:06:25] "GET /assignments/46/rubric/ HTTP/1.1" 200 2805
[30/Jan/2026 21:06:40] "GET /assignments/46/rubric/ HTTP/1.1" 200 2805
[30/Jan/2026 21:06:55] "GET /assignments/46/rubric/ HTTP/1.1" 200 2805
[30/Jan/2026 21:07:10] "GET /assignments/46/rubric/ HTTP/1.1" 200 2805
[30/Jan/2026 21:07:26] "GET /assignments/46/rubric/ HTTP/1.1" 200 2805
[30/Jan/2026 21:07:41] "GET /assignments/46/rubric/ HTTP/1.1" 200 2805
[30/Jan/2026 21:07:56] "GET /assignments/46/rubric/ HTTP/1.1" 200 2805
[30/Jan/2026 21:07:57] "POST /token-refresh/ HTTP/1.1" 200 339
[30/Jan/2026 21:08:11] "GET /assignments/46/rubric/ HTTP/1.1" 200 2805
[30/Jan/2026 21:08:17] "POST /token-refresh/ HTTP/1.1" 200 339
[30/Jan/2026 21:08:19] "POST /token-refresh/ HTTP/1.1" 200 339
[30/Jan/2026 21:08:26] "GET /assignments/46/rubric/ HTTP/1.1" 200 2805
[30/Jan/2026 21:08:41] "GET /assignments/46/rubric/ HTTP/1.1" 200 2805
[30/Jan/2026 21:08:57] "GET /assignments/46/rubric/ HTTP/1.1" 200 2805
[30/Jan/2026 21:09:04] "POST /token-refresh/ HTTP/1.1" 200 339
[30/Jan/2026 21:09:12] "GET /assignments/46/rubric/ HTTP/1.1" 200 2805
[30/Jan/2026 21:09:27] "GET /assignments/46/rubric/ HTTP/1.1" 200 2805
[30/Jan/2026 21:09:42] "GET /assignments/46/rubric/ HTTP/1.1" 200 2805
[30/Jan/2026 21:09:57] "GET /assignments/46/rubric/ HTTP/1.1" 200 2805
[30/Jan/2026 21:10:01] "POST /token-refresh/ HTTP/1.1" 200 339
[30/Jan/2026 21:10:12] "GET /assignments/46/rubric/ HTTP/1.1" 200 2805
[30/Jan/2026 21:10:27] "GET /assignments/46/rubric/ HTTP/1.1" 200 2805
[30/Jan/2026 21:10:42] "GET /assignments/46/rubric/ HTTP/1.1" 200 2805
[30/Jan/2026 21:10:57] "GET /assignments/46/rubric/ HTTP/1.1" 200 2805
[30/Jan/2026 21:11:13] "GET /assignments/46/rubric/ HTTP/1.1" 200 2805
[30/Jan/2026 21:11:28] "GET /assignments/46/rubric/ HTTP/1.1" 200 2805
[30/Jan/2026 21:11:43] "GET /assignments/46/rubric/ HTTP/1.1" 200 2805
[30/Jan/2026 21:11:58] "GET /assignments/46/rubric/ HTTP/1.1" 200 2805
[30/Jan/2026 21:12:13] "GET /assignments/46/rubric/ HTTP/1.1" 200 2805
[30/Jan/2026 21:12:28] "GET /assignments/46/rubric/ HTTP/1.1" 200 2805
[30/Jan/2026 21:12:43] "GET /assignments/46/rubric/ HTTP/1.1" 200 2805
[30/Jan/2026 21:12:56] "POST /token-refresh/ HTTP/1.1" 200 339
[30/Jan/2026 21:12:59] "GET /assignments/46/rubric/ HTTP/1.1" 200 2805
[30/Jan/2026 21:13:14] "GET /assignments/46/rubric/ HTTP/1.1" 200 2805
[30/Jan/2026 21:13:16] "POST /token-refresh/ HTTP/1.1" 200 339
[30/Jan/2026 21:13:18] "POST /token-refresh/ HTTP/1.1" 200 339
[30/Jan/2026 21:13:29] "GET /assignments/46/rubric/ HTTP/1.1" 200 2805
[30/Jan/2026 21:13:44] "GET /assignments/46/rubric/ HTTP/1.1" 200 2805
[30/Jan/2026 21:13:59] "GET /assignments/46/rubric/ HTTP/1.1" 200 2805
[30/Jan/2026 21:14:03] "POST /token-refresh/ HTTP/1.1" 200 339
[30/Jan/2026 21:14:15] "GET /assignments/46/rubric/ HTTP/1.1" 200 2805
[30/Jan/2026 21:14:30] "GET /assignments/46/rubric/ HTTP/1.1" 200 2805
[30/Jan/2026 21:14:45] "GET /assignments/46/rubric/ HTTP/1.1" 200 2805
[30/Jan/2026 21:15:00] "POST /token-refresh/ HTTP/1.1" 200 339
[30/Jan/2026 21:15:00] "GET /assignments/46/rubric/ HTTP/1.1" 200 2805
[30/Jan/2026 21:15:15] "GET /assignments/46/rubric/ HTTP/1.1" 200 2805
[30/Jan/2026 21:15:30] "GET /assignments/46/rubric/ HTTP/1.1" 200 2805
[30/Jan/2026 21:15:45] "GET /assignments/46/rubric/ HTTP/1.1" 200 2805
[30/Jan/2026 21:16:01] "GET /assignments/46/rubric/ HTTP/1.1" 200 2805
[30/Jan/2026 21:16:16] "GET /assignments/46/rubric/ HTTP/1.1" 200 2805
[30/Jan/2026 21:16:31] "GET /assignments/46/rubric/ HTTP/1.1" 200 2805
[30/Jan/2026 21:16:46] "GET /assignments/46/rubric/ HTTP/1.1" 200 2805
[30/Jan/2026 21:17:01] "GET /assignments/46/rubric/ HTTP/1.1" 200 2805
[30/Jan/2026 21:17:16] "GET /assignments/46/rubric/ HTTP/1.1" 200 2805
[30/Jan/2026 21:17:31] "GET /assignments/46/rubric/ HTTP/1.1" 200 2805
[30/Jan/2026 21:17:46] "GET /assignments/46/rubric/ HTTP/1.1" 200 2805
[30/Jan/2026 21:17:55] "POST /token-refresh/ HTTP/1.1" 200 339
[30/Jan/2026 21:18:02] "GET /assignments/46/rubric/ HTTP/1.1" 200 2805
[30/Jan/2026 21:18:15] "POST /token-refresh/ HTTP/1.1" 200 339
[30/Jan/2026 21:18:17] "POST /token-refresh/ HTTP/1.1" 200 339
[30/Jan/2026 21:18:17] "GET /assignments/46/rubric/ HTTP/1.1" 200 2805
[30/Jan/2026 21:18:32] "GET /assignments/46/rubric/ HTTP/1.1" 200 2805
[30/Jan/2026 21:18:47] "GET /assignments/46/rubric/ HTTP/1.1" 200 2805
[30/Jan/2026 21:19:02] "POST /token-refresh/ HTTP/1.1" 200 339
[30/Jan/2026 21:19:02] "GET /assignments/46/rubric/ HTTP/1.1" 200 2805
[30/Jan/2026 21:19:17] "GET /assignments/46/rubric/ HTTP/1.1" 200 2805
[30/Jan/2026 21:19:33] "GET /assignments/46/rubric/ HTTP/1.1" 200 2805
[30/Jan/2026 21:19:48] "GET /assignments/46/rubric/ HTTP/1.1" 200 2805
[30/Jan/2026 21:19:59] "POST /token-refresh/ HTTP/1.1" 200 339
[30/Jan/2026 21:20:03] "GET /assignments/46/rubric/ HTTP/1.1" 200 2805
[30/Jan/2026 21:20:18] "GET /assignments/46/rubric/ HTTP/1.1" 200 2805
[30/Jan/2026 21:20:33] "GET /assignments/46/rubric/ HTTP/1.1" 200 2805
[30/Jan/2026 21:20:48] "GET /assignments/46/rubric/ HTTP/1.1" 200 2805
[30/Jan/2026 21:21:03] "GET /assignments/46/rubric/ HTTP/1.1" 200 2805
[30/Jan/2026 21:21:18] "GET /assignments/46/rubric/ HTTP/1.1" 200 2805
[30/Jan/2026 21:21:34] "GET /assignments/46/rubric/ HTTP/1.1" 200 2805
[30/Jan/2026 21:21:49] "GET /assignments/46/rubric/ HTTP/1.1" 200 2805
[30/Jan/2026 21:22:04] "GET /assignments/46/rubric/ HTTP/1.1" 200 2805
[30/Jan/2026 21:22:19] "GET /assignments/46/rubric/ HTTP/1.1" 200 2805
[30/Jan/2026 21:22:34] "GET /assignments/46/rubric/ HTTP/1.1" 200 2805
[30/Jan/2026 21:22:49] "GET /assignments/46/rubric/ HTTP/1.1" 200 2805
[30/Jan/2026 21:22:54] "POST /token-refresh/ HTTP/1.1" 200 339
[30/Jan/2026 21:23:05] "GET /assignments/46/rubric/ HTTP/1.1" 200 2805
[30/Jan/2026 21:23:14] "POST /token-refresh/ HTTP/1.1" 200 339
[30/Jan/2026 21:23:16] "POST /token-refresh/ HTTP/1.1" 200 339
[30/Jan/2026 21:23:20] "GET /assignments/46/rubric/ HTTP/1.1" 200 2805
[30/Jan/2026 21:23:35] "GET /assignments/46/rubric/ HTTP/1.1" 200 2805
[30/Jan/2026 21:23:50] "GET /assignments/46/rubric/ HTTP/1.1" 200 2805
[30/Jan/2026 21:24:01] "POST /token-refresh/ HTTP/1.1" 200 339
[30/Jan/2026 21:24:05] "GET /assignments/46/rubric/ HTTP/1.1" 200 2805
[30/Jan/2026 21:24:20] "GET /assignments/46/rubric/ HTTP/1.1" 200 2805
[30/Jan/2026 21:24:35] "GET /assignments/46/rubric/ HTTP/1.1" 200 2805
[30/Jan/2026 21:24:50] "GET /assignments/46/rubric/ HTTP/1.1" 200 2805
[30/Jan/2026 21:24:58] "POST /token-refresh/ HTTP/1.1" 200 339
[30/Jan/2026 21:25:05] "GET /assignments/46/rubric/ HTTP/1.1" 200 2805
[30/Jan/2026 21:25:20] "GET /assignments/46/rubric/ HTTP/1.1" 200 2805
[30/Jan/2026 21:25:35] "GET /assignments/46/rubric/ HTTP/1.1" 200 2805
[30/Jan/2026 21:25:50] "GET /assignments/46/rubric/ HTTP/1.1" 200 2805
[30/Jan/2026 21:26:06] "GET /assignments/46/rubric/ HTTP/1.1" 200 2805
[30/Jan/2026 21:26:21] "GET /assignments/46/rubric/ HTTP/1.1" 200 2805
[30/Jan/2026 21:26:36] "GET /assignments/46/rubric/ HTTP/1.1" 200 2805
[30/Jan/2026 21:26:51] "GET /assignments/46/rubric/ HTTP/1.1" 200 2805
[30/Jan/2026 21:27:06] "GET /assignments/46/rubric/ HTTP/1.1" 200 2805
[30/Jan/2026 21:27:21] "GET /assignments/46/rubric/ HTTP/1.1" 200 2805
[30/Jan/2026 21:27:36] "GET /assignments/46/rubric/ HTTP/1.1" 200 2805
[30/Jan/2026 21:27:51] "GET /assignments/46/rubric/ HTTP/1.1" 200 2805
[30/Jan/2026 21:27:53] "POST /token-refresh/ HTTP/1.1" 200 339
[30/Jan/2026 21:28:06] "GET /assignments/46/rubric/ HTTP/1.1" 200 2805
[30/Jan/2026 21:28:13] "POST /token-refresh/ HTTP/1.1" 200 339
[30/Jan/2026 21:28:15] "POST /token-refresh/ HTTP/1.1" 200 339
[30/Jan/2026 21:28:21] "GET /assignments/46/rubric/ HTTP/1.1" 200 2805
[30/Jan/2026 21:28:36] "GET /assignments/46/rubric/ HTTP/1.1" 200 2805
[30/Jan/2026 21:28:52] "GET /assignments/46/rubric/ HTTP/1.1" 200 2805
[30/Jan/2026 21:29:00] "POST /token-refresh/ HTTP/1.1" 200 339
[30/Jan/2026 21:29:07] "GET /assignments/46/rubric/ HTTP/1.1" 200 2805
[30/Jan/2026 21:29:22] "GET /assignments/46/rubric/ HTTP/1.1" 200 2805
[30/Jan/2026 21:29:37] "GET /assignments/46/rubric/ HTTP/1.1" 200 2805
[30/Jan/2026 21:29:52] "GET /assignments/46/rubric/ HTTP/1.1" 200 2805
[30/Jan/2026 21:29:57] "POST /token-refresh/ HTTP/1.1" 200 339
[30/Jan/2026 21:30:07] "GET /assignments/46/rubric/ HTTP/1.1" 200 2805
[30/Jan/2026 21:30:23] "GET /assignments/46/rubric/ HTTP/1.1" 200 2805
[30/Jan/2026 21:30:38] "GET /assignments/46/rubric/ HTTP/1.1" 200 2805
[30/Jan/2026 21:30:53] "GET /assignments/46/rubric/ HTTP/1.1" 200 2805
[30/Jan/2026 21:31:08] "GET /assignments/46/rubric/ HTTP/1.1" 200 2805
[30/Jan/2026 21:31:23] "GET /assignments/46/rubric/ HTTP/1.1" 200 2805
[30/Jan/2026 21:31:38] "GET /assignments/46/rubric/ HTTP/1.1" 200 2805
[30/Jan/2026 21:31:54] "GET /assignments/46/rubric/ HTTP/1.1" 200 2805
[30/Jan/2026 21:32:09] "GET /assignments/46/rubric/ HTTP/1.1" 200 2805
[30/Jan/2026 21:32:24] "GET /assignments/46/rubric/ HTTP/1.1" 200 2805
[30/Jan/2026 21:32:39] "GET /assignments/46/rubric/ HTTP/1.1" 200 2805
[30/Jan/2026 21:32:52] "POST /token-refresh/ HTTP/1.1" 200 339
[30/Jan/2026 21:32:54] "GET /assignments/46/rubric/ HTTP/1.1" 200 2805
[30/Jan/2026 21:33:09] "GET /assignments/46/rubric/ HTTP/1.1" 200 2805
[30/Jan/2026 21:33:12] "POST /token-refresh/ HTTP/1.1" 200 339
[30/Jan/2026 21:33:14] "POST /token-refresh/ HTTP/1.1" 200 339
[30/Jan/2026 21:33:24] "GET /assignments/46/rubric/ HTTP/1.1" 200 2805
[30/Jan/2026 21:33:39] "GET /assignments/46/rubric/ HTTP/1.1" 200 2805
[30/Jan/2026 21:33:55] "GET /assignments/46/rubric/ HTTP/1.1" 200 2805
[30/Jan/2026 21:33:59] "POST /token-refresh/ HTTP/1.1" 200 339
[30/Jan/2026 21:34:10] "GET /assignments/46/rubric/ HTTP/1.1" 200 2805
[30/Jan/2026 21:34:25] "GET /assignments/46/rubric/ HTTP/1.1" 200 2805
[30/Jan/2026 21:34:40] "GET /assignments/46/rubric/ HTTP/1.1" 200 2805
[30/Jan/2026 21:34:55] "GET /assignments/46/rubric/ HTTP/1.1" 200 2805
[30/Jan/2026 21:34:56] "POST /token-refresh/ HTTP/1.1" 200 339
[30/Jan/2026 21:35:10] "GET /assignments/46/rubric/ HTTP/1.1" 200 2805
[30/Jan/2026 21:35:25] "GET /assignments/46/rubric/ HTTP/1.1" 200 2805
[30/Jan/2026 21:35:40] "GET /assignments/46/rubric/ HTTP/1.1" 200 2805
[30/Jan/2026 21:35:56] "GET /assignments/46/rubric/ HTTP/1.1" 200 2805
[30/Jan/2026 21:36:11] "GET /assignments/46/rubric/ HTTP/1.1" 200 2805
[30/Jan/2026 21:36:26] "GET /assignments/46/rubric/ HTTP/1.1" 200 2805
[30/Jan/2026 21:36:41] "GET /assignments/46/rubric/ HTTP/1.1" 200 2805
[30/Jan/2026 21:36:56] "GET /assignments/46/rubric/ HTTP/1.1" 200 2805
[30/Jan/2026 21:37:11] "GET /assignments/46/rubric/ HTTP/1.1" 200 2805
[30/Jan/2026 21:37:26] "GET /assignments/46/rubric/ HTTP/1.1" 200 2805
[30/Jan/2026 21:37:41] "GET /assignments/46/rubric/ HTTP/1.1" 200 2805
[30/Jan/2026 21:37:51] "POST /token-refresh/ HTTP/1.1" 200 339
[30/Jan/2026 21:37:57] "GET /assignments/46/rubric/ HTTP/1.1" 200 2805
[30/Jan/2026 21:38:11] "POST /token-refresh/ HTTP/1.1" 200 339
[30/Jan/2026 21:38:12] "GET /assignments/46/rubric/ HTTP/1.1" 200 2805
[30/Jan/2026 21:38:13] "POST /token-refresh/ HTTP/1.1" 200 339
[30/Jan/2026 21:38:27] "GET /assignments/46/rubric/ HTTP/1.1" 200 2805
[30/Jan/2026 21:38:42] "GET /assignments/46/rubric/ HTTP/1.1" 200 2805
[30/Jan/2026 21:38:57] "GET /assignments/46/rubric/ HTTP/1.1" 200 2805
[30/Jan/2026 21:38:58] "POST /token-refresh/ HTTP/1.1" 200 339
[30/Jan/2026 21:39:12] "GET /assignments/46/rubric/ HTTP/1.1" 200 2805
[30/Jan/2026 21:39:28] "GET /assignments/46/rubric/ HTTP/1.1" 200 2805
[30/Jan/2026 21:39:43] "GET /assignments/46/rubric/ HTTP/1.1" 200 2805
[30/Jan/2026 21:39:55] "POST /token-refresh/ HTTP/1.1" 200 339
[30/Jan/2026 21:39:58] "GET /assignments/46/rubric/ HTTP/1.1" 200 2805
[30/Jan/2026 21:40:13] "GET /assignments/46/rubric/ HTTP/1.1" 200 2805
================================================================================
CodePost Configuration:
CodePost API running on http://localhost:8000
CodePost Client running on http://localhost:3000
CodePost API running in debug mode
CodePost API Admins are LCSR Codepost Team <mk1800@rutgers.edu>
================================================================================
Celery Configuration:
  Broker URL: redis://localhost:6379
  Default Queue: prod-celery
  Result Backend: django-db
  Autograder Auto Execute: True
================================================================================
Database Configuration:
  Database Engine: django.db.backends.sqlite3
  Database Name: /staff/users/mk1800/Development/codePost-api/db.sqlite3
  Database Host: N/A
  Database Port: N/A
  Database User: N/A
================================================================================
EMAIL Configuration:
  EMAIL_HOST: mx.farside.rutgers.edu
  EMAIL_PORT: 25
  TLS: True SSL: False
  DEFAULT_EMAIL_FROM: codepost@cs.rutgers.edu
================================================================================
================================================================================
API Documentation info:
API Documentation URL: http://localhost:8000/api/schema/
API Documentation YAML: http://localhost:8000/api/schema/yaml/
================================================================================

Django settings loaded successfully.


 ██████╗ ██████╗ ██████╗ ███████╗██████╗  ██████╗ ███████╗████████╗
██╔════╝██╔═══██╗██╔══██╗██╔════╝██╔══██╗██╔═══██╗██╔════╝╚══██╔══╝
██║     ██║   ██║██║  ██║█████╗  ██████╔╝██║   ██║███████╗   ██║   
██║     ██║   ██║██║  ██║██╔══╝  ██╔═══╝ ██║   ██║╚════██║   ██║   
╚██████╗╚██████╔╝██████╔╝███████╗██║     ╚██████╔╝███████║   ██║   
 ╚═════╝ ╚═════╝ ╚═════╝ ╚══════╝╚═╝      ╚═════╝ ╚══════╝   ╚═╝   

Welcome to CodePost!      
      
================================================================================
Performing system checks...

System check identified no issues (0 silenced).
January 30, 2026 - 20:58:54
Django version 5.2.4, using settings 'codepost.settings'
Starting development server at http://127.0.0.1:8000/
Quit the server with CONTROL-C.

WARNING: This is a development server. Do not use it in a production setting. Use a production WSGI or ASGI server instead.
For more information on production servers see: https://docs.djangoproject.com/en/5.2/howto/deployment/
================================================================================
CodePost Configuration:
CodePost API running on http://localhost:8000
CodePost Client running on http://localhost:3000
CodePost API running in debug mode
CodePost API Admins are LCSR Codepost Team <mk1800@rutgers.edu>
================================================================================
Celery Configuration:
  Broker URL: redis://localhost:6379
  Default Queue: prod-celery
  Result Backend: django-db
  Autograder Auto Execute: True
================================================================================
Database Configuration:
  Database Engine: django.db.backends.sqlite3
  Database Name: /staff/users/mk1800/Development/codePost-api/db.sqlite3
  Database Host: N/A
  Database Port: N/A
  Database User: N/A
================================================================================
EMAIL Configuration:
  EMAIL_HOST: mx.farside.rutgers.edu
  EMAIL_PORT: 25
  TLS: True SSL: False
  DEFAULT_EMAIL_FROM: codepost@cs.rutgers.edu
================================================================================
================================================================================
API Documentation info:
API Documentation URL: http://localhost:8000/api/schema/
API Documentation YAML: http://localhost:8000/api/schema/yaml/
================================================================================

Django settings loaded successfully.


 ██████╗ ██████╗ ██████╗ ███████╗██████╗  ██████╗ ███████╗████████╗
██╔════╝██╔═══██╗██╔══██╗██╔════╝██╔══██╗██╔═══██╗██╔════╝╚══██╔══╝
██║     ██║   ██║██║  ██║█████╗  ██████╔╝██║   ██║███████╗   ██║   
██║     ██║   ██║██║  ██║██╔══╝  ██╔═══╝ ██║   ██║╚════██║   ██║   
╚██████╗╚██████╔╝██████╔╝███████╗██║     ╚██████╔╝███████║   ██║   
 ╚═════╝ ╚═════╝ ╚═════╝ ╚══════╝╚═╝      ╚═════╝ ╚══════╝   ╚═╝   

Welcome to CodePost!      
      
================================================================================
